date,cc,state,announced,mediator_nego,enforcement,state_prev,mediator_prev,enf_prev,resilience_index
1994-01-01,70,0,1,0.0,0.0,,,,1
1994-02-01,70,0,0,0.0,0.0,0.0,0.0,0.0,2
1994-03-01,70,0,0,0.0,0.0,0.0,0.0,0.0,3
1994-04-01,70,0,0,0.0,0.0,0.0,0.0,0.0,4
1994-05-01,70,0,0,0.0,0.0,0.0,0.0,0.0,5
1994-06-01,70,0,0,0.0,0.0,0.0,0.0,0.0,6
1994-07-01,70,0,0,0.0,0.0,0.0,0.0,0.0,7
1994-08-01,70,0,0,0.0,0.0,0.0,0.0,0.0,8
1994-09-01,70,0,0,0.0,0.0,0.0,0.0,0.0,9
1994-10-01,70,0,0,0.0,0.0,0.0,0.0,0.0,10
1994-11-01,70,0,0,0.0,0.0,0.0,0.0,0.0,11
1994-12-01,70,0,1,0.0,0.0,0.0,0.0,0.0,12
1995-01-01,70,0,1,0.0,0.0,0.0,0.0,0.0,13
1995-02-01,70,0,0,0.0,0.0,0.0,0.0,0.0,14
1995-03-01,70,1,0,0.0,0.0,0.0,0.0,0.0,0
1995-04-01,70,1,0,0.0,0.0,1.0,0.0,0.0,0
1995-05-01,70,1,0,0.0,0.0,1.0,0.0,0.0,0
1995-06-01,70,1,0,0.0,0.0,1.0,0.0,0.0,0
1995-07-01,70,1,0,0.0,0.0,1.0,0.0,0.0,0
1995-08-01,70,1,0,0.0,0.0,1.0,0.0,0.0,0
1995-09-01,70,1,0,0.0,0.0,1.0,0.0,0.0,0
1995-10-01,70,1,0,0.0,0.0,1.0,0.0,0.0,0
1995-11-01,70,1,0,0.0,0.0,1.0,0.0,0.0,0
1995-12-01,70,1,0,0.0,0.0,1.0,0.0,0.0,0
1996-01-01,70,1,0,0.0,0.0,1.0,0.0,0.0,0
1996-02-01,70,1,0,0.0,0.0,1.0,0.0,0.0,0
1996-03-01,70,1,0,0.0,0.0,1.0,0.0,0.0,0
1996-04-01,70,1,0,0.0,0.0,1.0,0.0,0.0,0
1996-05-01,70,1,0,0.0,0.0,1.0,0.0,0.0,0
1996-06-01,70,1,0,0.0,0.0,1.0,0.0,0.0,0
1996-07-01,70,1,0,0.0,0.0,1.0,0.0,0.0,0
1996-08-01,70,1,0,0.0,0.0,1.0,0.0,0.0,0
1996-09-01,70,0,1,0.0,0.0,1.0,0.0,0.0,1
1996-10-01,70,0,0,0.0,0.0,0.0,0.0,0.0,2
1996-11-01,70,0,1,0.0,0.0,0.0,0.0,0.0,3
1996-12-01,70,1,0,0.0,0.0,0.0,0.0,0.0,0
1997-01-01,70,1,0,0.0,0.0,1.0,0.0,0.0,0
1997-02-01,70,1,0,0.0,0.0,1.0,0.0,0.0,0
1997-03-01,70,1,0,0.0,0.0,1.0,0.0,0.0,0
1997-04-01,70,1,0,0.0,0.0,1.0,0.0,0.0,0
1997-05-01,70,1,0,0.0,0.0,1.0,0.0,0.0,0
1997-06-01,70,0,1,0.0,0.0,1.0,0.0,0.0,1
1997-07-01,70,0,0,0.0,0.0,0.0,0.0,0.0,2
1995-11-01,90,0,0,0.0,0.0,,,,1
1995-12-01,90,0,1,0.0,0.0,0.0,0.0,0.0,2
1996-01-01,90,0,0,0.0,0.0,0.0,0.0,0.0,3
1996-02-01,90,0,1,0.0,0.0,0.0,0.0,0.0,4
1996-03-01,90,0,1,0.0,0.0,0.0,0.0,0.0,5
1996-04-01,90,0,0,0.0,0.0,0.0,0.0,0.0,6
1996-05-01,90,0,0,0.0,0.0,0.0,0.0,0.0,7
1996-06-01,90,0,0,0.0,0.0,0.0,0.0,0.0,8
1996-07-01,90,0,0,0.0,0.0,0.0,0.0,0.0,9
1996-08-01,90,0,0,0.0,0.0,0.0,0.0,0.0,10
1996-09-01,90,0,0,0.0,0.0,0.0,0.0,0.0,11
1996-10-01,90,0,0,0.0,0.0,0.0,0.0,0.0,12
1996-11-01,90,0,0,0.0,0.0,0.0,0.0,0.0,13
1996-12-01,90,0,0,0.0,0.0,0.0,0.0,0.0,14
1989-02-01,92,0,1,0.0,0.0,,,,1
1989-03-01,92,1,0,0.0,0.0,0.0,0.0,0.0,0
1989-04-01,92,1,0,0.0,0.0,1.0,0.0,0.0,0
1989-05-01,92,1,0,0.0,0.0,1.0,0.0,0.0,0
1989-06-01,92,1,0,0.0,0.0,1.0,0.0,0.0,0
1989-07-01,92,1,0,0.0,0.0,1.0,0.0,0.0,0
1989-08-01,92,1,0,0.0,0.0,1.0,0.0,0.0,0
1989-09-01,92,0,1,0.0,0.0,1.0,0.0,0.0,1
1989-10-01,92,1,0,0.0,0.0,0.0,0.0,0.0,0
1989-11-01,92,0,1,1.0,0.0,1.0,0.0,0.0,1
1989-12-01,92,0,1,0.0,0.0,0.0,1.0,0.0,2
1990-01-01,92,0,0,0.0,0.0,0.0,0.0,0.0,3
1990-02-01,92,0,1,0.0,0.0,0.0,0.0,0.0,4
1990-03-01,92,1,0,0.0,0.0,0.0,0.0,0.0,0
1990-04-01,92,0,1,0.0,0.0,1.0,0.0,0.0,1
1990-05-01,92,1,0,0.0,0.0,0.0,0.0,0.0,0
1990-06-01,92,1,0,0.0,0.0,1.0,0.0,0.0,0
1990-07-01,92,1,0,0.0,0.0,1.0,0.0,0.0,0
1990-08-01,92,1,0,0.0,0.0,1.0,0.0,0.0,0
1990-09-01,92,1,0,0.0,0.0,1.0,0.0,0.0,0
1990-10-01,92,1,0,0.0,0.0,1.0,0.0,0.0,0
1990-11-01,92,1,0,0.0,0.0,1.0,0.0,0.0,0
1990-12-01,92,1,0,0.0,0.0,1.0,0.0,0.0,0
1991-01-01,92,1,0,0.0,0.0,1.0,0.0,0.0,0
1991-02-01,92,1,0,0.0,0.0,1.0,0.0,0.0,0
1991-03-01,92,0,1,0.0,0.0,1.0,0.0,0.0,1
1991-04-01,92,1,0,0.0,0.0,0.0,0.0,0.0,0
1991-05-01,92,1,0,0.0,0.0,1.0,0.0,0.0,0
1991-06-01,92,1,0,0.0,0.0,1.0,0.0,0.0,0
1991-07-01,92,0,1,0.0,0.0,1.0,0.0,0.0,1
1991-08-01,92,1,0,0.0,0.0,0.0,0.0,0.0,0
1991-09-01,92,0,1,0.0,0.0,1.0,0.0,0.0,1
1991-10-01,92,1,0,0.0,0.0,0.0,0.0,0.0,0
1991-11-01,92,1,0,0.0,0.0,1.0,0.0,0.0,0
1991-12-01,92,1,0,0.0,0.0,1.0,0.0,0.0,0
1992-01-01,92,1,1,0.0,0.0,1.0,0.0,0.0,0
1992-02-01,92,0,0,1.0,2.0,1.0,0.0,0.0,1
1992-03-01,92,0,0,1.0,2.0,0.0,1.0,2.0,2
1992-04-01,92,0,0,1.0,2.0,0.0,1.0,2.0,3
1992-05-01,92,0,0,1.0,2.0,0.0,1.0,2.0,4
1992-06-01,92,0,0,1.0,2.0,0.0,1.0,2.0,5
1992-07-01,92,0,0,1.0,2.0,0.0,1.0,2.0,6
1992-08-01,92,0,0,1.0,2.0,0.0,1.0,2.0,7
1992-09-01,92,0,0,1.0,2.0,0.0,1.0,2.0,8
1992-10-01,92,0,0,1.0,2.0,0.0,1.0,2.0,9
1992-11-01,92,0,0,1.0,2.0,0.0,1.0,2.0,10
1992-12-01,92,0,0,1.0,2.0,0.0,1.0,2.0,11
1989-02-01,93,0,0,0.0,0.0,,,,1
1989-03-01,93,0,1,0.0,0.0,0.0,0.0,0.0,2
1989-04-01,93,0,1,0.0,0.0,0.0,0.0,0.0,3
1989-05-01,93,0,0,0.0,0.0,0.0,0.0,0.0,4
1989-06-01,93,0,0,0.0,0.0,0.0,0.0,0.0,5
1989-07-01,93,0,0,0.0,0.0,0.0,0.0,0.0,6
1989-08-01,93,0,0,0.0,0.0,0.0,0.0,0.0,7
1989-09-01,93,0,1,0.0,0.0,0.0,0.0,0.0,8
1989-10-01,93,0,0,0.0,0.0,0.0,0.0,0.0,9
1989-11-01,93,0,0,0.0,0.0,0.0,0.0,0.0,10
1989-12-01,93,1,0,0.0,0.0,0.0,0.0,0.0,0
1990-01-01,93,1,0,0.0,0.0,1.0,0.0,0.0,0
1990-02-01,93,1,0,0.0,0.0,1.0,0.0,0.0,0
1990-03-01,93,1,0,0.0,0.0,1.0,0.0,0.0,0
1990-04-01,93,1,0,0.0,0.0,1.0,0.0,0.0,0
1990-05-01,93,1,0,0.0,0.0,1.0,0.0,0.0,0
1990-06-01,93,1,0,0.0,0.0,1.0,0.0,0.0,0
1990-07-01,93,1,0,0.0,0.0,1.0,0.0,0.0,0
1990-08-01,93,1,0,0.0,0.0,1.0,0.0,0.0,0
1990-09-01,93,1,0,0.0,0.0,1.0,0.0,0.0,0
1990-10-01,93,1,0,0.0,0.0,1.0,0.0,0.0,0
1990-11-01,93,1,0,0.0,0.0,1.0,0.0,0.0,0
1990-12-01,93,1,0,0.0,0.0,1.0,0.0,0.0,0
1991-01-01,93,1,0,0.0,0.0,1.0,0.0,0.0,0
1991-02-01,93,1,0,0.0,0.0,1.0,0.0,0.0,0
1991-03-01,93,1,0,0.0,0.0,1.0,0.0,0.0,0
1991-04-01,93,1,0,0.0,0.0,1.0,0.0,0.0,0
1991-05-01,93,1,0,0.0,0.0,1.0,0.0,0.0,0
1991-06-01,93,1,0,0.0,0.0,1.0,0.0,0.0,0
1991-07-01,93,1,0,0.0,0.0,1.0,0.0,0.0,0
1991-08-01,93,1,0,0.0,0.0,1.0,0.0,0.0,0
1991-09-01,93,1,0,0.0,0.0,1.0,0.0,0.0,0
1991-10-01,93,1,0,0.0,0.0,1.0,0.0,0.0,0
1991-11-01,93,1,0,0.0,0.0,1.0,0.0,0.0,0
1991-12-01,93,1,0,0.0,0.0,1.0,0.0,0.0,0
1992-01-01,93,1,0,0.0,0.0,1.0,0.0,0.0,0
1992-02-01,93,1,0,0.0,0.0,1.0,0.0,0.0,0
1992-03-01,93,1,0,0.0,0.0,1.0,0.0,0.0,0
1992-04-01,93,1,0,0.0,0.0,1.0,0.0,0.0,0
1992-05-01,93,1,0,0.0,0.0,1.0,0.0,0.0,0
1992-06-01,93,1,0,0.0,0.0,1.0,0.0,0.0,0
1992-07-01,93,1,0,0.0,0.0,1.0,0.0,0.0,0
1992-08-01,93,1,0,0.0,0.0,1.0,0.0,0.0,0
1992-09-01,93,1,0,0.0,0.0,1.0,0.0,0.0,0
1992-10-01,93,1,0,0.0,0.0,1.0,0.0,0.0,0
1992-11-01,93,1,0,0.0,0.0,1.0,0.0,0.0,0
1992-12-01,93,1,0,0.0,0.0,1.0,0.0,0.0,0
1993-01-01,93,1,0,0.0,0.0,1.0,0.0,0.0,0
1993-02-01,93,1,0,0.0,0.0,1.0,0.0,0.0,0
1993-03-01,93,1,0,0.0,0.0,1.0,0.0,0.0,0
1993-04-01,93,1,0,0.0,0.0,1.0,0.0,0.0,0
1993-05-01,93,1,0,0.0,0.0,1.0,0.0,0.0,0
1993-06-01,93,1,0,0.0,0.0,1.0,0.0,0.0,0
1993-07-01,93,1,0,0.0,0.0,1.0,0.0,0.0,0
1993-08-01,93,0,1,1.0,0.0,1.0,0.0,0.0,1
1993-09-01,93,0,0,1.0,0.0,0.0,1.0,0.0,2
1993-10-01,93,0,0,1.0,0.0,0.0,1.0,0.0,3
1993-11-01,93,1,0,0.0,0.0,0.0,1.0,0.0,0
1993-12-01,93,1,0,0.0,0.0,1.0,0.0,0.0,0
1994-01-01,93,1,0,0.0,0.0,1.0,0.0,0.0,0
1994-02-01,93,0,1,0.0,0.0,1.0,0.0,0.0,1
1994-03-01,93,0,0,0.0,0.0,0.0,0.0,0.0,2
1989-01-01,100,0,1,0.0,0.0,,,,1
1989-02-01,100,0,0,0.0,0.0,0.0,0.0,0.0,2
1989-03-01,100,1,0,0.0,0.0,0.0,0.0,0.0,0
1989-04-01,100,1,0,0.0,0.0,1.0,0.0,0.0,0
1989-05-01,100,1,0,0.0,0.0,1.0,0.0,0.0,0
1989-06-01,100,1,0,0.0,0.0,1.0,0.0,0.0,0
1989-07-01,100,1,0,0.0,0.0,1.0,0.0,0.0,0
1989-08-01,100,1,0,0.0,0.0,1.0,0.0,0.0,0
1989-09-01,100,1,0,0.0,0.0,1.0,0.0,0.0,0
1989-10-01,100,1,0,0.0,0.0,1.0,0.0,0.0,0
1989-11-01,100,1,0,0.0,0.0,1.0,0.0,0.0,0
1989-12-01,100,1,0,0.0,0.0,1.0,0.0,0.0,0
1990-01-01,100,1,0,0.0,0.0,1.0,0.0,0.0,0
1990-02-01,100,1,0,0.0,0.0,1.0,0.0,0.0,0
1990-03-01,100,1,0,0.0,0.0,1.0,0.0,0.0,0
1990-04-01,100,1,0,0.0,0.0,1.0,0.0,0.0,0
1990-05-01,100,1,1,0.0,0.0,1.0,0.0,0.0,0
1990-06-01,100,0,0,0.0,0.0,1.0,0.0,0.0,1
1990-07-01,100,0,0,0.0,0.0,0.0,0.0,0.0,2
1990-08-01,100,0,0,0.0,0.0,0.0,0.0,0.0,3
1990-09-01,100,0,0,0.0,0.0,0.0,0.0,0.0,4
1990-10-01,100,0,0,0.0,0.0,0.0,0.0,0.0,5
1990-11-01,100,0,0,0.0,0.0,0.0,0.0,0.0,6
1990-12-01,100,0,0,0.0,0.0,0.0,0.0,0.0,7
1991-01-01,100,0,0,0.0,0.0,0.0,0.0,0.0,8
1991-02-01,100,0,0,0.0,0.0,0.0,0.0,0.0,9
1991-03-01,100,1,0,0.0,0.0,0.0,0.0,0.0,0
1991-04-01,100,1,0,0.0,0.0,1.0,0.0,0.0,0
1991-05-01,100,1,0,0.0,0.0,1.0,0.0,0.0,0
1991-06-01,100,1,0,0.0,0.0,1.0,0.0,0.0,0
1991-07-01,100,1,0,0.0,0.0,1.0,0.0,0.0,0
1991-08-01,100,1,0,0.0,0.0,1.0,0.0,0.0,0
1991-09-01,100,1,0,0.0,0.0,1.0,0.0,0.0,0
1991-10-01,100,1,0,0.0,0.0,1.0,0.0,0.0,0
1991-11-01,100,1,0,0.0,0.0,1.0,0.0,0.0,0
1991-12-01,100,1,0,0.0,0.0,1.0,0.0,0.0,0
1992-01-01,100,1,0,0.0,0.0,1.0,0.0,0.0,0
1992-02-01,100,1,0,0.0,0.0,1.0,0.0,0.0,0
1992-03-01,100,1,0,0.0,0.0,1.0,0.0,0.0,0
1992-04-01,100,1,0,0.0,0.0,1.0,0.0,0.0,0
1992-05-01,100,1,0,0.0,0.0,1.0,0.0,0.0,0
1992-06-01,100,1,0,0.0,0.0,1.0,0.0,0.0,0
1992-07-01,100,1,0,0.0,0.0,1.0,0.0,0.0,0
1992-08-01,100,1,0,0.0,0.0,1.0,0.0,0.0,0
1992-09-01,100,1,0,0.0,0.0,1.0,0.0,0.0,0
1992-10-01,100,1,0,0.0,0.0,1.0,0.0,0.0,0
1992-11-01,100,1,0,0.0,0.0,1.0,0.0,0.0,0
1992-12-01,100,1,0,0.0,0.0,1.0,0.0,0.0,0
1993-01-01,100,1,0,0.0,0.0,1.0,0.0,0.0,0
1993-02-01,100,1,0,0.0,0.0,1.0,0.0,0.0,0
1993-03-01,100,1,0,0.0,0.0,1.0,0.0,0.0,0
1993-04-01,100,1,0,0.0,0.0,1.0,0.0,0.0,0
1993-05-01,100,1,0,0.0,0.0,1.0,0.0,0.0,0
1993-06-01,100,1,0,0.0,0.0,1.0,0.0,0.0,0
1993-07-01,100,1,0,0.0,0.0,1.0,0.0,0.0,0
1993-08-01,100,1,0,0.0,0.0,1.0,0.0,0.0,0
1993-09-01,100,1,0,0.0,0.0,1.0,0.0,0.0,0
1993-10-01,100,1,0,0.0,0.0,1.0,0.0,0.0,0
1993-11-01,100,1,0,0.0,0.0,1.0,0.0,0.0,0
1993-12-01,100,1,0,0.0,0.0,1.0,0.0,0.0,0
1994-01-01,100,1,0,0.0,0.0,1.0,0.0,0.0,0
1994-02-01,100,1,0,0.0,0.0,1.0,0.0,0.0,0
1994-03-01,100,1,0,0.0,0.0,1.0,0.0,0.0,0
1994-04-01,100,1,0,0.0,0.0,1.0,0.0,0.0,0
1994-05-01,100,1,0,0.0,0.0,1.0,0.0,0.0,0
1994-06-01,100,1,0,0.0,0.0,1.0,0.0,0.0,0
1994-07-01,100,1,0,0.0,0.0,1.0,0.0,0.0,0
1994-08-01,100,1,0,0.0,0.0,1.0,0.0,0.0,0
1994-09-01,100,1,0,0.0,0.0,1.0,0.0,0.0,0
1994-10-01,100,1,0,0.0,0.0,1.0,0.0,0.0,0
1994-11-01,100,1,0,0.0,0.0,1.0,0.0,0.0,0
1994-12-01,100,1,0,0.0,0.0,1.0,0.0,0.0,0
1995-01-01,100,1,0,0.0,0.0,1.0,0.0,0.0,0
1995-02-01,100,1,0,0.0,0.0,1.0,0.0,0.0,0
1995-03-01,100,1,0,0.0,0.0,1.0,0.0,0.0,0
1995-04-01,100,1,0,0.0,0.0,1.0,0.0,0.0,0
1995-05-01,100,1,0,0.0,0.0,1.0,0.0,0.0,0
1995-06-01,100,1,0,0.0,0.0,1.0,0.0,0.0,0
1995-07-01,100,1,0,0.0,0.0,1.0,0.0,0.0,0
1995-08-01,100,1,0,0.0,0.0,1.0,0.0,0.0,0
1995-09-01,100,1,0,0.0,0.0,1.0,0.0,0.0,0
1995-10-01,100,1,0,0.0,0.0,1.0,0.0,0.0,0
1995-11-01,100,1,0,0.0,0.0,1.0,0.0,0.0,0
1995-12-01,100,1,0,0.0,0.0,1.0,0.0,0.0,0
1996-01-01,100,1,0,0.0,0.0,1.0,0.0,0.0,0
1996-02-01,100,1,0,0.0,0.0,1.0,0.0,0.0,0
1996-03-01,100,1,0,0.0,0.0,1.0,0.0,0.0,0
1996-04-01,100,1,0,0.0,0.0,1.0,0.0,0.0,0
1996-05-01,100,1,0,0.0,0.0,1.0,0.0,0.0,0
1996-06-01,100,1,0,0.0,0.0,1.0,0.0,0.0,0
1996-07-01,100,1,0,0.0,0.0,1.0,0.0,0.0,0
1996-08-01,100,1,0,0.0,0.0,1.0,0.0,0.0,0
1996-09-01,100,1,0,0.0,0.0,1.0,0.0,0.0,0
1996-10-01,100,1,0,0.0,0.0,1.0,0.0,0.0,0
1996-11-01,100,1,0,0.0,0.0,1.0,0.0,0.0,0
1996-12-01,100,1,0,0.0,0.0,1.0,0.0,0.0,0
1997-01-01,100,1,0,0.0,0.0,1.0,0.0,0.0,0
1997-02-01,100,1,0,0.0,0.0,1.0,0.0,0.0,0
1997-03-01,100,1,0,0.0,0.0,1.0,0.0,0.0,0
1997-04-01,100,1,0,0.0,0.0,1.0,0.0,0.0,0
1997-05-01,100,1,0,0.0,0.0,1.0,0.0,0.0,0
1997-06-01,100,1,0,0.0,0.0,1.0,0.0,0.0,0
1997-07-01,100,1,0,0.0,0.0,1.0,0.0,0.0,0
1997-08-01,100,1,0,0.0,0.0,1.0,0.0,0.0,0
1997-09-01,100,1,0,0.0,0.0,1.0,0.0,0.0,0
1997-10-01,100,1,0,0.0,0.0,1.0,0.0,0.0,0
1997-11-01,100,1,0,0.0,0.0,1.0,0.0,0.0,0
1997-12-01,100,1,0,0.0,0.0,1.0,0.0,0.0,0
1998-01-01,100,1,0,0.0,0.0,1.0,0.0,0.0,0
1998-02-01,100,1,0,0.0,0.0,1.0,0.0,0.0,0
1998-03-01,100,1,0,0.0,0.0,1.0,0.0,0.0,0
1998-04-01,100,1,0,0.0,0.0,1.0,0.0,0.0,0
1998-05-01,100,1,0,0.0,0.0,1.0,0.0,0.0,0
1998-06-01,100,1,0,0.0,0.0,1.0,0.0,0.0,0
1998-07-01,100,1,0,0.0,0.0,1.0,0.0,0.0,0
1998-08-01,100,1,0,0.0,0.0,1.0,0.0,0.0,0
1998-09-01,100,1,0,0.0,0.0,1.0,0.0,0.0,0
1998-10-01,100,1,0,0.0,0.0,1.0,0.0,0.0,0
1998-11-01,100,1,0,0.0,0.0,1.0,0.0,0.0,0
1998-12-01,100,1,0,0.0,0.0,1.0,0.0,0.0,0
1999-01-01,100,1,0,0.0,0.0,1.0,0.0,0.0,0
1999-02-01,100,1,0,0.0,0.0,1.0,0.0,0.0,0
1999-03-01,100,1,0,0.0,0.0,1.0,0.0,0.0,0
1999-04-01,100,1,0,0.0,0.0,1.0,0.0,0.0,0
1999-05-01,100,1,0,0.0,0.0,1.0,0.0,0.0,0
1999-06-01,100,1,0,0.0,0.0,1.0,0.0,0.0,0
1999-07-01,100,1,0,0.0,0.0,1.0,0.0,0.0,0
1999-08-01,100,1,0,0.0,0.0,1.0,0.0,0.0,0
1999-09-01,100,1,0,0.0,0.0,1.0,0.0,0.0,0
1999-10-01,100,1,0,0.0,0.0,1.0,0.0,0.0,0
1999-11-01,100,1,0,0.0,0.0,1.0,0.0,0.0,0
1999-12-01,100,0,1,0.0,0.0,1.0,0.0,0.0,1
2000-01-01,100,0,0,0.0,0.0,0.0,0.0,0.0,2
2000-02-01,100,1,0,0.0,0.0,0.0,0.0,0.0,0
2000-03-01,100,1,0,0.0,0.0,1.0,0.0,0.0,0
2000-04-01,100,0,1,0.0,0.0,1.0,0.0,0.0,1
2000-05-01,100,1,0,0.0,0.0,0.0,0.0,0.0,0
2000-06-01,100,1,0,0.0,0.0,1.0,0.0,0.0,0
2000-07-01,100,1,0,0.0,0.0,1.0,0.0,0.0,0
2000-08-01,100,1,0,0.0,0.0,1.0,0.0,0.0,0
2000-09-01,100,1,0,0.0,0.0,1.0,0.0,0.0,0
2000-10-01,100,0,1,0.0,0.0,1.0,0.0,0.0,1
2000-11-01,100,0,0,0.0,0.0,0.0,0.0,0.0,2
2000-12-01,100,1,0,0.0,0.0,0.0,0.0,0.0,0
2001-01-01,100,1,0,0.0,0.0,1.0,0.0,0.0,0
2001-02-01,100,1,0,0.0,0.0,1.0,0.0,0.0,0
2001-03-01,100,1,0,0.0,0.0,1.0,0.0,0.0,0
2001-04-01,100,1,0,0.0,0.0,1.0,0.0,0.0,0
2001-05-01,100,0,1,0.0,0.0,1.0,0.0,0.0,1
2001-06-01,100,0,0,0.0,0.0,0.0,0.0,0.0,2
2001-07-01,100,0,0,0.0,0.0,0.0,0.0,0.0,3
2001-08-01,100,1,0,0.0,0.0,0.0,0.0,0.0,0
2001-09-01,100,1,0,0.0,0.0,1.0,0.0,0.0,0
2001-10-01,100,1,0,0.0,0.0,1.0,0.0,0.0,0
2001-11-01,100,1,0,0.0,0.0,1.0,0.0,0.0,0
2001-12-01,100,0,1,0.0,0.0,1.0,0.0,0.0,1
2002-01-01,100,0,0,0.0,0.0,0.0,0.0,0.0,2
2002-02-01,100,1,0,0.0,0.0,0.0,0.0,0.0,0
2002-03-01,100,1,0,0.0,0.0,1.0,0.0,0.0,0
2002-04-01,100,1,0,0.0,0.0,1.0,0.0,0.0,0
2002-05-01,100,1,0,0.0,0.0,1.0,0.0,0.0,0
2002-06-01,100,1,0,0.0,0.0,1.0,0.0,0.0,0
2002-07-01,100,1,0,0.0,0.0,1.0,0.0,0.0,0
2002-08-01,100,1,0,0.0,0.0,1.0,0.0,0.0,0
2002-09-01,100,1,0,0.0,0.0,1.0,0.0,0.0,0
2002-10-01,100,1,0,0.0,0.0,1.0,0.0,0.0,0
2002-11-01,100,1,1,0.0,0.0,1.0,0.0,0.0,0
2002-12-01,100,0,0,1.0,0.0,1.0,0.0,0.0,1
2003-01-01,100,0,0,1.0,0.0,0.0,1.0,0.0,2
2003-02-01,100,0,0,1.0,0.0,0.0,1.0,0.0,3
2003-03-01,100,0,0,1.0,0.0,0.0,1.0,0.0,4
2003-04-01,100,0,0,1.0,0.0,0.0,1.0,0.0,5
2003-05-01,100,0,0,1.0,0.0,0.0,1.0,0.0,6
2003-06-01,100,0,0,1.0,0.0,0.0,1.0,0.0,7
2003-07-01,100,0,0,1.0,0.0,0.0,1.0,0.0,8
2003-08-01,100,1,0,0.0,0.0,0.0,1.0,0.0,0
2003-09-01,100,1,0,0.0,0.0,1.0,0.0,0.0,0
2003-10-01,100,1,0,0.0,0.0,1.0,0.0,0.0,0
2003-11-01,100,1,0,0.0,0.0,1.0,0.0,0.0,0
2003-12-01,100,1,0,0.0,0.0,1.0,0.0,0.0,0
2004-01-01,100,1,0,0.0,0.0,1.0,0.0,0.0,0
2004-02-01,100,1,0,0.0,0.0,1.0,0.0,0.0,0
2004-03-01,100,1,0,0.0,0.0,1.0,0.0,0.0,0
2004-04-01,100,1,0,0.0,0.0,1.0,0.0,0.0,0
2004-05-01,100,1,0,0.0,0.0,1.0,0.0,0.0,0
2004-06-01,100,1,0,0.0,0.0,1.0,0.0,0.0,0
2004-07-01,100,1,0,0.0,0.0,1.0,0.0,0.0,0
2004-08-01,100,1,0,0.0,0.0,1.0,0.0,0.0,0
2004-09-01,100,1,0,0.0,0.0,1.0,0.0,0.0,0
2004-10-01,100,1,0,0.0,0.0,1.0,0.0,0.0,0
2004-11-01,100,1,0,0.0,0.0,1.0,0.0,0.0,0
2004-12-01,100,1,0,0.0,0.0,1.0,0.0,0.0,0
2005-01-01,100,1,0,0.0,0.0,1.0,0.0,0.0,0
2005-02-01,100,1,0,0.0,0.0,1.0,0.0,0.0,0
2005-03-01,100,1,0,0.0,0.0,1.0,0.0,0.0,0
2005-04-01,100,1,0,0.0,0.0,1.0,0.0,0.0,0
2005-05-01,100,1,0,0.0,0.0,1.0,0.0,0.0,0
2005-06-01,100,1,0,0.0,0.0,1.0,0.0,0.0,0
2005-07-01,100,1,0,0.0,0.0,1.0,0.0,0.0,0
2005-08-01,100,1,0,0.0,0.0,1.0,0.0,0.0,0
2005-09-01,100,1,0,0.0,0.0,1.0,0.0,0.0,0
2005-10-01,100,1,0,0.0,0.0,1.0,0.0,0.0,0
2005-11-01,100,1,0,0.0,0.0,1.0,0.0,0.0,0
2005-12-01,100,1,0,0.0,0.0,1.0,0.0,0.0,0
2006-01-01,100,1,0,0.0,0.0,1.0,0.0,0.0,0
2006-02-01,100,1,0,0.0,0.0,1.0,0.0,0.0,0
2006-03-01,100,1,0,0.0,0.0,1.0,0.0,0.0,0
2006-04-01,100,1,0,0.0,0.0,1.0,0.0,0.0,0
2006-05-01,100,1,0,0.0,0.0,1.0,0.0,0.0,0
2006-06-01,100,1,0,0.0,0.0,1.0,0.0,0.0,0
2006-07-01,100,1,0,0.0,0.0,1.0,0.0,0.0,0
2006-08-01,100,1,0,0.0,0.0,1.0,0.0,0.0,0
2006-09-01,100,1,0,0.0,0.0,1.0,0.0,0.0,0
2006-10-01,100,1,0,0.0,0.0,1.0,0.0,0.0,0
2006-11-01,100,1,0,0.0,0.0,1.0,0.0,0.0,0
2006-12-01,100,1,0,0.0,0.0,1.0,0.0,0.0,0
2007-01-01,100,1,0,0.0,0.0,1.0,0.0,0.0,0
2007-02-01,100,1,0,0.0,0.0,1.0,0.0,0.0,0
2007-03-01,100,1,0,0.0,0.0,1.0,0.0,0.0,0
2007-04-01,100,1,0,0.0,0.0,1.0,0.0,0.0,0
2007-05-01,100,1,0,0.0,0.0,1.0,0.0,0.0,0
2007-06-01,100,1,0,0.0,0.0,1.0,0.0,0.0,0
2007-07-01,100,1,0,0.0,0.0,1.0,0.0,0.0,0
2007-08-01,100,1,0,0.0,0.0,1.0,0.0,0.0,0
2007-09-01,100,1,0,0.0,0.0,1.0,0.0,0.0,0
2007-10-01,100,1,0,0.0,0.0,1.0,0.0,0.0,0
2007-11-01,100,1,0,0.0,0.0,1.0,0.0,0.0,0
2007-12-01,100,1,0,0.0,0.0,1.0,0.0,0.0,0
2008-01-01,100,1,0,0.0,0.0,1.0,0.0,0.0,0
2008-02-01,100,1,0,0.0,0.0,1.0,0.0,0.0,0
2008-03-01,100,1,0,0.0,0.0,1.0,0.0,0.0,0
2008-04-01,100,1,0,0.0,0.0,1.0,0.0,0.0,0
2008-05-01,100,1,0,0.0,0.0,1.0,0.0,0.0,0
2008-06-01,100,1,0,0.0,0.0,1.0,0.0,0.0,0
2008-07-01,100,1,0,0.0,0.0,1.0,0.0,0.0,0
2008-08-01,100,1,0,0.0,0.0,1.0,0.0,0.0,0
2008-09-01,100,1,0,0.0,0.0,1.0,0.0,0.0,0
2008-10-01,100,1,0,0.0,0.0,1.0,0.0,0.0,0
2008-11-01,100,1,0,0.0,0.0,1.0,0.0,0.0,0
2008-12-01,100,1,0,0.0,0.0,1.0,0.0,0.0,0
2009-01-01,100,1,0,0.0,0.0,1.0,0.0,0.0,0
2009-02-01,100,1,0,0.0,0.0,1.0,0.0,0.0,0
2009-03-01,100,1,0,0.0,0.0,1.0,0.0,0.0,0
2009-04-01,100,1,0,0.0,0.0,1.0,0.0,0.0,0
2009-05-01,100,1,0,0.0,0.0,1.0,0.0,0.0,0
2009-06-01,100,1,0,0.0,0.0,1.0,0.0,0.0,0
2009-07-01,100,1,0,0.0,0.0,1.0,0.0,0.0,0
2009-08-01,100,1,0,0.0,0.0,1.0,0.0,0.0,0
2009-09-01,100,1,0,0.0,0.0,1.0,0.0,0.0,0
2009-10-01,100,1,0,0.0,0.0,1.0,0.0,0.0,0
2009-11-01,100,1,0,0.0,0.0,1.0,0.0,0.0,0
2009-12-01,100,1,0,0.0,0.0,1.0,0.0,0.0,0
2010-01-01,100,1,0,0.0,0.0,1.0,0.0,0.0,0
2010-02-01,100,1,0,0.0,0.0,1.0,0.0,0.0,0
2010-03-01,100,1,0,0.0,0.0,1.0,0.0,0.0,0
2010-04-01,100,1,0,0.0,0.0,1.0,0.0,0.0,0
2010-05-01,100,1,0,0.0,0.0,1.0,0.0,0.0,0
2010-06-01,100,1,0,0.0,0.0,1.0,0.0,0.0,0
2010-07-01,100,1,0,0.0,0.0,1.0,0.0,0.0,0
2010-08-01,100,1,0,0.0,0.0,1.0,0.0,0.0,0
2010-09-01,100,1,0,0.0,0.0,1.0,0.0,0.0,0
2010-10-01,100,1,0,0.0,0.0,1.0,0.0,0.0,0
2010-11-01,100,1,0,0.0,0.0,1.0,0.0,0.0,0
2010-12-01,100,1,0,0.0,0.0,1.0,0.0,0.0,0
2011-01-01,100,1,0,0.0,0.0,1.0,0.0,0.0,0
2011-02-01,100,1,0,0.0,0.0,1.0,0.0,0.0,0
2011-03-01,100,1,0,0.0,0.0,1.0,0.0,0.0,0
2011-04-01,100,1,0,0.0,0.0,1.0,0.0,0.0,0
2011-05-01,100,1,0,0.0,0.0,1.0,0.0,0.0,0
2011-06-01,100,1,0,0.0,0.0,1.0,0.0,0.0,0
2011-07-01,100,1,0,0.0,0.0,1.0,0.0,0.0,0
2011-08-01,100,1,0,0.0,0.0,1.0,0.0,0.0,0
2011-09-01,100,1,0,0.0,0.0,1.0,0.0,0.0,0
2011-10-01,100,1,0,0.0,0.0,1.0,0.0,0.0,0
2011-11-01,100,1,0,0.0,0.0,1.0,0.0,0.0,0
2011-12-01,100,1,0,0.0,0.0,1.0,0.0,0.0,0
2012-01-01,100,1,0,0.0,0.0,1.0,0.0,0.0,0
2012-02-01,100,1,0,0.0,0.0,1.0,0.0,0.0,0
2012-03-01,100,1,0,0.0,0.0,1.0,0.0,0.0,0
2012-04-01,100,1,0,0.0,0.0,1.0,0.0,0.0,0
2012-05-01,100,1,0,0.0,0.0,1.0,0.0,0.0,0
2012-06-01,100,1,0,0.0,0.0,1.0,0.0,0.0,0
2012-07-01,100,1,0,0.0,0.0,1.0,0.0,0.0,0
2012-08-01,100,1,0,0.0,0.0,1.0,0.0,0.0,0
2012-09-01,100,1,0,0.0,0.0,1.0,0.0,0.0,0
2012-10-01,100,1,0,0.0,0.0,1.0,0.0,0.0,0
2012-11-01,100,0,1,1.0,0.0,1.0,0.0,0.0,1
2012-12-01,100,0,0,1.0,0.0,0.0,1.0,0.0,2
2013-01-01,100,0,0,1.0,0.0,0.0,1.0,0.0,3
2013-02-01,100,1,0,0.0,0.0,0.0,1.0,0.0,0
2013-03-01,100,1,0,0.0,0.0,1.0,0.0,0.0,0
2013-04-01,100,1,0,0.0,0.0,1.0,0.0,0.0,0
2013-05-01,100,1,0,0.0,0.0,1.0,0.0,0.0,0
2013-06-01,100,1,0,0.0,0.0,1.0,0.0,0.0,0
2013-07-01,100,1,0,0.0,0.0,1.0,0.0,0.0,0
2013-08-01,100,1,0,0.0,0.0,1.0,0.0,0.0,0
2013-09-01,100,1,0,0.0,0.0,1.0,0.0,0.0,0
2013-10-01,100,1,0,0.0,0.0,1.0,0.0,0.0,0
2013-11-01,100,1,0,0.0,0.0,1.0,0.0,0.0,0
2013-12-01,100,0,1,0.0,0.0,1.0,0.0,0.0,1
2014-01-01,100,0,0,0.0,0.0,0.0,0.0,0.0,2
2014-02-01,100,1,0,0.0,0.0,0.0,0.0,0.0,0
2014-03-01,100,1,0,0.0,0.0,1.0,0.0,0.0,0
2014-04-01,100,1,0,0.0,0.0,1.0,0.0,0.0,0
2014-05-01,100,0,1,0.0,0.0,1.0,0.0,0.0,1
2014-06-01,100,0,1,0.0,0.0,0.0,0.0,0.0,2
2014-07-01,100,1,0,0.0,0.0,0.0,0.0,0.0,0
2014-08-01,100,1,0,0.0,0.0,1.0,0.0,0.0,0
2014-09-01,100,1,0,0.0,0.0,1.0,0.0,0.0,0
2014-10-01,100,1,0,0.0,0.0,1.0,0.0,0.0,0
2014-11-01,100,1,0,0.0,0.0,1.0,0.0,0.0,0
2014-12-01,100,0,1,1.0,0.0,1.0,0.0,0.0,1
2015-01-01,100,0,0,1.0,0.0,0.0,1.0,0.0,2
2015-02-01,100,0,0,1.0,0.0,0.0,1.0,0.0,3
2015-03-01,100,0,0,1.0,0.0,0.0,1.0,0.0,4
2015-04-01,100,0,0,1.0,0.0,0.0,1.0,0.0,5
2015-05-01,100,0,0,1.0,0.0,0.0,1.0,0.0,6
2015-06-01,100,1,0,0.0,0.0,0.0,1.0,0.0,0
2015-07-01,100,0,1,1.0,0.0,1.0,0.0,0.0,1
2015-08-01,100,0,1,1.0,0.0,0.0,1.0,0.0,2
2015-09-01,100,0,0,1.0,0.0,0.0,1.0,0.0,3
2015-10-01,100,0,0,1.0,0.0,0.0,1.0,0.0,4
2015-11-01,100,0,0,1.0,0.0,0.0,1.0,0.0,5
2015-12-01,100,0,0,1.0,0.0,0.0,1.0,0.0,6
2016-01-01,100,0,0,1.0,0.0,0.0,1.0,0.0,7
2016-02-01,100,0,0,1.0,0.0,0.0,1.0,0.0,8
2016-03-01,100,0,0,1.0,0.0,0.0,1.0,0.0,9
2016-04-01,100,0,0,1.0,0.0,0.0,1.0,0.0,10
2016-05-01,100,0,0,1.0,0.0,0.0,1.0,0.0,11
2016-06-01,100,0,0,1.0,0.0,0.0,1.0,0.0,12
2016-07-01,100,0,0,1.0,0.0,0.0,1.0,0.0,13
2016-08-01,100,0,1,1.0,0.0,0.0,1.0,0.0,14
2016-09-01,100,0,0,1.0,0.0,0.0,1.0,0.0,15
2016-10-01,100,0,1,-1.0,0.0,0.0,1.0,0.0,16
2016-11-01,100,0,1,-1.0,0.0,0.0,-1.0,0.0,17
2016-12-01,100,0,0,1.0,0.0,0.0,-1.0,0.0,18
2017-01-01,100,0,0,1.0,0.0,0.0,1.0,0.0,19
2017-02-01,100,0,0,1.0,0.0,0.0,1.0,0.0,20
2017-03-01,100,0,0,1.0,0.0,0.0,1.0,0.0,21
2017-04-01,100,0,0,1.0,0.0,0.0,1.0,0.0,22
2017-05-01,100,0,0,1.0,0.0,0.0,1.0,0.0,23
2017-06-01,100,0,0,1.0,0.0,0.0,1.0,0.0,24
2017-07-01,100,0,0,1.0,0.0,0.0,1.0,0.0,25
2017-08-01,100,0,0,1.0,0.0,0.0,1.0,0.0,26
2017-09-01,100,1,0,0.0,0.0,0.0,1.0,0.0,0
2017-10-01,100,1,0,0.0,0.0,1.0,0.0,0.0,0
2017-11-01,100,1,0,0.0,0.0,1.0,0.0,0.0,0
2017-12-01,100,1,0,0.0,0.0,1.0,0.0,0.0,0
2018-01-01,100,1,0,0.0,0.0,1.0,0.0,0.0,0
2018-02-01,100,1,1,0.0,0.0,1.0,0.0,0.0,0
2018-03-01,100,0,0,0.0,0.0,1.0,0.0,0.0,1
2018-04-01,100,1,0,0.0,0.0,0.0,0.0,0.0,0
2018-05-01,100,0,1,0.0,0.0,1.0,0.0,0.0,1
2018-06-01,100,0,1,0.0,0.0,0.0,0.0,0.0,2
2018-07-01,100,1,0,0.0,0.0,0.0,0.0,0.0,0
2018-08-01,100,1,0,0.0,0.0,1.0,0.0,0.0,0
2018-09-01,100,1,0,0.0,0.0,1.0,0.0,0.0,0
2018-10-01,100,1,0,0.0,0.0,1.0,0.0,0.0,0
2018-11-01,100,1,0,0.0,0.0,1.0,0.0,0.0,0
2018-12-01,100,1,0,0.0,0.0,1.0,0.0,0.0,0
2019-01-01,100,1,0,0.0,0.0,1.0,0.0,0.0,0
2019-02-01,100,1,0,0.0,0.0,1.0,0.0,0.0,0
2019-03-01,100,1,0,0.0,0.0,1.0,0.0,0.0,0
2019-04-01,100,0,1,0.0,0.0,1.0,0.0,0.0,1
2019-05-01,100,1,0,0.0,0.0,0.0,0.0,0.0,0
2019-06-01,100,1,0,0.0,0.0,1.0,0.0,0.0,0
2019-07-01,100,1,0,0.0,0.0,1.0,0.0,0.0,0
2019-08-01,100,1,0,0.0,0.0,1.0,0.0,0.0,0
2019-09-01,100,1,0,0.0,0.0,1.0,0.0,0.0,0
2019-10-01,100,1,0,0.0,0.0,1.0,0.0,0.0,0
2019-11-01,100,1,0,0.0,0.0,1.0,0.0,0.0,0
2019-12-01,100,1,0,0.0,0.0,1.0,0.0,0.0,0
2020-01-01,100,1,0,0.0,0.0,1.0,0.0,0.0,0
2020-02-01,100,1,0,0.0,0.0,1.0,0.0,0.0,0
2020-03-01,100,1,1,0.0,0.0,1.0,0.0,0.0,0
2020-04-01,100,0,0,0.0,0.0,1.0,0.0,0.0,1
1990-12-01,200,0,1,0.0,0.0,,,,1
1991-01-01,200,1,0,0.0,0.0,0.0,0.0,0.0,0
1991-02-01,200,1,0,0.0,0.0,1.0,0.0,0.0,0
1991-03-01,200,1,0,0.0,0.0,1.0,0.0,0.0,0
1991-04-01,200,1,0,0.0,0.0,1.0,0.0,0.0,0
1991-05-01,200,1,0,0.0,0.0,1.0,0.0,0.0,0
1991-06-01,200,1,0,0.0,0.0,1.0,0.0,0.0,0
1991-07-01,200,1,0,0.0,0.0,1.0,0.0,0.0,0
1991-08-01,200,1,0,0.0,0.0,1.0,0.0,0.0,0
1991-09-01,200,1,0,0.0,0.0,1.0,0.0,0.0,0
1991-10-01,200,1,0,0.0,0.0,1.0,0.0,0.0,0
1991-11-01,200,1,0,0.0,0.0,1.0,0.0,0.0,0
1991-12-01,200,0,1,0.0,0.0,1.0,0.0,0.0,1
1992-01-01,200,1,0,0.0,0.0,0.0,0.0,0.0,0
1992-02-01,200,1,0,0.0,0.0,1.0,0.0,0.0,0
1992-03-01,200,1,0,0.0,0.0,1.0,0.0,0.0,0
1992-04-01,200,1,0,0.0,0.0,1.0,0.0,0.0,0
1992-05-01,200,1,0,0.0,0.0,1.0,0.0,0.0,0
1992-06-01,200,1,0,0.0,0.0,1.0,0.0,0.0,0
1992-07-01,200,1,0,0.0,0.0,1.0,0.0,0.0,0
1992-08-01,200,1,0,0.0,0.0,1.0,0.0,0.0,0
1992-09-01,200,1,0,0.0,0.0,1.0,0.0,0.0,0
1992-10-01,200,1,0,0.0,0.0,1.0,0.0,0.0,0
1992-11-01,200,1,0,0.0,0.0,1.0,0.0,0.0,0
1992-12-01,200,0,1,0.0,0.0,1.0,0.0,0.0,1
1993-01-01,200,1,0,0.0,0.0,0.0,0.0,0.0,0
1993-02-01,200,1,0,0.0,0.0,1.0,0.0,0.0,0
1993-03-01,200,1,0,0.0,0.0,1.0,0.0,0.0,0
1993-04-01,200,1,0,0.0,0.0,1.0,0.0,0.0,0
1993-05-01,200,1,0,0.0,0.0,1.0,0.0,0.0,0
1993-06-01,200,1,0,0.0,0.0,1.0,0.0,0.0,0
1993-07-01,200,1,0,0.0,0.0,1.0,0.0,0.0,0
1993-08-01,200,1,0,0.0,0.0,1.0,0.0,0.0,0
1993-09-01,200,1,0,0.0,0.0,1.0,0.0,0.0,0
1993-10-01,200,1,0,0.0,0.0,1.0,0.0,0.0,0
1993-11-01,200,1,0,0.0,0.0,1.0,0.0,0.0,0
1993-12-01,200,0,1,0.0,0.0,1.0,0.0,0.0,1
1994-01-01,200,1,0,0.0,0.0,0.0,0.0,0.0,0
1994-02-01,200,1,0,0.0,0.0,1.0,0.0,0.0,0
1994-03-01,200,1,1,0.0,0.0,1.0,0.0,0.0,0
1994-04-01,200,0,0,-1.0,0.0,1.0,0.0,0.0,1
1994-05-01,200,1,0,0.0,0.0,0.0,-1.0,0.0,0
1994-06-01,200,1,0,0.0,0.0,1.0,0.0,0.0,0
1994-07-01,200,1,0,0.0,0.0,1.0,0.0,0.0,0
1994-08-01,200,1,1,0.0,0.0,1.0,0.0,0.0,0
1994-09-01,200,0,0,0.0,0.0,1.0,0.0,0.0,1
1994-10-01,200,0,0,0.0,0.0,0.0,0.0,0.0,2
1994-11-01,200,0,0,0.0,0.0,0.0,0.0,0.0,3
1994-12-01,200,0,0,0.0,0.0,0.0,0.0,0.0,4
1995-01-01,200,0,0,0.0,0.0,0.0,0.0,0.0,5
1995-02-01,200,0,0,0.0,0.0,0.0,0.0,0.0,6
1995-03-01,200,0,0,0.0,0.0,0.0,0.0,0.0,7
1995-04-01,200,0,0,0.0,0.0,0.0,0.0,0.0,8
1995-05-01,200,0,0,0.0,0.0,0.0,0.0,0.0,9
1995-06-01,200,0,0,0.0,0.0,0.0,0.0,0.0,10
1995-07-01,200,0,0,0.0,0.0,0.0,0.0,0.0,11
1995-08-01,200,0,0,0.0,0.0,0.0,0.0,0.0,12
1995-09-01,200,0,0,0.0,0.0,0.0,0.0,0.0,13
1995-10-01,200,0,0,0.0,0.0,0.0,0.0,0.0,14
1995-11-01,200,0,0,0.0,0.0,0.0,0.0,0.0,15
1995-12-01,200,0,0,0.0,0.0,0.0,0.0,0.0,16
1996-01-01,200,0,0,0.0,0.0,0.0,0.0,0.0,17
1996-02-01,200,0,0,0.0,0.0,0.0,0.0,0.0,18
1996-03-01,200,1,0,0.0,0.0,0.0,0.0,0.0,0
1996-04-01,200,1,0,0.0,0.0,1.0,0.0,0.0,0
1996-05-01,200,1,0,0.0,0.0,1.0,0.0,0.0,0
1996-06-01,200,1,0,0.0,0.0,1.0,0.0,0.0,0
1996-07-01,200,1,0,0.0,0.0,1.0,0.0,0.0,0
1996-08-01,200,1,0,0.0,0.0,1.0,0.0,0.0,0
1996-09-01,200,1,0,0.0,0.0,1.0,0.0,0.0,0
1996-10-01,200,1,0,0.0,0.0,1.0,0.0,0.0,0
1996-11-01,200,1,0,0.0,0.0,1.0,0.0,0.0,0
1996-12-01,200,1,0,0.0,0.0,1.0,0.0,0.0,0
1997-01-01,200,1,0,0.0,0.0,1.0,0.0,0.0,0
1997-02-01,200,1,0,0.0,0.0,1.0,0.0,0.0,0
1997-03-01,200,1,0,0.0,0.0,1.0,0.0,0.0,0
1997-04-01,200,1,0,0.0,0.0,1.0,0.0,0.0,0
1997-05-01,200,1,0,0.0,0.0,1.0,0.0,0.0,0
1997-06-01,200,1,0,0.0,0.0,1.0,0.0,0.0,0
1997-07-01,200,0,1,0.0,0.0,1.0,0.0,0.0,1
1997-08-01,200,0,0,0.0,0.0,0.0,0.0,0.0,2
1997-09-01,200,0,0,0.0,0.0,0.0,0.0,0.0,3
1997-10-01,200,0,0,0.0,0.0,0.0,0.0,0.0,4
1997-11-01,200,0,0,0.0,0.0,0.0,0.0,0.0,5
1997-12-01,200,0,0,0.0,0.0,0.0,0.0,0.0,6
1998-01-01,200,0,0,0.0,0.0,0.0,0.0,0.0,7
1998-02-01,200,0,0,0.0,0.0,0.0,0.0,0.0,8
1998-03-01,200,0,0,0.0,0.0,0.0,0.0,0.0,9
1998-04-01,200,0,0,0.0,0.0,0.0,0.0,0.0,10
1998-05-01,200,0,0,0.0,0.0,0.0,0.0,0.0,11
1998-06-01,200,0,0,0.0,0.0,0.0,0.0,0.0,12
1998-07-01,200,0,0,0.0,0.0,0.0,0.0,0.0,13
1998-08-01,200,0,0,0.0,0.0,0.0,0.0,0.0,14
1998-09-01,200,0,0,0.0,0.0,0.0,0.0,0.0,15
1998-10-01,200,0,0,0.0,0.0,0.0,0.0,0.0,16
1998-11-01,200,0,0,0.0,0.0,0.0,0.0,0.0,17
1998-12-01,200,0,0,0.0,0.0,0.0,0.0,0.0,18
1999-01-01,200,0,0,0.0,0.0,0.0,0.0,0.0,19
1999-02-01,200,0,0,0.0,0.0,0.0,0.0,0.0,20
1999-03-01,200,0,0,0.0,0.0,0.0,0.0,0.0,21
1999-04-01,200,0,0,0.0,0.0,0.0,0.0,0.0,22
1999-05-01,200,0,0,0.0,0.0,0.0,0.0,0.0,23
1999-06-01,200,0,0,0.0,0.0,0.0,0.0,0.0,24
1999-07-01,200,0,0,0.0,0.0,0.0,0.0,0.0,25
1999-08-01,200,0,0,0.0,0.0,0.0,0.0,0.0,26
1999-09-01,200,0,0,0.0,0.0,0.0,0.0,0.0,27
1999-10-01,200,0,0,0.0,0.0,0.0,0.0,0.0,28
1999-11-01,200,0,0,0.0,0.0,0.0,0.0,0.0,29
1999-12-01,200,0,0,0.0,0.0,0.0,0.0,0.0,30
2000-01-01,200,0,0,0.0,0.0,0.0,0.0,0.0,31
2000-02-01,200,0,0,0.0,0.0,0.0,0.0,0.0,32
2000-03-01,200,0,0,0.0,0.0,0.0,0.0,0.0,33
2000-04-01,200,0,0,0.0,0.0,0.0,0.0,0.0,34
2000-05-01,200,0,0,0.0,0.0,0.0,0.0,0.0,35
2000-06-01,200,0,0,0.0,0.0,0.0,0.0,0.0,36
2000-07-01,200,0,0,0.0,0.0,0.0,0.0,0.0,37
2000-08-01,200,0,0,0.0,0.0,0.0,0.0,0.0,38
2000-09-01,200,0,0,0.0,0.0,0.0,0.0,0.0,39
2000-10-01,200,0,0,0.0,0.0,0.0,0.0,0.0,40
2000-11-01,200,0,0,0.0,0.0,0.0,0.0,0.0,41
2000-12-01,200,0,0,0.0,0.0,0.0,0.0,0.0,42
2001-01-01,200,0,0,0.0,0.0,0.0,0.0,0.0,43
2001-02-01,200,0,0,0.0,0.0,0.0,0.0,0.0,44
2001-03-01,200,0,0,0.0,0.0,0.0,0.0,0.0,45
2001-04-01,200,0,0,0.0,0.0,0.0,0.0,0.0,46
2001-05-01,200,0,0,0.0,0.0,0.0,0.0,0.0,47
2001-06-01,200,0,0,0.0,0.0,0.0,0.0,0.0,48
2001-07-01,200,0,0,0.0,0.0,0.0,0.0,0.0,49
2001-08-01,200,0,0,0.0,0.0,0.0,0.0,0.0,50
2001-09-01,200,0,0,0.0,0.0,0.0,0.0,0.0,51
2001-10-01,200,0,0,0.0,0.0,0.0,0.0,0.0,52
2001-11-01,200,0,0,0.0,0.0,0.0,0.0,0.0,53
2001-12-01,200,0,0,0.0,0.0,0.0,0.0,0.0,54
2002-01-01,200,0,0,0.0,0.0,0.0,0.0,0.0,55
2002-02-01,200,0,0,0.0,0.0,0.0,0.0,0.0,56
2002-03-01,200,0,0,0.0,0.0,0.0,0.0,0.0,57
2002-04-01,200,0,0,0.0,0.0,0.0,0.0,0.0,58
2002-05-01,200,0,0,0.0,0.0,0.0,0.0,0.0,59
2002-06-01,200,0,0,0.0,0.0,0.0,0.0,0.0,60
2002-07-01,200,0,0,0.0,0.0,0.0,0.0,0.0,61
2002-08-01,200,0,0,0.0,0.0,0.0,0.0,0.0,62
2002-09-01,200,0,0,0.0,0.0,0.0,0.0,0.0,63
2002-10-01,200,0,0,0.0,0.0,0.0,0.0,0.0,64
2002-11-01,200,0,0,0.0,0.0,0.0,0.0,0.0,65
2002-12-01,200,0,0,0.0,0.0,0.0,0.0,0.0,66
2003-01-01,200,0,0,0.0,0.0,0.0,0.0,0.0,67
2003-02-01,200,0,0,0.0,0.0,0.0,0.0,0.0,68
2003-03-01,200,0,0,0.0,0.0,0.0,0.0,0.0,69
2003-04-01,200,0,0,0.0,0.0,0.0,0.0,0.0,70
2003-05-01,200,0,0,0.0,0.0,0.0,0.0,0.0,71
2003-06-01,200,0,0,0.0,0.0,0.0,0.0,0.0,72
2003-07-01,200,0,0,0.0,0.0,0.0,0.0,0.0,73
2003-08-01,200,0,0,0.0,0.0,0.0,0.0,0.0,74
2003-09-01,200,0,0,0.0,0.0,0.0,0.0,0.0,75
2003-10-01,200,0,0,0.0,0.0,0.0,0.0,0.0,76
2003-11-01,200,0,0,0.0,0.0,0.0,0.0,0.0,77
2003-12-01,200,0,0,0.0,0.0,0.0,0.0,0.0,78
2004-01-01,200,0,0,0.0,0.0,0.0,0.0,0.0,79
2004-02-01,200,0,0,0.0,0.0,0.0,0.0,0.0,80
2004-03-01,200,0,0,0.0,0.0,0.0,0.0,0.0,81
2004-04-01,200,0,0,0.0,0.0,0.0,0.0,0.0,82
2004-05-01,200,0,0,0.0,0.0,0.0,0.0,0.0,83
2004-06-01,200,0,0,0.0,0.0,0.0,0.0,0.0,84
2004-07-01,200,0,0,0.0,0.0,0.0,0.0,0.0,85
2004-08-01,200,0,0,0.0,0.0,0.0,0.0,0.0,86
2004-09-01,200,0,0,0.0,0.0,0.0,0.0,0.0,87
2004-10-01,200,0,0,0.0,0.0,0.0,0.0,0.0,88
2004-11-01,200,0,0,0.0,0.0,0.0,0.0,0.0,89
2004-12-01,200,0,0,0.0,0.0,0.0,0.0,0.0,90
2005-01-01,200,0,0,0.0,0.0,0.0,0.0,0.0,91
2005-02-01,200,0,0,0.0,0.0,0.0,0.0,0.0,92
2005-03-01,200,0,0,0.0,0.0,0.0,0.0,0.0,93
2005-04-01,200,0,0,0.0,0.0,0.0,0.0,0.0,94
2005-05-01,200,0,0,0.0,0.0,0.0,0.0,0.0,95
2005-06-01,200,0,0,0.0,0.0,0.0,0.0,0.0,96
2005-07-01,200,0,0,0.0,0.0,0.0,0.0,0.0,97
1989-01-01,230,0,1,0.0,0.0,,,,1
1989-02-01,230,0,0,0.0,0.0,0.0,0.0,0.0,2
1989-03-01,230,0,1,0.0,0.0,0.0,0.0,0.0,3
1989-04-01,230,0,0,0.0,0.0,0.0,0.0,0.0,4
1989-05-01,230,1,0,0.0,0.0,0.0,0.0,0.0,0
1989-06-01,230,1,0,0.0,0.0,1.0,0.0,0.0,0
1989-07-01,230,1,0,0.0,0.0,1.0,0.0,0.0,0
1989-08-01,230,1,0,0.0,0.0,1.0,0.0,0.0,0
1989-09-01,230,1,0,0.0,0.0,1.0,0.0,0.0,0
1989-10-01,230,1,0,0.0,0.0,1.0,0.0,0.0,0
1989-11-01,230,1,0,0.0,0.0,1.0,0.0,0.0,0
1989-12-01,230,1,0,0.0,0.0,1.0,0.0,0.0,0
1990-01-01,230,1,0,0.0,0.0,1.0,0.0,0.0,0
1990-02-01,230,1,0,0.0,0.0,1.0,0.0,0.0,0
1990-03-01,230,1,0,0.0,0.0,1.0,0.0,0.0,0
1990-04-01,230,1,0,0.0,0.0,1.0,0.0,0.0,0
1990-05-01,230,1,0,0.0,0.0,1.0,0.0,0.0,0
1990-06-01,230,1,0,0.0,0.0,1.0,0.0,0.0,0
1990-07-01,230,1,0,0.0,0.0,1.0,0.0,0.0,0
1990-08-01,230,1,0,0.0,0.0,1.0,0.0,0.0,0
1990-09-01,230,1,0,0.0,0.0,1.0,0.0,0.0,0
1990-10-01,230,1,0,0.0,0.0,1.0,0.0,0.0,0
1990-11-01,230,1,0,0.0,0.0,1.0,0.0,0.0,0
1990-12-01,230,1,0,0.0,0.0,1.0,0.0,0.0,0
1991-01-01,230,1,0,0.0,0.0,1.0,0.0,0.0,0
1991-02-01,230,1,0,0.0,0.0,1.0,0.0,0.0,0
1991-03-01,230,1,0,0.0,0.0,1.0,0.0,0.0,0
1991-04-01,230,1,0,0.0,0.0,1.0,0.0,0.0,0
1991-05-01,230,1,0,0.0,0.0,1.0,0.0,0.0,0
1991-06-01,230,1,0,0.0,0.0,1.0,0.0,0.0,0
1991-07-01,230,1,0,0.0,0.0,1.0,0.0,0.0,0
1991-08-01,230,1,0,0.0,0.0,1.0,0.0,0.0,0
1991-09-01,230,1,0,0.0,0.0,1.0,0.0,0.0,0
1991-10-01,230,1,0,0.0,0.0,1.0,0.0,0.0,0
1991-11-01,230,1,0,0.0,0.0,1.0,0.0,0.0,0
1991-12-01,230,1,0,0.0,0.0,1.0,0.0,0.0,0
1992-01-01,230,1,0,0.0,0.0,1.0,0.0,0.0,0
1992-02-01,230,1,0,0.0,0.0,1.0,0.0,0.0,0
1992-03-01,230,1,0,0.0,0.0,1.0,0.0,0.0,0
1992-04-01,230,1,0,0.0,0.0,1.0,0.0,0.0,0
1992-05-01,230,1,0,0.0,0.0,1.0,0.0,0.0,0
1992-06-01,230,1,0,0.0,0.0,1.0,0.0,0.0,0
1992-07-01,230,1,0,0.0,0.0,1.0,0.0,0.0,0
1992-08-01,230,1,0,0.0,0.0,1.0,0.0,0.0,0
1992-09-01,230,1,0,0.0,0.0,1.0,0.0,0.0,0
1992-10-01,230,1,0,0.0,0.0,1.0,0.0,0.0,0
1992-11-01,230,1,0,0.0,0.0,1.0,0.0,0.0,0
1992-12-01,230,1,0,0.0,0.0,1.0,0.0,0.0,0
1993-01-01,230,1,0,0.0,0.0,1.0,0.0,0.0,0
1993-02-01,230,1,0,0.0,0.0,1.0,0.0,0.0,0
1993-03-01,230,1,0,0.0,0.0,1.0,0.0,0.0,0
1993-04-01,230,1,0,0.0,0.0,1.0,0.0,0.0,0
1993-05-01,230,1,0,0.0,0.0,1.0,0.0,0.0,0
1993-06-01,230,1,0,0.0,0.0,1.0,0.0,0.0,0
1993-07-01,230,1,0,0.0,0.0,1.0,0.0,0.0,0
1993-08-01,230,1,0,0.0,0.0,1.0,0.0,0.0,0
1993-09-01,230,1,0,0.0,0.0,1.0,0.0,0.0,0
1993-10-01,230,1,0,0.0,0.0,1.0,0.0,0.0,0
1993-11-01,230,1,0,0.0,0.0,1.0,0.0,0.0,0
1993-12-01,230,1,0,0.0,0.0,1.0,0.0,0.0,0
1994-01-01,230,1,0,0.0,0.0,1.0,0.0,0.0,0
1994-02-01,230,1,0,0.0,0.0,1.0,0.0,0.0,0
1994-03-01,230,1,0,0.0,0.0,1.0,0.0,0.0,0
1994-04-01,230,1,0,0.0,0.0,1.0,0.0,0.0,0
1994-05-01,230,1,0,0.0,0.0,1.0,0.0,0.0,0
1994-06-01,230,1,0,0.0,0.0,1.0,0.0,0.0,0
1994-07-01,230,1,0,0.0,0.0,1.0,0.0,0.0,0
1994-08-01,230,1,0,0.0,0.0,1.0,0.0,0.0,0
1994-09-01,230,1,0,0.0,0.0,1.0,0.0,0.0,0
1994-10-01,230,1,0,0.0,0.0,1.0,0.0,0.0,0
1994-11-01,230,1,0,0.0,0.0,1.0,0.0,0.0,0
1994-12-01,230,1,0,0.0,0.0,1.0,0.0,0.0,0
1995-01-01,230,1,0,0.0,0.0,1.0,0.0,0.0,0
1995-02-01,230,1,0,0.0,0.0,1.0,0.0,0.0,0
1995-03-01,230,1,0,0.0,0.0,1.0,0.0,0.0,0
1995-04-01,230,1,0,0.0,0.0,1.0,0.0,0.0,0
1995-05-01,230,1,0,0.0,0.0,1.0,0.0,0.0,0
1995-06-01,230,1,0,0.0,0.0,1.0,0.0,0.0,0
1995-07-01,230,1,0,0.0,0.0,1.0,0.0,0.0,0
1995-08-01,230,1,0,0.0,0.0,1.0,0.0,0.0,0
1995-09-01,230,1,0,0.0,0.0,1.0,0.0,0.0,0
1995-10-01,230,1,0,0.0,0.0,1.0,0.0,0.0,0
1995-11-01,230,1,0,0.0,0.0,1.0,0.0,0.0,0
1995-12-01,230,1,0,0.0,0.0,1.0,0.0,0.0,0
1996-01-01,230,1,0,0.0,0.0,1.0,0.0,0.0,0
1996-02-01,230,1,0,0.0,0.0,1.0,0.0,0.0,0
1996-03-01,230,1,0,0.0,0.0,1.0,0.0,0.0,0
1996-04-01,230,1,0,0.0,0.0,1.0,0.0,0.0,0
1996-05-01,230,1,0,0.0,0.0,1.0,0.0,0.0,0
1996-06-01,230,0,1,0.0,0.0,1.0,0.0,0.0,1
1996-07-01,230,0,0,0.0,0.0,0.0,0.0,0.0,2
1996-08-01,230,1,0,0.0,0.0,0.0,0.0,0.0,0
1996-09-01,230,1,0,0.0,0.0,1.0,0.0,0.0,0
1996-10-01,230,1,0,0.0,0.0,1.0,0.0,0.0,0
1996-11-01,230,1,0,0.0,0.0,1.0,0.0,0.0,0
1996-12-01,230,1,0,0.0,0.0,1.0,0.0,0.0,0
1997-01-01,230,1,0,0.0,0.0,1.0,0.0,0.0,0
1997-02-01,230,1,0,0.0,0.0,1.0,0.0,0.0,0
1997-03-01,230,1,0,0.0,0.0,1.0,0.0,0.0,0
1997-04-01,230,1,0,0.0,0.0,1.0,0.0,0.0,0
1997-05-01,230,1,0,0.0,0.0,1.0,0.0,0.0,0
1997-06-01,230,1,0,0.0,0.0,1.0,0.0,0.0,0
1997-07-01,230,1,0,0.0,0.0,1.0,0.0,0.0,0
1997-08-01,230,1,0,0.0,0.0,1.0,0.0,0.0,0
1997-09-01,230,1,0,0.0,0.0,1.0,0.0,0.0,0
1997-10-01,230,1,0,0.0,0.0,1.0,0.0,0.0,0
1997-11-01,230,1,0,0.0,0.0,1.0,0.0,0.0,0
1997-12-01,230,1,0,0.0,0.0,1.0,0.0,0.0,0
1998-01-01,230,1,0,0.0,0.0,1.0,0.0,0.0,0
1998-02-01,230,1,0,0.0,0.0,1.0,0.0,0.0,0
1998-03-01,230,1,0,0.0,0.0,1.0,0.0,0.0,0
1998-04-01,230,1,0,0.0,0.0,1.0,0.0,0.0,0
1998-05-01,230,1,0,0.0,0.0,1.0,0.0,0.0,0
1998-06-01,230,1,0,0.0,0.0,1.0,0.0,0.0,0
1998-07-01,230,1,0,0.0,0.0,1.0,0.0,0.0,0
1998-08-01,230,1,0,0.0,0.0,1.0,0.0,0.0,0
1998-09-01,230,0,1,0.0,0.0,1.0,0.0,0.0,1
1998-10-01,230,0,0,0.0,0.0,0.0,0.0,0.0,2
1998-11-01,230,0,0,0.0,0.0,0.0,0.0,0.0,3
1998-12-01,230,0,0,0.0,0.0,0.0,0.0,0.0,4
1999-01-01,230,0,0,0.0,0.0,0.0,0.0,0.0,5
1999-02-01,230,0,0,0.0,0.0,0.0,0.0,0.0,6
1999-03-01,230,0,0,0.0,0.0,0.0,0.0,0.0,7
1999-04-01,230,0,0,0.0,0.0,0.0,0.0,0.0,8
1999-05-01,230,0,0,0.0,0.0,0.0,0.0,0.0,9
1999-06-01,230,0,0,0.0,0.0,0.0,0.0,0.0,10
1999-07-01,230,0,0,0.0,0.0,0.0,0.0,0.0,11
1999-08-01,230,0,0,0.0,0.0,0.0,0.0,0.0,12
1999-09-01,230,0,0,0.0,0.0,0.0,0.0,0.0,13
1999-10-01,230,0,0,0.0,0.0,0.0,0.0,0.0,14
1999-11-01,230,0,0,0.0,0.0,0.0,0.0,0.0,15
1999-12-01,230,0,0,0.0,0.0,0.0,0.0,0.0,16
2000-01-01,230,1,0,0.0,0.0,0.0,0.0,0.0,0
2000-02-01,230,1,0,0.0,0.0,1.0,0.0,0.0,0
2000-03-01,230,1,0,0.0,0.0,1.0,0.0,0.0,0
2000-04-01,230,1,0,0.0,0.0,1.0,0.0,0.0,0
2000-05-01,230,1,0,0.0,0.0,1.0,0.0,0.0,0
2000-06-01,230,1,0,0.0,0.0,1.0,0.0,0.0,0
2000-07-01,230,1,0,0.0,0.0,1.0,0.0,0.0,0
2000-08-01,230,1,0,0.0,0.0,1.0,0.0,0.0,0
2000-09-01,230,1,0,0.0,0.0,1.0,0.0,0.0,0
2000-10-01,230,1,0,0.0,0.0,1.0,0.0,0.0,0
2000-11-01,230,1,0,0.0,0.0,1.0,0.0,0.0,0
2000-12-01,230,1,0,0.0,0.0,1.0,0.0,0.0,0
2001-01-01,230,1,0,0.0,0.0,1.0,0.0,0.0,0
2001-02-01,230,1,0,0.0,0.0,1.0,0.0,0.0,0
2001-03-01,230,1,0,0.0,0.0,1.0,0.0,0.0,0
2001-04-01,230,1,0,0.0,0.0,1.0,0.0,0.0,0
2001-05-01,230,1,0,0.0,0.0,1.0,0.0,0.0,0
2001-06-01,230,1,0,0.0,0.0,1.0,0.0,0.0,0
2001-07-01,230,1,0,0.0,0.0,1.0,0.0,0.0,0
2001-08-01,230,1,0,0.0,0.0,1.0,0.0,0.0,0
2001-09-01,230,1,0,0.0,0.0,1.0,0.0,0.0,0
2001-10-01,230,1,0,0.0,0.0,1.0,0.0,0.0,0
2001-11-01,230,1,0,0.0,0.0,1.0,0.0,0.0,0
2001-12-01,230,1,0,0.0,0.0,1.0,0.0,0.0,0
2002-01-01,230,1,0,0.0,0.0,1.0,0.0,0.0,0
2002-02-01,230,1,0,0.0,0.0,1.0,0.0,0.0,0
2002-03-01,230,1,0,0.0,0.0,1.0,0.0,0.0,0
2002-04-01,230,1,0,0.0,0.0,1.0,0.0,0.0,0
2002-05-01,230,1,0,0.0,0.0,1.0,0.0,0.0,0
2002-06-01,230,1,0,0.0,0.0,1.0,0.0,0.0,0
2002-07-01,230,1,0,0.0,0.0,1.0,0.0,0.0,0
2002-08-01,230,1,0,0.0,0.0,1.0,0.0,0.0,0
2002-09-01,230,1,0,0.0,0.0,1.0,0.0,0.0,0
2002-10-01,230,1,0,0.0,0.0,1.0,0.0,0.0,0
2002-11-01,230,1,0,0.0,0.0,1.0,0.0,0.0,0
2002-12-01,230,1,0,0.0,0.0,1.0,0.0,0.0,0
2003-01-01,230,1,0,0.0,0.0,1.0,0.0,0.0,0
2003-02-01,230,1,0,0.0,0.0,1.0,0.0,0.0,0
2003-03-01,230,1,0,0.0,0.0,1.0,0.0,0.0,0
2003-04-01,230,1,0,0.0,0.0,1.0,0.0,0.0,0
2003-05-01,230,1,0,0.0,0.0,1.0,0.0,0.0,0
2003-06-01,230,1,0,0.0,0.0,1.0,0.0,0.0,0
2003-07-01,230,1,0,0.0,0.0,1.0,0.0,0.0,0
2003-08-01,230,1,0,0.0,0.0,1.0,0.0,0.0,0
2003-09-01,230,1,0,0.0,0.0,1.0,0.0,0.0,0
2003-10-01,230,1,0,0.0,0.0,1.0,0.0,0.0,0
2003-11-01,230,1,0,0.0,0.0,1.0,0.0,0.0,0
2003-12-01,230,1,0,0.0,0.0,1.0,0.0,0.0,0
2004-01-01,230,1,0,0.0,0.0,1.0,0.0,0.0,0
2004-02-01,230,1,0,0.0,0.0,1.0,0.0,0.0,0
2004-03-01,230,1,0,0.0,0.0,1.0,0.0,0.0,0
2004-04-01,230,1,0,0.0,0.0,1.0,0.0,0.0,0
2004-05-01,230,1,0,0.0,0.0,1.0,0.0,0.0,0
2004-06-01,230,1,0,0.0,0.0,1.0,0.0,0.0,0
2004-07-01,230,1,0,0.0,0.0,1.0,0.0,0.0,0
2004-08-01,230,1,0,0.0,0.0,1.0,0.0,0.0,0
2004-09-01,230,1,0,0.0,0.0,1.0,0.0,0.0,0
2004-10-01,230,1,0,0.0,0.0,1.0,0.0,0.0,0
2004-11-01,230,1,0,0.0,0.0,1.0,0.0,0.0,0
2004-12-01,230,1,0,0.0,0.0,1.0,0.0,0.0,0
2005-01-01,230,1,0,0.0,0.0,1.0,0.0,0.0,0
2005-02-01,230,1,0,0.0,0.0,1.0,0.0,0.0,0
2005-03-01,230,1,0,0.0,0.0,1.0,0.0,0.0,0
2005-04-01,230,1,0,0.0,0.0,1.0,0.0,0.0,0
2005-05-01,230,1,0,0.0,0.0,1.0,0.0,0.0,0
2005-06-01,230,1,0,0.0,0.0,1.0,0.0,0.0,0
2005-07-01,230,1,0,0.0,0.0,1.0,0.0,0.0,0
2005-08-01,230,1,0,0.0,0.0,1.0,0.0,0.0,0
2005-09-01,230,1,0,0.0,0.0,1.0,0.0,0.0,0
2005-10-01,230,1,0,0.0,0.0,1.0,0.0,0.0,0
2005-11-01,230,1,0,0.0,0.0,1.0,0.0,0.0,0
2005-12-01,230,1,0,0.0,0.0,1.0,0.0,0.0,0
2006-01-01,230,1,0,0.0,0.0,1.0,0.0,0.0,0
2006-02-01,230,1,0,0.0,0.0,1.0,0.0,0.0,0
2006-03-01,230,0,1,0.0,0.0,1.0,0.0,0.0,1
2006-04-01,230,0,0,0.0,0.0,0.0,0.0,0.0,2
2006-05-01,230,0,0,0.0,0.0,0.0,0.0,0.0,3
2006-06-01,230,0,0,0.0,0.0,0.0,0.0,0.0,4
2006-07-01,230,0,0,0.0,0.0,0.0,0.0,0.0,5
2006-08-01,230,0,0,0.0,0.0,0.0,0.0,0.0,6
2006-09-01,230,0,0,0.0,0.0,0.0,0.0,0.0,7
2006-10-01,230,0,0,0.0,0.0,0.0,0.0,0.0,8
2006-11-01,230,0,0,0.0,0.0,0.0,0.0,0.0,9
2006-12-01,230,0,0,0.0,0.0,0.0,0.0,0.0,10
2007-01-01,230,0,0,0.0,0.0,0.0,0.0,0.0,11
2007-02-01,230,0,0,0.0,0.0,0.0,0.0,0.0,12
2007-03-01,230,0,0,0.0,0.0,0.0,0.0,0.0,13
2007-04-01,230,0,0,0.0,0.0,0.0,0.0,0.0,14
2007-05-01,230,0,0,0.0,0.0,0.0,0.0,0.0,15
2007-06-01,230,0,0,0.0,0.0,0.0,0.0,0.0,16
2007-07-01,230,1,0,0.0,0.0,0.0,0.0,0.0,0
2007-08-01,230,1,0,0.0,0.0,1.0,0.0,0.0,0
2007-09-01,230,1,0,0.0,0.0,1.0,0.0,0.0,0
2007-10-01,230,1,0,0.0,0.0,1.0,0.0,0.0,0
2007-11-01,230,1,0,0.0,0.0,1.0,0.0,0.0,0
2007-12-01,230,1,0,0.0,0.0,1.0,0.0,0.0,0
2008-01-01,230,1,0,0.0,0.0,1.0,0.0,0.0,0
2008-02-01,230,1,0,0.0,0.0,1.0,0.0,0.0,0
2008-03-01,230,1,0,0.0,0.0,1.0,0.0,0.0,0
2008-04-01,230,1,0,0.0,0.0,1.0,0.0,0.0,0
2008-05-01,230,1,0,0.0,0.0,1.0,0.0,0.0,0
2008-06-01,230,1,0,0.0,0.0,1.0,0.0,0.0,0
2008-07-01,230,1,0,0.0,0.0,1.0,0.0,0.0,0
2008-08-01,230,1,0,0.0,0.0,1.0,0.0,0.0,0
2008-09-01,230,1,0,0.0,0.0,1.0,0.0,0.0,0
2008-10-01,230,1,0,0.0,0.0,1.0,0.0,0.0,0
2008-11-01,230,1,0,0.0,0.0,1.0,0.0,0.0,0
2008-12-01,230,1,0,0.0,0.0,1.0,0.0,0.0,0
2009-01-01,230,1,0,0.0,0.0,1.0,0.0,0.0,0
2009-02-01,230,1,0,0.0,0.0,1.0,0.0,0.0,0
2009-03-01,230,1,0,0.0,0.0,1.0,0.0,0.0,0
2009-04-01,230,1,0,0.0,0.0,1.0,0.0,0.0,0
2009-05-01,230,1,0,0.0,0.0,1.0,0.0,0.0,0
2009-06-01,230,1,0,0.0,0.0,1.0,0.0,0.0,0
2009-07-01,230,1,0,0.0,0.0,1.0,0.0,0.0,0
2009-08-01,230,1,0,0.0,0.0,1.0,0.0,0.0,0
2009-09-01,230,1,0,0.0,0.0,1.0,0.0,0.0,0
2009-10-01,230,1,0,0.0,0.0,1.0,0.0,0.0,0
2009-11-01,230,1,0,0.0,0.0,1.0,0.0,0.0,0
2009-12-01,230,1,0,0.0,0.0,1.0,0.0,0.0,0
2010-01-01,230,1,0,0.0,0.0,1.0,0.0,0.0,0
2010-02-01,230,1,0,0.0,0.0,1.0,0.0,0.0,0
2010-03-01,230,1,0,0.0,0.0,1.0,0.0,0.0,0
2010-04-01,230,1,0,0.0,0.0,1.0,0.0,0.0,0
2010-05-01,230,1,0,0.0,0.0,1.0,0.0,0.0,0
2010-06-01,230,1,0,0.0,0.0,1.0,0.0,0.0,0
2010-07-01,230,1,0,0.0,0.0,1.0,0.0,0.0,0
2010-08-01,230,1,0,0.0,0.0,1.0,0.0,0.0,0
2010-09-01,230,0,1,0.0,0.0,1.0,0.0,0.0,1
2010-10-01,230,0,0,0.0,0.0,0.0,0.0,0.0,2
2010-11-01,230,0,0,0.0,0.0,0.0,0.0,0.0,3
2010-12-01,230,0,0,0.0,0.0,0.0,0.0,0.0,4
2011-01-01,230,0,0,0.0,0.0,0.0,0.0,0.0,5
2001-03-01,343,0,1,0.0,0.0,,,,1
2001-04-01,343,1,0,0.0,0.0,0.0,0.0,0.0,0
2001-05-01,343,0,1,0.0,0.0,1.0,0.0,0.0,1
2001-06-01,343,0,1,0.0,0.0,0.0,0.0,0.0,2
2001-07-01,343,0,1,1.0,0.0,0.0,0.0,0.0,3
2001-08-01,343,0,1,0.0,0.0,0.0,1.0,0.0,4
1992-06-01,344,0,1,1.0,0.0,,,,1
1992-07-01,344,1,0,0.0,0.0,0.0,1.0,0.0,0
1992-08-01,344,1,0,0.0,0.0,1.0,0.0,0.0,0
1992-09-01,344,1,0,0.0,0.0,1.0,0.0,0.0,0
1992-10-01,344,1,0,0.0,0.0,1.0,0.0,0.0,0
1992-11-01,344,1,0,0.0,0.0,1.0,0.0,0.0,0
1992-12-01,344,0,1,0.0,0.0,1.0,0.0,0.0,1
1993-01-01,344,1,0,0.0,0.0,0.0,0.0,0.0,0
1993-02-01,344,1,0,0.0,0.0,1.0,0.0,0.0,0
1993-03-01,344,0,1,-1.0,0.0,1.0,0.0,0.0,1
1993-04-01,344,1,0,0.0,0.0,0.0,-1.0,0.0,0
1993-05-01,344,1,0,0.0,0.0,1.0,0.0,0.0,0
1993-06-01,344,1,0,0.0,0.0,1.0,0.0,0.0,0
1993-07-01,344,1,0,0.0,0.0,1.0,0.0,0.0,0
1993-08-01,344,1,0,0.0,0.0,1.0,0.0,0.0,0
1993-09-01,344,0,1,0.0,0.0,1.0,0.0,0.0,1
1993-10-01,344,1,0,0.0,0.0,0.0,0.0,0.0,0
1993-11-01,344,1,0,0.0,0.0,1.0,0.0,0.0,0
1993-12-01,344,0,1,1.0,0.0,1.0,0.0,0.0,1
1994-01-01,344,0,1,1.0,0.0,0.0,1.0,0.0,2
1994-02-01,344,0,1,1.0,0.0,0.0,1.0,0.0,3
1994-03-01,344,0,0,1.0,0.0,0.0,1.0,0.0,4
1994-04-01,344,1,0,0.0,0.0,0.0,1.0,0.0,0
1994-05-01,344,1,0,0.0,0.0,1.0,0.0,0.0,0
1994-06-01,344,1,0,0.0,0.0,1.0,0.0,0.0,0
1994-07-01,344,1,0,0.0,0.0,1.0,0.0,0.0,0
1994-08-01,344,1,0,0.0,0.0,1.0,0.0,0.0,0
1994-09-01,344,1,0,0.0,0.0,1.0,0.0,0.0,0
1994-10-01,344,1,0,0.0,0.0,1.0,0.0,0.0,0
1994-11-01,344,1,0,0.0,0.0,1.0,0.0,0.0,0
1994-12-01,344,1,0,0.0,0.0,1.0,0.0,0.0,0
1995-01-01,344,1,0,0.0,0.0,1.0,0.0,0.0,0
1995-02-01,344,1,0,0.0,0.0,1.0,0.0,0.0,0
1995-03-01,344,1,0,0.0,0.0,1.0,0.0,0.0,0
1995-04-01,344,1,0,0.0,0.0,1.0,0.0,0.0,0
1995-05-01,344,0,1,1.0,2.0,1.0,0.0,0.0,1
1995-06-01,344,1,0,0.0,0.0,0.0,1.0,2.0,0
1995-07-01,344,1,0,0.0,0.0,1.0,0.0,0.0,0
1995-08-01,344,0,1,1.0,2.0,1.0,0.0,0.0,1
1990-06-01,345,0,0,1.0,0.0,,,,1
1990-07-01,345,0,0,1.0,0.0,0.0,1.0,0.0,2
1990-08-01,345,0,0,1.0,0.0,0.0,1.0,0.0,3
1990-09-01,345,0,0,1.0,0.0,0.0,1.0,0.0,4
1990-10-01,345,0,0,1.0,0.0,0.0,1.0,0.0,5
1990-11-01,345,0,0,1.0,0.0,0.0,1.0,0.0,6
1990-12-01,345,0,0,1.0,0.0,0.0,1.0,0.0,7
1991-01-01,345,0,0,1.0,0.0,0.0,1.0,0.0,8
1991-02-01,345,0,0,1.0,0.0,0.0,1.0,0.0,9
1991-03-01,345,0,0,1.0,0.0,0.0,1.0,0.0,10
1991-04-01,345,0,0,1.0,0.0,0.0,1.0,0.0,11
1991-05-01,345,0,0,1.0,0.0,0.0,1.0,0.0,12
1991-06-01,345,0,1,1.0,0.0,0.0,1.0,0.0,13
1991-07-01,345,0,1,1.0,0.0,0.0,1.0,0.0,14
1991-08-01,345,0,1,1.0,0.0,0.0,1.0,0.0,15
1991-09-01,345,0,1,0.0,0.0,0.0,1.0,0.0,16
1991-10-01,345,0,1,1.0,0.0,0.0,0.0,0.0,17
1991-11-01,345,0,1,1.0,0.0,0.0,1.0,0.0,18
1991-12-01,345,0,1,0.0,0.0,0.0,1.0,0.0,19
1992-01-01,345,1,0,0.0,0.0,0.0,0.0,0.0,0
1992-02-01,345,1,0,0.0,0.0,1.0,0.0,0.0,0
1992-03-01,345,1,0,0.0,0.0,1.0,0.0,0.0,0
1992-04-01,345,0,1,0.0,0.0,1.0,0.0,0.0,1
1992-05-01,345,1,0,0.0,0.0,0.0,0.0,0.0,0
1992-06-01,345,1,0,0.0,0.0,1.0,0.0,0.0,0
1992-07-01,345,1,0,0.0,0.0,1.0,0.0,0.0,0
1992-08-01,345,1,0,0.0,0.0,1.0,0.0,0.0,0
1992-09-01,345,1,0,0.0,0.0,1.0,0.0,0.0,0
1992-10-01,345,1,0,0.0,0.0,1.0,0.0,0.0,0
1992-11-01,345,1,0,0.0,0.0,1.0,0.0,0.0,0
1992-12-01,345,1,0,0.0,0.0,1.0,0.0,0.0,0
1993-01-01,345,1,0,0.0,0.0,1.0,0.0,0.0,0
1993-02-01,345,1,0,0.0,0.0,1.0,0.0,0.0,0
1993-03-01,345,1,0,0.0,0.0,1.0,0.0,0.0,0
1993-04-01,345,1,0,0.0,0.0,1.0,0.0,0.0,0
1993-05-01,345,1,0,0.0,0.0,1.0,0.0,0.0,0
1993-06-01,345,1,0,0.0,0.0,1.0,0.0,0.0,0
1993-07-01,345,1,0,0.0,0.0,1.0,0.0,0.0,0
1993-08-01,345,1,0,0.0,0.0,1.0,0.0,0.0,0
1993-09-01,345,1,0,0.0,0.0,1.0,0.0,0.0,0
1993-10-01,345,1,0,0.0,0.0,1.0,0.0,0.0,0
1993-11-01,345,1,0,0.0,0.0,1.0,0.0,0.0,0
1993-12-01,345,1,0,0.0,0.0,1.0,0.0,0.0,0
1994-01-01,345,1,0,0.0,0.0,1.0,0.0,0.0,0
1994-02-01,345,1,0,0.0,0.0,1.0,0.0,0.0,0
1994-03-01,345,1,0,0.0,0.0,1.0,0.0,0.0,0
1994-04-01,345,1,0,0.0,0.0,1.0,0.0,0.0,0
1994-05-01,345,1,0,0.0,0.0,1.0,0.0,0.0,0
1994-06-01,345,1,0,0.0,0.0,1.0,0.0,0.0,0
1994-07-01,345,1,0,0.0,0.0,1.0,0.0,0.0,0
1994-08-01,345,1,0,0.0,0.0,1.0,0.0,0.0,0
1994-09-01,345,1,0,0.0,0.0,1.0,0.0,0.0,0
1994-10-01,345,1,0,0.0,0.0,1.0,0.0,0.0,0
1994-11-01,345,1,0,0.0,0.0,1.0,0.0,0.0,0
1994-12-01,345,1,0,0.0,0.0,1.0,0.0,0.0,0
1995-01-01,345,1,0,0.0,0.0,1.0,0.0,0.0,0
1995-02-01,345,1,0,0.0,0.0,1.0,0.0,0.0,0
1995-03-01,345,1,0,0.0,0.0,1.0,0.0,0.0,0
1995-04-01,345,1,0,0.0,0.0,1.0,0.0,0.0,0
1995-05-01,345,1,0,0.0,0.0,1.0,0.0,0.0,0
1995-06-01,345,1,0,0.0,0.0,1.0,0.0,0.0,0
1995-07-01,345,1,0,0.0,0.0,1.0,0.0,0.0,0
1995-08-01,345,1,0,0.0,0.0,1.0,0.0,0.0,0
1995-09-01,345,1,0,0.0,0.0,1.0,0.0,0.0,0
1995-10-01,345,1,0,0.0,0.0,1.0,0.0,0.0,0
1995-11-01,345,1,0,0.0,0.0,1.0,0.0,0.0,0
1995-12-01,345,1,0,0.0,0.0,1.0,0.0,0.0,0
1996-01-01,345,1,0,0.0,0.0,1.0,0.0,0.0,0
1996-02-01,345,1,0,0.0,0.0,1.0,0.0,0.0,0
1996-03-01,345,1,0,0.0,0.0,1.0,0.0,0.0,0
1996-04-01,345,1,0,0.0,0.0,1.0,0.0,0.0,0
1996-05-01,345,1,0,0.0,0.0,1.0,0.0,0.0,0
1996-06-01,345,1,0,0.0,0.0,1.0,0.0,0.0,0
1996-07-01,345,1,0,0.0,0.0,1.0,0.0,0.0,0
1996-08-01,345,1,0,0.0,0.0,1.0,0.0,0.0,0
1996-09-01,345,1,0,0.0,0.0,1.0,0.0,0.0,0
1996-10-01,345,1,0,0.0,0.0,1.0,0.0,0.0,0
1996-11-01,345,1,0,0.0,0.0,1.0,0.0,0.0,0
1996-12-01,345,1,0,0.0,0.0,1.0,0.0,0.0,0
1997-01-01,345,1,0,0.0,0.0,1.0,0.0,0.0,0
1997-02-01,345,1,0,0.0,0.0,1.0,0.0,0.0,0
1997-03-01,345,1,0,0.0,0.0,1.0,0.0,0.0,0
1997-04-01,345,1,0,0.0,0.0,1.0,0.0,0.0,0
1997-05-01,345,1,0,0.0,0.0,1.0,0.0,0.0,0
1997-06-01,345,1,0,0.0,0.0,1.0,0.0,0.0,0
1997-07-01,345,1,0,0.0,0.0,1.0,0.0,0.0,0
1997-08-01,345,1,0,0.0,0.0,1.0,0.0,0.0,0
1997-09-01,345,1,0,0.0,0.0,1.0,0.0,0.0,0
1997-10-01,345,1,0,0.0,0.0,1.0,0.0,0.0,0
1997-11-01,345,1,0,0.0,0.0,1.0,0.0,0.0,0
1997-12-01,345,1,0,0.0,0.0,1.0,0.0,0.0,0
1998-01-01,345,1,0,0.0,0.0,1.0,0.0,0.0,0
1998-02-01,345,1,0,0.0,0.0,1.0,0.0,0.0,0
1998-03-01,345,1,0,0.0,0.0,1.0,0.0,0.0,0
1998-04-01,345,1,0,0.0,0.0,1.0,0.0,0.0,0
1998-05-01,345,1,0,0.0,0.0,1.0,0.0,0.0,0
1998-06-01,345,1,0,0.0,0.0,1.0,0.0,0.0,0
1998-07-01,345,1,0,0.0,0.0,1.0,0.0,0.0,0
1998-08-01,345,1,0,0.0,0.0,1.0,0.0,0.0,0
1998-09-01,345,1,0,0.0,0.0,1.0,0.0,0.0,0
1998-10-01,345,1,0,0.0,0.0,1.0,0.0,0.0,0
1998-11-01,345,1,0,0.0,0.0,1.0,0.0,0.0,0
1998-12-01,345,1,0,0.0,0.0,1.0,0.0,0.0,0
1999-01-01,345,1,0,0.0,0.0,1.0,0.0,0.0,0
1999-02-01,345,1,0,0.0,0.0,1.0,0.0,0.0,0
1999-03-01,345,1,0,0.0,0.0,1.0,0.0,0.0,0
1999-04-01,345,0,1,0.0,0.0,1.0,0.0,0.0,1
1999-05-01,345,1,0,0.0,0.0,0.0,0.0,0.0,0
1999-06-01,345,0,1,0.0,0.0,1.0,0.0,0.0,1
1999-07-01,345,1,0,0.0,0.0,0.0,0.0,0.0,0
1999-08-01,345,1,0,0.0,0.0,1.0,0.0,0.0,0
1999-09-01,345,1,0,0.0,0.0,1.0,0.0,0.0,0
1999-10-01,345,1,0,0.0,0.0,1.0,0.0,0.0,0
1999-11-01,345,1,0,0.0,0.0,1.0,0.0,0.0,0
1999-12-01,345,1,0,0.0,0.0,1.0,0.0,0.0,0
2000-01-01,345,1,0,0.0,0.0,1.0,0.0,0.0,0
2000-02-01,345,1,0,0.0,0.0,1.0,0.0,0.0,0
2000-03-01,345,1,0,0.0,0.0,1.0,0.0,0.0,0
2000-04-01,345,1,0,0.0,0.0,1.0,0.0,0.0,0
2000-05-01,345,1,0,0.0,0.0,1.0,0.0,0.0,0
2000-06-01,345,1,0,0.0,0.0,1.0,0.0,0.0,0
2000-07-01,345,1,0,0.0,0.0,1.0,0.0,0.0,0
2000-08-01,345,1,0,0.0,0.0,1.0,0.0,0.0,0
2000-09-01,345,1,0,0.0,0.0,1.0,0.0,0.0,0
2000-10-01,345,1,0,0.0,0.0,1.0,0.0,0.0,0
2000-11-01,345,0,1,1.0,0.0,1.0,0.0,0.0,1
2000-12-01,345,0,0,1.0,0.0,0.0,1.0,0.0,2
2001-01-01,345,1,0,0.0,0.0,0.0,1.0,0.0,0
2001-02-01,345,1,0,0.0,0.0,1.0,0.0,0.0,0
2001-03-01,345,0,1,0.0,0.0,1.0,0.0,0.0,1
2001-04-01,345,1,0,0.0,0.0,0.0,0.0,0.0,0
2001-05-01,345,0,1,0.0,0.0,1.0,0.0,0.0,1
1992-05-01,346,0,1,1.0,0.0,,,,1
1992-06-01,346,0,1,1.0,0.0,0.0,1.0,0.0,2
1992-07-01,346,0,1,1.0,0.0,0.0,1.0,0.0,3
1992-08-01,346,1,0,0.0,0.0,0.0,1.0,0.0,0
1992-09-01,346,0,1,1.0,0.0,1.0,0.0,0.0,1
1992-10-01,346,1,0,0.0,0.0,0.0,1.0,0.0,0
1992-11-01,346,1,0,0.0,0.0,1.0,0.0,0.0,0
1992-12-01,346,1,0,0.0,0.0,1.0,0.0,0.0,0
1993-01-01,346,0,1,1.0,0.0,1.0,0.0,0.0,1
1993-02-01,346,0,1,0.0,0.0,0.0,1.0,0.0,2
1993-03-01,346,0,1,0.0,0.0,0.0,0.0,0.0,3
1993-04-01,346,0,1,1.0,0.0,0.0,0.0,0.0,4
1993-05-01,346,0,1,0.0,0.0,0.0,1.0,0.0,5
1993-06-01,346,0,1,1.0,0.0,0.0,0.0,0.0,6
1993-07-01,346,0,1,1.0,0.0,0.0,1.0,0.0,7
1993-08-01,346,0,1,0.0,0.0,0.0,1.0,0.0,8
1993-09-01,346,0,1,0.0,0.0,0.0,0.0,0.0,9
1993-10-01,346,0,1,0.0,0.0,0.0,0.0,0.0,10
1993-11-01,346,0,1,0.0,0.0,0.0,0.0,0.0,11
1993-12-01,346,0,1,1.0,0.0,0.0,0.0,0.0,12
1994-01-01,346,0,0,1.0,0.0,0.0,1.0,0.0,13
1994-02-01,346,1,0,0.0,0.0,0.0,1.0,0.0,0
1994-03-01,346,1,0,0.0,0.0,1.0,0.0,0.0,0
1994-04-01,346,0,1,1.0,2.0,1.0,0.0,0.0,1
1994-05-01,346,1,0,0.0,0.0,0.0,1.0,2.0,0
1994-06-01,346,0,1,1.0,0.0,1.0,0.0,0.0,1
1994-07-01,346,0,1,1.0,0.0,0.0,1.0,0.0,2
1994-08-01,346,0,0,1.0,0.0,0.0,1.0,0.0,3
1994-09-01,346,1,0,0.0,0.0,0.0,1.0,0.0,0
1994-10-01,346,1,0,0.0,0.0,1.0,0.0,0.0,0
1994-11-01,346,1,0,0.0,0.0,1.0,0.0,0.0,0
1994-12-01,346,0,1,1.0,0.0,1.0,0.0,0.0,1
1995-01-01,346,1,0,0.0,0.0,0.0,1.0,0.0,0
1995-02-01,346,1,0,0.0,0.0,1.0,0.0,0.0,0
1995-03-01,346,1,0,0.0,0.0,1.0,0.0,0.0,0
1995-04-01,346,1,0,0.0,0.0,1.0,0.0,0.0,0
1995-05-01,346,1,0,0.0,0.0,1.0,0.0,0.0,0
1995-06-01,346,1,0,0.0,0.0,1.0,0.0,0.0,0
1995-07-01,346,1,0,0.0,0.0,1.0,0.0,0.0,0
1995-08-01,346,1,0,0.0,0.0,1.0,0.0,0.0,0
1995-09-01,346,0,1,0.0,0.0,1.0,0.0,0.0,1
1995-10-01,346,0,1,0.0,2.0,0.0,0.0,0.0,2
1995-11-01,346,0,0,0.0,2.0,0.0,0.0,2.0,3
1995-12-01,346,0,0,0.0,2.0,0.0,0.0,2.0,4
1992-03-01,359,0,1,0.0,0.0,,,,1
1992-04-01,359,0,1,0.0,0.0,0.0,0.0,0.0,2
1992-05-01,359,0,1,0.0,0.0,0.0,0.0,0.0,3
1992-06-01,359,0,1,1.0,0.0,0.0,0.0,0.0,4
1992-07-01,359,0,1,0.0,1.0,0.0,1.0,0.0,5
1995-01-01,365,0,1,0.0,0.0,,,,1
1995-02-01,365,0,1,0.0,0.0,0.0,0.0,0.0,2
1995-03-01,365,1,0,0.0,0.0,0.0,0.0,0.0,0
1995-04-01,365,0,1,0.0,0.0,1.0,0.0,0.0,1
1995-05-01,365,0,0,0.0,0.0,0.0,0.0,0.0,2
1995-06-01,365,0,1,1.0,0.0,0.0,0.0,0.0,3
1995-07-01,365,1,0,0.0,0.0,0.0,1.0,0.0,0
1995-08-01,365,1,0,0.0,0.0,1.0,0.0,0.0,0
1995-09-01,365,1,0,0.0,0.0,1.0,0.0,0.0,0
1995-10-01,365,1,0,0.0,0.0,1.0,0.0,0.0,0
1995-11-01,365,1,0,0.0,0.0,1.0,0.0,0.0,0
1995-12-01,365,1,0,0.0,0.0,1.0,0.0,0.0,0
1996-01-01,365,1,0,0.0,0.0,1.0,0.0,0.0,0
1996-02-01,365,1,0,0.0,0.0,1.0,0.0,0.0,0
1996-03-01,365,1,0,0.0,0.0,1.0,0.0,0.0,0
1996-04-01,365,1,0,0.0,0.0,1.0,0.0,0.0,0
1996-05-01,365,1,0,0.0,0.0,1.0,0.0,0.0,0
1996-06-01,365,1,0,0.0,0.0,1.0,0.0,0.0,0
1996-07-01,365,1,0,0.0,0.0,1.0,0.0,0.0,0
1996-08-01,365,0,1,0.0,0.0,1.0,0.0,0.0,1
1996-09-01,365,1,0,0.0,0.0,0.0,0.0,0.0,0
1996-10-01,365,1,0,0.0,0.0,1.0,0.0,0.0,0
1996-11-01,365,1,0,0.0,0.0,1.0,0.0,0.0,0
1996-12-01,365,1,0,0.0,0.0,1.0,0.0,0.0,0
1997-01-01,365,1,0,0.0,0.0,1.0,0.0,0.0,0
1997-02-01,365,1,0,0.0,0.0,1.0,0.0,0.0,0
1997-03-01,365,1,0,0.0,0.0,1.0,0.0,0.0,0
1997-04-01,365,1,0,0.0,0.0,1.0,0.0,0.0,0
1997-05-01,365,1,0,0.0,0.0,1.0,0.0,0.0,0
1997-06-01,365,1,0,0.0,0.0,1.0,0.0,0.0,0
1997-07-01,365,1,0,0.0,0.0,1.0,0.0,0.0,0
1997-08-01,365,1,0,0.0,0.0,1.0,0.0,0.0,0
1997-09-01,365,1,0,0.0,0.0,1.0,0.0,0.0,0
1997-10-01,365,1,0,0.0,0.0,1.0,0.0,0.0,0
1997-11-01,365,1,0,0.0,0.0,1.0,0.0,0.0,0
1997-12-01,365,1,0,0.0,0.0,1.0,0.0,0.0,0
1998-01-01,365,1,0,0.0,0.0,1.0,0.0,0.0,0
1998-02-01,365,1,0,0.0,0.0,1.0,0.0,0.0,0
1998-03-01,365,1,0,0.0,0.0,1.0,0.0,0.0,0
1998-04-01,365,1,0,0.0,0.0,1.0,0.0,0.0,0
1998-05-01,365,1,0,0.0,0.0,1.0,0.0,0.0,0
1998-06-01,365,1,0,0.0,0.0,1.0,0.0,0.0,0
1998-07-01,365,1,0,0.0,0.0,1.0,0.0,0.0,0
1998-08-01,365,1,0,0.0,0.0,1.0,0.0,0.0,0
1998-09-01,365,1,0,0.0,0.0,1.0,0.0,0.0,0
1998-10-01,365,1,0,0.0,0.0,1.0,0.0,0.0,0
1998-11-01,365,1,0,0.0,0.0,1.0,0.0,0.0,0
1998-12-01,365,1,0,0.0,0.0,1.0,0.0,0.0,0
1999-01-01,365,1,0,0.0,0.0,1.0,0.0,0.0,0
1999-02-01,365,1,0,0.0,0.0,1.0,0.0,0.0,0
1999-03-01,365,1,0,0.0,0.0,1.0,0.0,0.0,0
1999-04-01,365,1,0,0.0,0.0,1.0,0.0,0.0,0
1999-05-01,365,1,0,0.0,0.0,1.0,0.0,0.0,0
1999-06-01,365,1,0,0.0,0.0,1.0,0.0,0.0,0
1999-07-01,365,1,0,0.0,0.0,1.0,0.0,0.0,0
1999-08-01,365,1,0,0.0,0.0,1.0,0.0,0.0,0
1999-09-01,365,1,0,0.0,0.0,1.0,0.0,0.0,0
1999-10-01,365,1,0,0.0,0.0,1.0,0.0,0.0,0
1999-11-01,365,1,0,0.0,0.0,1.0,0.0,0.0,0
1999-12-01,365,0,1,0.0,0.0,1.0,0.0,0.0,1
2000-01-01,365,1,0,0.0,0.0,0.0,0.0,0.0,0
2000-02-01,365,1,0,0.0,0.0,1.0,0.0,0.0,0
2000-03-01,365,1,0,0.0,0.0,1.0,0.0,0.0,0
2000-04-01,365,1,0,0.0,0.0,1.0,0.0,0.0,0
2000-05-01,365,0,1,0.0,0.0,1.0,0.0,0.0,1
2000-06-01,365,1,0,0.0,0.0,0.0,0.0,0.0,0
2000-07-01,365,1,0,0.0,0.0,1.0,0.0,0.0,0
2000-08-01,365,1,0,0.0,0.0,1.0,0.0,0.0,0
2000-09-01,365,1,0,0.0,0.0,1.0,0.0,0.0,0
2000-10-01,365,1,0,0.0,0.0,1.0,0.0,0.0,0
2000-11-01,365,1,0,0.0,0.0,1.0,0.0,0.0,0
2000-12-01,365,1,0,0.0,0.0,1.0,0.0,0.0,0
2001-01-01,365,1,0,0.0,0.0,1.0,0.0,0.0,0
2001-02-01,365,1,0,0.0,0.0,1.0,0.0,0.0,0
2001-03-01,365,1,0,0.0,0.0,1.0,0.0,0.0,0
2001-04-01,365,1,0,0.0,0.0,1.0,0.0,0.0,0
2001-05-01,365,1,0,0.0,0.0,1.0,0.0,0.0,0
2001-06-01,365,1,0,0.0,0.0,1.0,0.0,0.0,0
2001-07-01,365,1,0,0.0,0.0,1.0,0.0,0.0,0
2001-08-01,365,1,0,0.0,0.0,1.0,0.0,0.0,0
2001-09-01,365,1,0,0.0,0.0,1.0,0.0,0.0,0
2001-10-01,365,1,0,0.0,0.0,1.0,0.0,0.0,0
2001-11-01,365,1,0,0.0,0.0,1.0,0.0,0.0,0
2001-12-01,365,1,0,0.0,0.0,1.0,0.0,0.0,0
2002-01-01,365,1,0,0.0,0.0,1.0,0.0,0.0,0
2002-02-01,365,1,0,0.0,0.0,1.0,0.0,0.0,0
2002-03-01,365,1,0,0.0,0.0,1.0,0.0,0.0,0
2002-04-01,365,1,0,0.0,0.0,1.0,0.0,0.0,0
2002-05-01,365,1,0,0.0,0.0,1.0,0.0,0.0,0
2002-06-01,365,1,0,0.0,0.0,1.0,0.0,0.0,0
2002-07-01,365,1,0,0.0,0.0,1.0,0.0,0.0,0
2002-08-01,365,1,0,0.0,0.0,1.0,0.0,0.0,0
2002-09-01,365,1,0,0.0,0.0,1.0,0.0,0.0,0
2002-10-01,365,1,0,0.0,0.0,1.0,0.0,0.0,0
2002-11-01,365,1,0,0.0,0.0,1.0,0.0,0.0,0
2002-12-01,365,1,0,0.0,0.0,1.0,0.0,0.0,0
2003-01-01,365,1,0,0.0,0.0,1.0,0.0,0.0,0
2003-02-01,365,1,0,0.0,0.0,1.0,0.0,0.0,0
2003-03-01,365,1,0,0.0,0.0,1.0,0.0,0.0,0
2003-04-01,365,1,0,0.0,0.0,1.0,0.0,0.0,0
2003-05-01,365,1,0,0.0,0.0,1.0,0.0,0.0,0
2003-06-01,365,1,0,0.0,0.0,1.0,0.0,0.0,0
2003-07-01,365,1,0,0.0,0.0,1.0,0.0,0.0,0
2003-08-01,365,1,0,0.0,0.0,1.0,0.0,0.0,0
2003-09-01,365,1,0,0.0,0.0,1.0,0.0,0.0,0
2003-10-01,365,1,0,0.0,0.0,1.0,0.0,0.0,0
2003-11-01,365,1,0,0.0,0.0,1.0,0.0,0.0,0
2003-12-01,365,1,0,0.0,0.0,1.0,0.0,0.0,0
2004-01-01,365,1,0,0.0,0.0,1.0,0.0,0.0,0
2004-02-01,365,1,0,0.0,0.0,1.0,0.0,0.0,0
2004-03-01,365,1,0,0.0,0.0,1.0,0.0,0.0,0
2004-04-01,365,1,0,0.0,0.0,1.0,0.0,0.0,0
2004-05-01,365,1,0,0.0,0.0,1.0,0.0,0.0,0
2004-06-01,365,1,0,0.0,0.0,1.0,0.0,0.0,0
2004-07-01,365,1,0,0.0,0.0,1.0,0.0,0.0,0
2004-08-01,365,1,0,0.0,0.0,1.0,0.0,0.0,0
2004-09-01,365,1,0,0.0,0.0,1.0,0.0,0.0,0
2004-10-01,365,1,0,0.0,0.0,1.0,0.0,0.0,0
2004-11-01,365,1,0,0.0,0.0,1.0,0.0,0.0,0
2004-12-01,365,1,0,0.0,0.0,1.0,0.0,0.0,0
2005-01-01,365,1,1,0.0,0.0,1.0,0.0,0.0,0
2005-02-01,365,0,0,0.0,0.0,1.0,0.0,0.0,1
2014-01-01,369,0,1,1.0,0.0,,,,1
2014-02-01,369,0,1,0.0,0.0,0.0,1.0,0.0,2
2014-03-01,369,1,0,0.0,0.0,0.0,0.0,0.0,0
2014-04-01,369,0,1,0.0,0.0,1.0,0.0,0.0,1
2014-05-01,369,1,0,0.0,0.0,0.0,0.0,0.0,0
2014-06-01,369,0,1,1.0,0.0,1.0,0.0,0.0,1
2014-07-01,369,0,1,0.0,0.0,0.0,1.0,0.0,2
2014-08-01,369,0,0,0.0,0.0,0.0,0.0,0.0,3
2014-09-01,369,1,0,0.0,0.0,0.0,0.0,0.0,0
2014-10-01,369,0,1,0.0,0.0,1.0,0.0,0.0,1
2014-11-01,369,1,0,0.0,0.0,0.0,0.0,0.0,0
2014-12-01,369,0,1,0.0,0.0,1.0,0.0,0.0,1
2015-01-01,369,0,1,0.0,0.0,0.0,0.0,0.0,2
2015-02-01,369,0,1,1.0,0.0,0.0,0.0,0.0,3
2015-03-01,369,0,1,1.0,0.0,0.0,1.0,0.0,4
2015-04-01,369,0,1,1.0,0.0,0.0,1.0,0.0,5
2015-05-01,369,1,0,0.0,0.0,0.0,1.0,0.0,0
2015-06-01,369,0,1,1.0,0.0,1.0,0.0,0.0,1
2015-07-01,369,1,0,0.0,0.0,0.0,1.0,0.0,0
2015-08-01,369,0,1,1.0,0.0,1.0,0.0,0.0,1
2015-09-01,369,1,0,0.0,0.0,0.0,1.0,0.0,0
2015-10-01,369,1,0,0.0,0.0,1.0,0.0,0.0,0
2015-11-01,369,1,0,0.0,0.0,1.0,0.0,0.0,0
2015-12-01,369,1,0,0.0,0.0,1.0,0.0,0.0,0
2016-01-01,369,1,0,0.0,0.0,1.0,0.0,0.0,0
2016-02-01,369,1,0,0.0,0.0,1.0,0.0,0.0,0
2016-03-01,369,1,0,0.0,0.0,1.0,0.0,0.0,0
2016-04-01,369,0,1,1.0,0.0,1.0,0.0,0.0,1
2016-05-01,369,0,0,1.0,0.0,0.0,1.0,0.0,2
2016-06-01,369,1,0,0.0,0.0,0.0,1.0,0.0,0
2016-07-01,369,1,0,0.0,0.0,1.0,0.0,0.0,0
2016-08-01,369,1,0,0.0,0.0,1.0,0.0,0.0,0
2016-09-01,369,1,0,0.0,0.0,1.0,0.0,0.0,0
2016-10-01,369,1,0,0.0,0.0,1.0,0.0,0.0,0
2016-11-01,369,1,0,0.0,0.0,1.0,0.0,0.0,0
2016-12-01,369,1,0,0.0,0.0,1.0,0.0,0.0,0
2017-01-01,369,0,1,0.0,0.0,1.0,0.0,0.0,1
2017-02-01,369,0,1,0.0,0.0,0.0,0.0,0.0,2
2017-03-01,369,0,1,0.0,0.0,0.0,0.0,0.0,3
2017-04-01,369,0,1,1.0,0.0,0.0,0.0,0.0,4
2017-05-01,369,0,1,1.0,0.0,0.0,1.0,0.0,5
2017-06-01,369,0,1,1.0,0.0,0.0,1.0,0.0,6
2017-07-01,369,0,0,1.0,0.0,0.0,1.0,0.0,7
2017-08-01,369,0,1,1.0,0.0,0.0,1.0,0.0,8
2017-09-01,369,0,0,1.0,0.0,0.0,1.0,0.0,9
2017-10-01,369,0,0,1.0,0.0,0.0,1.0,0.0,10
2017-11-01,369,0,0,1.0,0.0,0.0,1.0,0.0,11
2017-12-01,369,0,1,1.0,0.0,0.0,1.0,0.0,12
2018-01-01,369,0,0,1.0,0.0,0.0,1.0,0.0,13
2018-02-01,369,0,1,1.0,0.0,0.0,1.0,0.0,14
2018-03-01,369,0,1,1.0,0.0,0.0,1.0,0.0,15
2018-04-01,369,0,0,1.0,0.0,0.0,1.0,0.0,16
2018-05-01,369,1,0,0.0,0.0,0.0,1.0,0.0,0
2018-06-01,369,1,1,0.0,0.0,1.0,0.0,0.0,0
2018-07-01,369,0,0,1.0,0.0,1.0,0.0,0.0,1
2018-08-01,369,0,1,1.0,0.0,0.0,1.0,0.0,2
2018-09-01,369,0,0,1.0,0.0,0.0,1.0,0.0,3
2018-10-01,369,0,0,1.0,0.0,0.0,1.0,0.0,4
2018-11-01,369,0,0,1.0,0.0,0.0,1.0,0.0,5
2018-12-01,369,0,0,1.0,0.0,0.0,1.0,0.0,6
1991-12-01,372,0,1,0.0,0.0,,,,1
1992-01-01,372,0,1,0.0,0.0,0.0,0.0,0.0,2
1992-02-01,372,1,0,0.0,0.0,0.0,0.0,0.0,0
1992-03-01,372,1,0,0.0,0.0,1.0,0.0,0.0,0
1992-04-01,372,1,0,0.0,0.0,1.0,0.0,0.0,0
1992-05-01,372,1,0,0.0,0.0,1.0,0.0,0.0,0
1992-06-01,372,0,1,0.0,1.0,1.0,0.0,0.0,1
1992-07-01,372,0,0,0.0,1.0,0.0,0.0,1.0,2
1992-08-01,372,0,1,0.0,0.0,0.0,0.0,1.0,3
1992-09-01,372,0,1,1.0,0.0,0.0,0.0,0.0,4
1992-10-01,372,0,0,0.0,1.0,0.0,1.0,0.0,5
1992-11-01,372,0,1,0.0,0.0,0.0,0.0,1.0,6
1992-12-01,372,0,0,0.0,1.0,0.0,0.0,0.0,7
1993-01-01,372,0,0,0.0,1.0,0.0,0.0,1.0,8
1993-02-01,372,0,0,0.0,1.0,0.0,0.0,1.0,9
1993-03-01,372,0,1,0.0,0.0,0.0,0.0,1.0,10
1993-04-01,372,0,1,1.0,0.0,0.0,0.0,0.0,11
1993-05-01,372,0,1,1.0,0.0,0.0,1.0,0.0,12
1993-06-01,372,0,1,0.0,0.0,0.0,1.0,0.0,13
1993-07-01,372,0,1,1.0,0.0,0.0,0.0,0.0,14
1993-08-01,372,0,0,0.0,1.0,0.0,1.0,0.0,15
1993-09-01,372,0,0,0.0,1.0,0.0,0.0,1.0,16
1993-10-01,372,0,0,0.0,1.0,0.0,0.0,1.0,17
1993-11-01,372,0,0,0.0,1.0,0.0,0.0,1.0,18
1993-12-01,372,0,1,1.0,1.0,0.0,0.0,1.0,19
1994-01-01,372,0,0,1.0,1.0,0.0,1.0,1.0,20
1994-02-01,372,0,0,1.0,1.0,0.0,1.0,1.0,21
1994-03-01,372,0,0,0.0,1.0,0.0,1.0,1.0,22
1994-04-01,372,0,1,1.0,1.0,0.0,0.0,1.0,23
1994-05-01,372,0,1,1.0,1.0,0.0,1.0,1.0,24
1994-06-01,372,0,0,1.0,1.0,0.0,1.0,1.0,25
1994-07-01,372,0,0,1.0,1.0,0.0,1.0,1.0,26
1994-08-01,372,0,0,1.0,1.0,0.0,1.0,1.0,27
1994-09-01,372,0,0,1.0,1.0,0.0,1.0,1.0,28
1994-10-01,372,0,0,1.0,1.0,0.0,1.0,1.0,29
1994-11-01,372,0,0,1.0,1.0,0.0,1.0,1.0,30
1994-12-01,372,0,0,1.0,1.0,0.0,1.0,1.0,31
1995-01-01,372,0,0,1.0,1.0,0.0,1.0,1.0,32
1995-02-01,372,0,0,1.0,1.0,0.0,1.0,1.0,33
1995-03-01,372,0,0,1.0,1.0,0.0,1.0,1.0,34
1995-04-01,372,0,0,1.0,1.0,0.0,1.0,1.0,35
1995-05-01,372,0,0,1.0,1.0,0.0,1.0,1.0,36
1995-06-01,372,0,0,1.0,1.0,0.0,1.0,1.0,37
1995-07-01,372,0,0,1.0,1.0,0.0,1.0,1.0,38
1995-08-01,372,0,0,1.0,1.0,0.0,1.0,1.0,39
1995-09-01,372,0,0,1.0,1.0,0.0,1.0,1.0,40
1995-10-01,372,0,0,1.0,1.0,0.0,1.0,1.0,41
1995-11-01,372,0,0,1.0,1.0,0.0,1.0,1.0,42
1995-12-01,372,0,0,1.0,1.0,0.0,1.0,1.0,43
1996-01-01,372,0,0,1.0,1.0,0.0,1.0,1.0,44
1996-02-01,372,0,0,1.0,1.0,0.0,1.0,1.0,45
1996-03-01,372,0,0,1.0,1.0,0.0,1.0,1.0,46
1996-04-01,372,0,0,1.0,1.0,0.0,1.0,1.0,47
1996-05-01,372,0,0,1.0,1.0,0.0,1.0,1.0,48
1996-06-01,372,0,0,1.0,1.0,0.0,1.0,1.0,49
1996-07-01,372,0,0,1.0,1.0,0.0,1.0,1.0,50
1996-08-01,372,0,0,1.0,1.0,0.0,1.0,1.0,51
1996-09-01,372,0,0,1.0,1.0,0.0,1.0,1.0,52
1996-10-01,372,0,0,1.0,1.0,0.0,1.0,1.0,53
1996-11-01,372,0,0,1.0,1.0,0.0,1.0,1.0,54
1996-12-01,372,0,0,1.0,1.0,0.0,1.0,1.0,55
1997-01-01,372,0,0,1.0,1.0,0.0,1.0,1.0,56
1997-02-01,372,0,0,1.0,1.0,0.0,1.0,1.0,57
1997-03-01,372,0,0,1.0,1.0,0.0,1.0,1.0,58
1997-04-01,372,0,0,1.0,1.0,0.0,1.0,1.0,59
1997-05-01,372,0,0,1.0,1.0,0.0,1.0,1.0,60
1997-06-01,372,0,0,1.0,1.0,0.0,1.0,1.0,61
1997-07-01,372,0,0,1.0,1.0,0.0,1.0,1.0,62
1997-08-01,372,0,0,1.0,1.0,0.0,1.0,1.0,63
1997-09-01,372,0,0,1.0,1.0,0.0,1.0,1.0,64
1997-10-01,372,0,0,1.0,1.0,0.0,1.0,1.0,65
1997-11-01,372,0,0,1.0,1.0,0.0,1.0,1.0,66
1997-12-01,372,0,0,1.0,1.0,0.0,1.0,1.0,67
1998-01-01,372,0,0,1.0,1.0,0.0,1.0,1.0,68
1998-02-01,372,0,0,1.0,1.0,0.0,1.0,1.0,69
1998-03-01,372,0,0,1.0,1.0,0.0,1.0,1.0,70
1998-04-01,372,0,0,1.0,1.0,0.0,1.0,1.0,71
1998-05-01,372,0,1,1.0,1.0,0.0,1.0,1.0,72
1998-06-01,372,0,0,1.0,1.0,0.0,1.0,1.0,73
1998-07-01,372,0,0,1.0,1.0,0.0,1.0,1.0,74
1998-08-01,372,0,0,1.0,1.0,0.0,1.0,1.0,75
1998-09-01,372,0,0,1.0,1.0,0.0,1.0,1.0,76
1998-10-01,372,0,0,1.0,1.0,0.0,1.0,1.0,77
1998-11-01,372,0,0,1.0,1.0,0.0,1.0,1.0,78
1998-12-01,372,0,0,1.0,1.0,0.0,1.0,1.0,79
1999-01-01,372,0,0,1.0,1.0,0.0,1.0,1.0,80
1999-02-01,372,0,0,1.0,1.0,0.0,1.0,1.0,81
1999-03-01,372,0,0,1.0,1.0,0.0,1.0,1.0,82
1999-04-01,372,0,0,1.0,1.0,0.0,1.0,1.0,83
1999-05-01,372,0,0,1.0,1.0,0.0,1.0,1.0,84
1999-06-01,372,0,0,1.0,1.0,0.0,1.0,1.0,85
1999-07-01,372,0,0,1.0,1.0,0.0,1.0,1.0,86
1999-08-01,372,0,0,1.0,1.0,0.0,1.0,1.0,87
1999-09-01,372,0,0,1.0,1.0,0.0,1.0,1.0,88
1999-10-01,372,0,0,1.0,1.0,0.0,1.0,1.0,89
1999-11-01,372,0,0,1.0,1.0,0.0,1.0,1.0,90
1999-12-01,372,0,0,1.0,1.0,0.0,1.0,1.0,91
2000-01-01,372,0,0,1.0,1.0,0.0,1.0,1.0,92
2000-02-01,372,0,0,1.0,1.0,0.0,1.0,1.0,93
2000-03-01,372,0,0,1.0,1.0,0.0,1.0,1.0,94
2000-04-01,372,0,0,1.0,1.0,0.0,1.0,1.0,95
2000-05-01,372,0,0,1.0,1.0,0.0,1.0,1.0,96
2000-06-01,372,0,0,1.0,1.0,0.0,1.0,1.0,97
2000-07-01,372,0,0,1.0,1.0,0.0,1.0,1.0,98
2000-08-01,372,0,0,1.0,1.0,0.0,1.0,1.0,99
2000-09-01,372,0,0,1.0,1.0,0.0,1.0,1.0,100
2000-10-01,372,0,0,1.0,1.0,0.0,1.0,1.0,101
2000-11-01,372,0,0,1.0,1.0,0.0,1.0,1.0,102
2000-12-01,372,0,0,1.0,1.0,0.0,1.0,1.0,103
2001-01-01,372,0,0,1.0,1.0,0.0,1.0,1.0,104
2001-02-01,372,0,0,1.0,1.0,0.0,1.0,1.0,105
2001-03-01,372,0,0,1.0,1.0,0.0,1.0,1.0,106
2001-04-01,372,0,0,1.0,1.0,0.0,1.0,1.0,107
2001-05-01,372,0,0,1.0,1.0,0.0,1.0,1.0,108
2001-06-01,372,0,0,1.0,1.0,0.0,1.0,1.0,109
2001-07-01,372,0,0,1.0,1.0,0.0,1.0,1.0,110
2001-08-01,372,0,0,1.0,1.0,0.0,1.0,1.0,111
2001-09-01,372,0,0,1.0,1.0,0.0,1.0,1.0,112
2001-10-01,372,0,0,1.0,1.0,0.0,1.0,1.0,113
2001-11-01,372,0,0,1.0,1.0,0.0,1.0,1.0,114
2001-12-01,372,0,0,1.0,1.0,0.0,1.0,1.0,115
2002-01-01,372,0,0,1.0,1.0,0.0,1.0,1.0,116
2002-02-01,372,0,0,1.0,1.0,0.0,1.0,1.0,117
2002-03-01,372,0,0,1.0,1.0,0.0,1.0,1.0,118
2002-04-01,372,0,0,1.0,1.0,0.0,1.0,1.0,119
2002-05-01,372,0,0,1.0,1.0,0.0,1.0,1.0,120
2002-06-01,372,0,0,1.0,1.0,0.0,1.0,1.0,121
2002-07-01,372,0,0,1.0,1.0,0.0,1.0,1.0,122
2002-08-01,372,0,0,1.0,1.0,0.0,1.0,1.0,123
2002-09-01,372,0,0,1.0,1.0,0.0,1.0,1.0,124
2002-10-01,372,0,0,1.0,1.0,0.0,1.0,1.0,125
2002-11-01,372,0,0,1.0,1.0,0.0,1.0,1.0,126
2002-12-01,372,0,0,1.0,1.0,0.0,1.0,1.0,127
2003-01-01,372,0,0,1.0,1.0,0.0,1.0,1.0,128
2003-02-01,372,0,0,1.0,1.0,0.0,1.0,1.0,129
2003-03-01,372,0,0,1.0,1.0,0.0,1.0,1.0,130
2003-04-01,372,0,0,1.0,1.0,0.0,1.0,1.0,131
2003-05-01,372,0,0,1.0,1.0,0.0,1.0,1.0,132
2003-06-01,372,0,0,1.0,1.0,0.0,1.0,1.0,133
2003-07-01,372,0,0,1.0,1.0,0.0,1.0,1.0,134
2003-08-01,372,0,0,1.0,1.0,0.0,1.0,1.0,135
2003-09-01,372,0,0,1.0,1.0,0.0,1.0,1.0,136
2003-10-01,372,0,0,1.0,1.0,0.0,1.0,1.0,137
2003-11-01,372,0,0,1.0,1.0,0.0,1.0,1.0,138
2003-12-01,372,0,0,1.0,1.0,0.0,1.0,1.0,139
2004-01-01,372,0,0,1.0,1.0,0.0,1.0,1.0,140
2004-02-01,372,0,0,1.0,1.0,0.0,1.0,1.0,141
2004-03-01,372,0,0,1.0,1.0,0.0,1.0,1.0,142
2004-04-01,372,0,0,1.0,1.0,0.0,1.0,1.0,143
2004-05-01,372,0,0,1.0,1.0,0.0,1.0,1.0,144
2004-06-01,372,0,0,1.0,1.0,0.0,1.0,1.0,145
2004-07-01,372,0,0,1.0,1.0,0.0,1.0,1.0,146
2004-08-01,372,0,1,1.0,1.0,0.0,1.0,1.0,147
2004-09-01,372,0,0,1.0,1.0,0.0,1.0,1.0,148
2004-10-01,372,0,0,1.0,1.0,0.0,1.0,1.0,149
2004-11-01,372,0,0,1.0,1.0,0.0,1.0,1.0,150
2004-12-01,372,0,0,1.0,1.0,0.0,1.0,1.0,151
2005-01-01,372,0,0,1.0,1.0,0.0,1.0,1.0,152
2005-02-01,372,0,0,1.0,1.0,0.0,1.0,1.0,153
2005-03-01,372,0,0,1.0,1.0,0.0,1.0,1.0,154
2005-04-01,372,0,0,1.0,1.0,0.0,1.0,1.0,155
2005-05-01,372,0,0,1.0,1.0,0.0,1.0,1.0,156
2005-06-01,372,0,0,1.0,1.0,0.0,1.0,1.0,157
2005-07-01,372,0,0,1.0,1.0,0.0,1.0,1.0,158
2005-08-01,372,0,0,1.0,1.0,0.0,1.0,1.0,159
2005-09-01,372,0,0,1.0,1.0,0.0,1.0,1.0,160
2005-10-01,372,0,0,1.0,1.0,0.0,1.0,1.0,161
2005-11-01,372,0,0,1.0,1.0,0.0,1.0,1.0,162
2005-12-01,372,0,0,1.0,1.0,0.0,1.0,1.0,163
2006-01-01,372,0,0,1.0,1.0,0.0,1.0,1.0,164
2006-02-01,372,0,0,1.0,1.0,0.0,1.0,1.0,165
2006-03-01,372,0,0,1.0,1.0,0.0,1.0,1.0,166
2006-04-01,372,0,0,1.0,1.0,0.0,1.0,1.0,167
2006-05-01,372,0,0,1.0,1.0,0.0,1.0,1.0,168
2006-06-01,372,0,0,1.0,1.0,0.0,1.0,1.0,169
2006-07-01,372,0,0,1.0,1.0,0.0,1.0,1.0,170
2006-08-01,372,0,0,1.0,1.0,0.0,1.0,1.0,171
2006-09-01,372,0,0,1.0,1.0,0.0,1.0,1.0,172
2006-10-01,372,0,0,1.0,1.0,0.0,1.0,1.0,173
2006-11-01,372,0,0,1.0,1.0,0.0,1.0,1.0,174
2006-12-01,372,0,0,1.0,1.0,0.0,1.0,1.0,175
2007-01-01,372,0,0,1.0,1.0,0.0,1.0,1.0,176
2007-02-01,372,0,0,1.0,1.0,0.0,1.0,1.0,177
2007-03-01,372,0,0,1.0,1.0,0.0,1.0,1.0,178
2007-04-01,372,0,0,1.0,1.0,0.0,1.0,1.0,179
2007-05-01,372,0,0,1.0,1.0,0.0,1.0,1.0,180
2007-06-01,372,0,0,1.0,1.0,0.0,1.0,1.0,181
2007-07-01,372,0,0,1.0,1.0,0.0,1.0,1.0,182
2007-08-01,372,0,0,1.0,1.0,0.0,1.0,1.0,183
2007-09-01,372,0,0,1.0,1.0,0.0,1.0,1.0,184
2007-10-01,372,0,0,1.0,1.0,0.0,1.0,1.0,185
2007-11-01,372,0,0,1.0,1.0,0.0,1.0,1.0,186
2007-12-01,372,0,0,1.0,1.0,0.0,1.0,1.0,187
2008-01-01,372,0,0,1.0,1.0,0.0,1.0,1.0,188
2008-02-01,372,0,0,1.0,1.0,0.0,1.0,1.0,189
2008-03-01,372,0,0,1.0,1.0,0.0,1.0,1.0,190
2008-04-01,372,0,0,1.0,1.0,0.0,1.0,1.0,191
2008-05-01,372,0,0,1.0,1.0,0.0,1.0,1.0,192
2008-06-01,372,0,0,1.0,1.0,0.0,1.0,1.0,193
2008-07-01,372,0,0,1.0,1.0,0.0,1.0,1.0,194
2008-08-01,372,0,1,1.0,0.0,0.0,1.0,1.0,195
2008-09-01,372,0,0,1.0,0.0,0.0,1.0,0.0,196
1992-03-01,373,0,1,1.0,0.0,,,,1
1992-04-01,373,1,0,0.0,0.0,0.0,1.0,0.0,0
1992-05-01,373,1,0,0.0,0.0,1.0,0.0,0.0,0
1992-06-01,373,1,0,0.0,0.0,1.0,0.0,0.0,0
1992-07-01,373,1,0,0.0,0.0,1.0,0.0,0.0,0
1992-08-01,373,1,0,0.0,0.0,1.0,0.0,0.0,0
1992-09-01,373,1,0,0.0,0.0,1.0,0.0,0.0,0
1992-10-01,373,1,0,0.0,0.0,1.0,0.0,0.0,0
1992-11-01,373,1,0,0.0,0.0,1.0,0.0,0.0,0
1992-12-01,373,1,0,0.0,0.0,1.0,0.0,0.0,0
1993-01-01,373,1,0,0.0,0.0,1.0,0.0,0.0,0
1993-02-01,373,1,0,0.0,0.0,1.0,0.0,0.0,0
1993-03-01,373,1,0,0.0,0.0,1.0,0.0,0.0,0
1993-04-01,373,0,1,0.0,0.0,1.0,0.0,0.0,1
1993-05-01,373,1,0,0.0,0.0,0.0,0.0,0.0,0
1993-06-01,373,1,0,0.0,0.0,1.0,0.0,0.0,0
1993-07-01,373,0,1,0.0,0.0,1.0,0.0,0.0,1
1993-08-01,373,0,1,0.0,0.0,0.0,0.0,0.0,2
1993-09-01,373,0,1,0.0,0.0,0.0,0.0,0.0,3
1993-10-01,373,0,0,0.0,0.0,0.0,0.0,0.0,4
1993-11-01,373,1,0,0.0,0.0,0.0,0.0,0.0,0
1993-12-01,373,0,1,1.0,0.0,1.0,0.0,0.0,1
1998-06-01,404,0,1,0.0,0.0,,,,1
1998-07-01,404,0,1,1.0,1.0,0.0,0.0,0.0,2
1998-08-01,404,0,1,1.0,1.0,0.0,1.0,1.0,3
1998-09-01,404,1,0,0.0,0.0,0.0,1.0,1.0,0
1998-10-01,404,0,1,1.0,2.0,1.0,0.0,0.0,1
1998-11-01,404,0,0,1.0,2.0,0.0,1.0,2.0,2
1998-12-01,404,0,0,1.0,2.0,0.0,1.0,2.0,3
1999-01-01,404,0,0,1.0,2.0,0.0,1.0,2.0,4
2007-08-01,432,0,1,1.0,0.0,,,,1
2007-09-01,432,0,0,1.0,0.0,0.0,1.0,0.0,2
2007-10-01,432,1,0,0.0,0.0,0.0,1.0,0.0,0
2007-11-01,432,1,0,0.0,0.0,1.0,0.0,0.0,0
2007-12-01,432,1,0,0.0,0.0,1.0,0.0,0.0,0
2008-01-01,432,1,0,0.0,0.0,1.0,0.0,0.0,0
2008-02-01,432,1,0,0.0,0.0,1.0,0.0,0.0,0
2008-03-01,432,1,0,0.0,0.0,1.0,0.0,0.0,0
2008-04-01,432,1,0,0.0,0.0,1.0,0.0,0.0,0
2008-05-01,432,1,0,0.0,0.0,1.0,0.0,0.0,0
2008-06-01,432,1,0,0.0,0.0,1.0,0.0,0.0,0
2008-07-01,432,1,0,0.0,0.0,1.0,0.0,0.0,0
2008-08-01,432,1,0,0.0,0.0,1.0,0.0,0.0,0
2008-09-01,432,1,0,0.0,0.0,1.0,0.0,0.0,0
2008-10-01,432,1,0,0.0,0.0,1.0,0.0,0.0,0
2008-11-01,432,1,0,0.0,0.0,1.0,0.0,0.0,0
2008-12-01,432,1,0,0.0,0.0,1.0,0.0,0.0,0
2009-01-01,432,1,0,0.0,0.0,1.0,0.0,0.0,0
2009-02-01,432,1,0,0.0,0.0,1.0,0.0,0.0,0
2009-03-01,432,1,0,0.0,0.0,1.0,0.0,0.0,0
2009-04-01,432,1,0,0.0,0.0,1.0,0.0,0.0,0
2009-05-01,432,1,0,0.0,0.0,1.0,0.0,0.0,0
2009-06-01,432,1,0,0.0,0.0,1.0,0.0,0.0,0
2009-07-01,432,1,0,0.0,0.0,1.0,0.0,0.0,0
2009-08-01,432,1,0,0.0,0.0,1.0,0.0,0.0,0
2009-09-01,432,1,0,0.0,0.0,1.0,0.0,0.0,0
2009-10-01,432,1,0,0.0,0.0,1.0,0.0,0.0,0
2009-11-01,432,1,0,0.0,0.0,1.0,0.0,0.0,0
2009-12-01,432,1,0,0.0,0.0,1.0,0.0,0.0,0
2010-01-01,432,1,0,0.0,0.0,1.0,0.0,0.0,0
2010-02-01,432,1,0,0.0,0.0,1.0,0.0,0.0,0
2010-03-01,432,1,0,0.0,0.0,1.0,0.0,0.0,0
2010-04-01,432,1,0,0.0,0.0,1.0,0.0,0.0,0
2010-05-01,432,1,0,0.0,0.0,1.0,0.0,0.0,0
2010-06-01,432,1,0,0.0,0.0,1.0,0.0,0.0,0
2010-07-01,432,1,0,0.0,0.0,1.0,0.0,0.0,0
2010-08-01,432,1,0,0.0,0.0,1.0,0.0,0.0,0
2010-09-01,432,1,0,0.0,0.0,1.0,0.0,0.0,0
2010-10-01,432,1,0,0.0,0.0,1.0,0.0,0.0,0
2010-11-01,432,1,0,0.0,0.0,1.0,0.0,0.0,0
2010-12-01,432,1,0,0.0,0.0,1.0,0.0,0.0,0
2011-01-01,432,1,0,0.0,0.0,1.0,0.0,0.0,0
2011-02-01,432,1,0,0.0,0.0,1.0,0.0,0.0,0
2011-03-01,432,1,0,0.0,0.0,1.0,0.0,0.0,0
2011-04-01,432,1,0,0.0,0.0,1.0,0.0,0.0,0
2011-05-01,432,1,0,0.0,0.0,1.0,0.0,0.0,0
2011-06-01,432,1,0,0.0,0.0,1.0,0.0,0.0,0
2011-07-01,432,1,0,0.0,0.0,1.0,0.0,0.0,0
2011-08-01,432,1,0,0.0,0.0,1.0,0.0,0.0,0
2011-09-01,432,1,0,0.0,0.0,1.0,0.0,0.0,0
2011-10-01,432,1,0,0.0,0.0,1.0,0.0,0.0,0
2011-11-01,432,1,0,0.0,0.0,1.0,0.0,0.0,0
2011-12-01,432,1,0,0.0,0.0,1.0,0.0,0.0,0
2012-01-01,432,1,0,0.0,0.0,1.0,0.0,0.0,0
2012-02-01,432,1,0,0.0,0.0,1.0,0.0,0.0,0
2012-03-01,432,1,0,0.0,0.0,1.0,0.0,0.0,0
2012-04-01,432,1,0,0.0,0.0,1.0,0.0,0.0,0
2012-05-01,432,1,0,0.0,0.0,1.0,0.0,0.0,0
2012-06-01,432,1,0,0.0,0.0,1.0,0.0,0.0,0
2012-07-01,432,1,0,0.0,0.0,1.0,0.0,0.0,0
2012-08-01,432,1,0,0.0,0.0,1.0,0.0,0.0,0
2012-09-01,432,1,0,0.0,0.0,1.0,0.0,0.0,0
2012-10-01,432,1,0,0.0,0.0,1.0,0.0,0.0,0
2012-11-01,432,1,0,0.0,0.0,1.0,0.0,0.0,0
2012-12-01,432,0,1,1.0,0.0,1.0,0.0,0.0,1
2013-01-01,432,0,0,1.0,0.0,0.0,1.0,0.0,2
2013-02-01,432,1,0,0.0,0.0,0.0,1.0,0.0,0
2013-03-01,432,1,0,0.0,0.0,1.0,0.0,0.0,0
2013-04-01,432,1,0,0.0,0.0,1.0,0.0,0.0,0
2013-05-01,432,1,0,0.0,0.0,1.0,0.0,0.0,0
2013-06-01,432,0,1,1.0,0.0,1.0,0.0,0.0,1
2013-07-01,432,0,0,1.0,0.0,0.0,1.0,0.0,2
2013-08-01,432,0,0,1.0,0.0,0.0,1.0,0.0,3
2013-09-01,432,0,0,1.0,0.0,0.0,1.0,0.0,4
2013-10-01,432,0,1,1.0,0.0,0.0,1.0,0.0,5
2013-11-01,432,0,0,1.0,0.0,0.0,1.0,0.0,6
2013-12-01,432,1,0,0.0,0.0,0.0,1.0,0.0,0
2014-01-01,432,1,0,0.0,0.0,1.0,0.0,0.0,0
2014-02-01,432,1,0,0.0,0.0,1.0,0.0,0.0,0
2014-03-01,432,1,0,0.0,0.0,1.0,0.0,0.0,0
2014-04-01,432,1,0,0.0,0.0,1.0,0.0,0.0,0
2014-05-01,432,0,1,1.0,0.0,1.0,0.0,0.0,1
2014-06-01,432,0,0,1.0,0.0,0.0,1.0,0.0,2
2014-07-01,432,0,1,1.0,0.0,0.0,1.0,0.0,3
2014-08-01,432,0,0,1.0,0.0,0.0,1.0,0.0,4
2014-09-01,432,0,0,1.0,0.0,0.0,1.0,0.0,5
2014-10-01,432,0,0,1.0,0.0,0.0,1.0,0.0,6
2014-11-01,432,0,0,1.0,0.0,0.0,1.0,0.0,7
2014-12-01,432,0,0,1.0,0.0,0.0,1.0,0.0,8
2015-01-01,432,0,0,1.0,0.0,0.0,1.0,0.0,9
2015-02-01,432,0,0,1.0,0.0,0.0,1.0,0.0,10
1991-03-01,433,0,1,0.0,0.0,,,,1
1991-04-01,433,0,0,0.0,0.0,0.0,0.0,0.0,2
1991-05-01,433,0,0,0.0,0.0,0.0,0.0,0.0,3
1991-06-01,433,1,0,0.0,0.0,0.0,0.0,0.0,0
1991-07-01,433,1,0,0.0,0.0,1.0,0.0,0.0,0
1991-08-01,433,1,0,0.0,0.0,1.0,0.0,0.0,0
1991-09-01,433,1,0,0.0,0.0,1.0,0.0,0.0,0
1991-10-01,433,1,0,0.0,0.0,1.0,0.0,0.0,0
1991-11-01,433,1,0,0.0,0.0,1.0,0.0,0.0,0
1991-12-01,433,1,0,0.0,0.0,1.0,0.0,0.0,0
1992-01-01,433,1,0,0.0,0.0,1.0,0.0,0.0,0
1992-02-01,433,1,0,0.0,0.0,1.0,0.0,0.0,0
1992-03-01,433,1,0,0.0,0.0,1.0,0.0,0.0,0
1992-04-01,433,1,0,0.0,0.0,1.0,0.0,0.0,0
1992-05-01,433,1,0,0.0,0.0,1.0,0.0,0.0,0
1992-06-01,433,1,0,0.0,0.0,1.0,0.0,0.0,0
1992-07-01,433,1,0,0.0,0.0,1.0,0.0,0.0,0
1992-08-01,433,1,0,0.0,0.0,1.0,0.0,0.0,0
1992-09-01,433,1,0,0.0,0.0,1.0,0.0,0.0,0
1992-10-01,433,1,0,0.0,0.0,1.0,0.0,0.0,0
1992-11-01,433,1,0,0.0,0.0,1.0,0.0,0.0,0
1992-12-01,433,1,0,0.0,0.0,1.0,0.0,0.0,0
1993-01-01,433,1,0,0.0,0.0,1.0,0.0,0.0,0
1993-02-01,433,1,0,0.0,0.0,1.0,0.0,0.0,0
1993-03-01,433,1,0,0.0,0.0,1.0,0.0,0.0,0
1993-04-01,433,1,0,0.0,0.0,1.0,0.0,0.0,0
1993-05-01,433,1,0,0.0,0.0,1.0,0.0,0.0,0
1993-06-01,433,1,0,0.0,0.0,1.0,0.0,0.0,0
1993-07-01,433,0,1,1.0,0.0,1.0,0.0,0.0,1
1993-08-01,433,0,0,1.0,0.0,0.0,1.0,0.0,2
1993-09-01,433,0,0,1.0,0.0,0.0,1.0,0.0,3
1993-10-01,433,0,0,1.0,0.0,0.0,1.0,0.0,4
1993-11-01,433,0,0,1.0,0.0,0.0,1.0,0.0,5
1993-12-01,433,0,0,1.0,0.0,0.0,1.0,0.0,6
1994-01-01,433,0,0,1.0,0.0,0.0,1.0,0.0,7
1994-02-01,433,0,0,1.0,0.0,0.0,1.0,0.0,8
1994-03-01,433,0,0,1.0,0.0,0.0,1.0,0.0,9
1994-04-01,433,0,0,1.0,0.0,0.0,1.0,0.0,10
1994-05-01,433,0,0,1.0,0.0,0.0,1.0,0.0,11
1994-06-01,433,0,0,1.0,0.0,0.0,1.0,0.0,12
1994-07-01,433,0,0,1.0,0.0,0.0,1.0,0.0,13
1994-08-01,433,0,0,1.0,0.0,0.0,1.0,0.0,14
1994-09-01,433,0,0,1.0,0.0,0.0,1.0,0.0,15
1994-10-01,433,0,0,1.0,0.0,0.0,1.0,0.0,16
1994-11-01,433,0,0,1.0,0.0,0.0,1.0,0.0,17
1994-12-01,433,0,0,1.0,0.0,0.0,1.0,0.0,18
1995-01-01,433,0,0,1.0,0.0,0.0,1.0,0.0,19
1995-02-01,433,0,0,1.0,0.0,0.0,1.0,0.0,20
1995-03-01,433,0,0,1.0,0.0,0.0,1.0,0.0,21
1995-04-01,433,0,0,1.0,0.0,0.0,1.0,0.0,22
1995-05-01,433,0,0,1.0,0.0,0.0,1.0,0.0,23
1995-06-01,433,0,0,1.0,0.0,0.0,1.0,0.0,24
1995-07-01,433,1,0,0.0,0.0,0.0,1.0,0.0,0
1995-08-01,433,1,0,0.0,0.0,1.0,0.0,0.0,0
1995-09-01,433,1,0,0.0,0.0,1.0,0.0,0.0,0
1995-10-01,433,1,0,0.0,0.0,1.0,0.0,0.0,0
1995-11-01,433,1,0,0.0,0.0,1.0,0.0,0.0,0
1995-12-01,433,1,0,0.0,0.0,1.0,0.0,0.0,0
1996-01-01,433,1,0,0.0,0.0,1.0,0.0,0.0,0
1996-02-01,433,1,0,0.0,0.0,1.0,0.0,0.0,0
1996-03-01,433,1,0,0.0,0.0,1.0,0.0,0.0,0
1996-04-01,433,1,0,0.0,0.0,1.0,0.0,0.0,0
1996-05-01,433,1,0,0.0,0.0,1.0,0.0,0.0,0
1996-06-01,433,1,0,0.0,0.0,1.0,0.0,0.0,0
1996-07-01,433,1,0,0.0,0.0,1.0,0.0,0.0,0
1996-08-01,433,1,0,0.0,0.0,1.0,0.0,0.0,0
1996-09-01,433,1,0,0.0,0.0,1.0,0.0,0.0,0
1996-10-01,433,1,0,0.0,0.0,1.0,0.0,0.0,0
1996-11-01,433,1,0,0.0,0.0,1.0,0.0,0.0,0
1996-12-01,433,1,0,0.0,0.0,1.0,0.0,0.0,0
1997-01-01,433,1,0,0.0,0.0,1.0,0.0,0.0,0
1997-02-01,433,1,0,0.0,0.0,1.0,0.0,0.0,0
1997-03-01,433,1,0,0.0,0.0,1.0,0.0,0.0,0
1997-04-01,433,1,0,0.0,0.0,1.0,0.0,0.0,0
1997-05-01,433,1,0,0.0,0.0,1.0,0.0,0.0,0
1997-06-01,433,1,0,0.0,0.0,1.0,0.0,0.0,0
1997-07-01,433,1,0,0.0,0.0,1.0,0.0,0.0,0
1997-08-01,433,1,0,0.0,0.0,1.0,0.0,0.0,0
1997-09-01,433,1,0,0.0,0.0,1.0,0.0,0.0,0
1997-10-01,433,1,0,0.0,0.0,1.0,0.0,0.0,0
1997-11-01,433,1,0,0.0,0.0,1.0,0.0,0.0,0
1997-12-01,433,1,0,0.0,0.0,1.0,0.0,0.0,0
1998-01-01,433,1,0,0.0,0.0,1.0,0.0,0.0,0
1998-02-01,433,1,0,0.0,0.0,1.0,0.0,0.0,0
1998-03-01,433,1,0,0.0,0.0,1.0,0.0,0.0,0
1998-04-01,433,1,0,0.0,0.0,1.0,0.0,0.0,0
1998-05-01,433,1,0,0.0,0.0,1.0,0.0,0.0,0
1998-06-01,433,1,0,0.0,0.0,1.0,0.0,0.0,0
1998-07-01,433,1,0,0.0,0.0,1.0,0.0,0.0,0
1998-08-01,433,1,0,0.0,0.0,1.0,0.0,0.0,0
1998-09-01,433,1,0,0.0,0.0,1.0,0.0,0.0,0
1998-10-01,433,1,0,0.0,0.0,1.0,0.0,0.0,0
1998-11-01,433,1,0,0.0,0.0,1.0,0.0,0.0,0
1998-12-01,433,1,0,0.0,0.0,1.0,0.0,0.0,0
1999-01-01,433,1,0,0.0,0.0,1.0,0.0,0.0,0
1999-02-01,433,1,0,0.0,0.0,1.0,0.0,0.0,0
1999-03-01,433,1,0,0.0,0.0,1.0,0.0,0.0,0
1999-04-01,433,1,0,0.0,0.0,1.0,0.0,0.0,0
1999-05-01,433,1,0,0.0,0.0,1.0,0.0,0.0,0
1999-06-01,433,1,0,0.0,0.0,1.0,0.0,0.0,0
1999-07-01,433,1,0,0.0,0.0,1.0,0.0,0.0,0
1999-08-01,433,1,0,0.0,0.0,1.0,0.0,0.0,0
1999-09-01,433,1,0,0.0,0.0,1.0,0.0,0.0,0
1999-10-01,433,1,0,0.0,0.0,1.0,0.0,0.0,0
1999-11-01,433,1,0,0.0,0.0,1.0,0.0,0.0,0
1999-12-01,433,0,1,1.0,0.0,1.0,0.0,0.0,1
2000-01-01,433,0,0,1.0,0.0,0.0,1.0,0.0,2
2000-02-01,433,0,0,1.0,0.0,0.0,1.0,0.0,3
2000-03-01,433,0,0,1.0,0.0,0.0,1.0,0.0,4
2000-04-01,433,0,0,1.0,0.0,0.0,1.0,0.0,5
2000-05-01,433,1,0,0.0,0.0,0.0,1.0,0.0,0
2000-06-01,433,1,0,0.0,0.0,1.0,0.0,0.0,0
2000-07-01,433,1,0,0.0,0.0,1.0,0.0,0.0,0
2000-08-01,433,1,0,0.0,0.0,1.0,0.0,0.0,0
2000-09-01,433,1,0,0.0,0.0,1.0,0.0,0.0,0
2000-10-01,433,1,0,0.0,0.0,1.0,0.0,0.0,0
2000-11-01,433,1,0,0.0,0.0,1.0,0.0,0.0,0
2000-12-01,433,1,0,0.0,0.0,1.0,0.0,0.0,0
2001-01-01,433,1,0,0.0,0.0,1.0,0.0,0.0,0
2001-02-01,433,1,0,0.0,0.0,1.0,0.0,0.0,0
2001-03-01,433,1,0,0.0,0.0,1.0,0.0,0.0,0
2001-04-01,433,1,0,0.0,0.0,1.0,0.0,0.0,0
2001-05-01,433,1,0,0.0,0.0,1.0,0.0,0.0,0
2001-06-01,433,1,0,0.0,0.0,1.0,0.0,0.0,0
2001-07-01,433,1,0,0.0,0.0,1.0,0.0,0.0,0
2001-08-01,433,1,0,0.0,0.0,1.0,0.0,0.0,0
2001-09-01,433,1,0,0.0,0.0,1.0,0.0,0.0,0
2001-10-01,433,1,0,0.0,0.0,1.0,0.0,0.0,0
2001-11-01,433,1,0,0.0,0.0,1.0,0.0,0.0,0
2001-12-01,433,1,0,0.0,0.0,1.0,0.0,0.0,0
2002-01-01,433,1,0,0.0,0.0,1.0,0.0,0.0,0
2002-02-01,433,1,0,0.0,0.0,1.0,0.0,0.0,0
2002-03-01,433,1,0,0.0,0.0,1.0,0.0,0.0,0
2002-04-01,433,1,0,0.0,0.0,1.0,0.0,0.0,0
2002-05-01,433,1,0,0.0,0.0,1.0,0.0,0.0,0
2002-06-01,433,1,0,0.0,0.0,1.0,0.0,0.0,0
2002-07-01,433,1,0,0.0,0.0,1.0,0.0,0.0,0
2002-08-01,433,1,0,0.0,0.0,1.0,0.0,0.0,0
2002-09-01,433,1,0,0.0,0.0,1.0,0.0,0.0,0
2002-10-01,433,1,0,0.0,0.0,1.0,0.0,0.0,0
2002-11-01,433,1,0,0.0,0.0,1.0,0.0,0.0,0
2002-12-01,433,1,0,0.0,0.0,1.0,0.0,0.0,0
2003-01-01,433,1,0,0.0,0.0,1.0,0.0,0.0,0
2003-02-01,433,1,0,0.0,0.0,1.0,0.0,0.0,0
2003-03-01,433,1,0,0.0,0.0,1.0,0.0,0.0,0
2003-04-01,433,1,0,0.0,0.0,1.0,0.0,0.0,0
2003-05-01,433,1,0,0.0,0.0,1.0,0.0,0.0,0
2003-06-01,433,1,0,0.0,0.0,1.0,0.0,0.0,0
2003-07-01,433,1,0,0.0,0.0,1.0,0.0,0.0,0
2003-08-01,433,1,0,0.0,0.0,1.0,0.0,0.0,0
2003-09-01,433,1,0,0.0,0.0,1.0,0.0,0.0,0
2003-10-01,433,1,0,0.0,0.0,1.0,0.0,0.0,0
2003-11-01,433,1,0,0.0,0.0,1.0,0.0,0.0,0
2003-12-01,433,1,0,0.0,0.0,1.0,0.0,0.0,0
2004-01-01,433,1,0,0.0,0.0,1.0,0.0,0.0,0
2004-02-01,433,1,0,0.0,0.0,1.0,0.0,0.0,0
2004-03-01,433,1,0,0.0,0.0,1.0,0.0,0.0,0
2004-04-01,433,1,0,0.0,0.0,1.0,0.0,0.0,0
2004-05-01,433,0,1,0.0,0.0,1.0,0.0,0.0,1
2004-06-01,433,0,0,0.0,0.0,0.0,0.0,0.0,2
1992-05-01,436,0,1,0.0,0.0,,,,1
1992-06-01,436,1,0,0.0,0.0,0.0,0.0,0.0,0
1992-07-01,436,1,0,0.0,0.0,1.0,0.0,0.0,0
1992-08-01,436,1,0,0.0,0.0,1.0,0.0,0.0,0
1992-09-01,436,1,0,0.0,0.0,1.0,0.0,0.0,0
1992-10-01,436,1,0,0.0,0.0,1.0,0.0,0.0,0
1992-11-01,436,1,0,0.0,0.0,1.0,0.0,0.0,0
1992-12-01,436,1,0,0.0,0.0,1.0,0.0,0.0,0
1993-01-01,436,1,0,0.0,0.0,1.0,0.0,0.0,0
1993-02-01,436,1,0,0.0,0.0,1.0,0.0,0.0,0
1993-03-01,436,1,0,0.0,0.0,1.0,0.0,0.0,0
1993-04-01,436,1,0,0.0,0.0,1.0,0.0,0.0,0
1993-05-01,436,1,0,0.0,0.0,1.0,0.0,0.0,0
1993-06-01,436,0,1,0.0,0.0,1.0,0.0,0.0,1
1993-07-01,436,0,0,0.0,0.0,0.0,0.0,0.0,2
1993-08-01,436,0,0,0.0,0.0,0.0,0.0,0.0,3
1993-09-01,436,0,0,0.0,0.0,0.0,0.0,0.0,4
1993-10-01,436,1,0,0.0,0.0,0.0,0.0,0.0,0
1993-11-01,436,1,0,0.0,0.0,1.0,0.0,0.0,0
1993-12-01,436,1,0,0.0,0.0,1.0,0.0,0.0,0
1994-01-01,436,1,0,0.0,0.0,1.0,0.0,0.0,0
1994-02-01,436,1,0,0.0,0.0,1.0,0.0,0.0,0
1994-03-01,436,1,0,0.0,0.0,1.0,0.0,0.0,0
1994-04-01,436,1,0,0.0,0.0,1.0,0.0,0.0,0
1994-05-01,436,1,0,0.0,0.0,1.0,0.0,0.0,0
1994-06-01,436,1,0,0.0,0.0,1.0,0.0,0.0,0
1994-07-01,436,1,0,0.0,0.0,1.0,0.0,0.0,0
1994-08-01,436,1,0,0.0,0.0,1.0,0.0,0.0,0
1994-09-01,436,1,0,0.0,0.0,1.0,0.0,0.0,0
1994-10-01,436,0,1,1.0,0.0,1.0,0.0,0.0,1
1994-11-01,436,0,0,1.0,0.0,0.0,1.0,0.0,2
1994-12-01,436,0,0,1.0,0.0,0.0,1.0,0.0,3
1995-01-01,436,0,0,1.0,0.0,0.0,1.0,0.0,4
1995-02-01,436,0,0,1.0,0.0,0.0,1.0,0.0,5
1995-03-01,436,0,0,1.0,0.0,0.0,1.0,0.0,6
1995-04-01,436,0,0,1.0,0.0,0.0,1.0,0.0,7
1995-05-01,436,1,0,0.0,0.0,0.0,1.0,0.0,0
1995-06-01,436,1,0,0.0,0.0,1.0,0.0,0.0,0
1995-07-01,436,1,0,0.0,0.0,1.0,0.0,0.0,0
1995-08-01,436,1,0,0.0,0.0,1.0,0.0,0.0,0
1995-09-01,436,1,0,0.0,0.0,1.0,0.0,0.0,0
1995-10-01,436,1,0,0.0,0.0,1.0,0.0,0.0,0
1995-11-01,436,1,0,0.0,0.0,1.0,0.0,0.0,0
1995-12-01,436,1,0,0.0,0.0,1.0,0.0,0.0,0
1996-01-01,436,1,0,0.0,0.0,1.0,0.0,0.0,0
1996-02-01,436,1,0,0.0,0.0,1.0,0.0,0.0,0
1996-03-01,436,1,0,0.0,0.0,1.0,0.0,0.0,0
1996-04-01,436,1,0,0.0,0.0,1.0,0.0,0.0,0
1996-05-01,436,1,0,0.0,0.0,1.0,0.0,0.0,0
1996-06-01,436,1,0,0.0,0.0,1.0,0.0,0.0,0
1996-07-01,436,1,0,0.0,0.0,1.0,0.0,0.0,0
1996-08-01,436,1,0,0.0,0.0,1.0,0.0,0.0,0
1996-09-01,436,1,0,0.0,0.0,1.0,0.0,0.0,0
1996-10-01,436,1,0,0.0,0.0,1.0,0.0,0.0,0
1996-11-01,436,1,0,0.0,0.0,1.0,0.0,0.0,0
1996-12-01,436,1,0,0.0,0.0,1.0,0.0,0.0,0
1997-01-01,436,1,0,0.0,0.0,1.0,0.0,0.0,0
1997-02-01,436,1,0,0.0,0.0,1.0,0.0,0.0,0
1997-03-01,436,1,0,0.0,0.0,1.0,0.0,0.0,0
1997-04-01,436,1,0,0.0,0.0,1.0,0.0,0.0,0
1997-05-01,436,1,0,0.0,0.0,1.0,0.0,0.0,0
1997-06-01,436,0,1,1.0,0.0,1.0,0.0,0.0,1
1997-07-01,436,0,0,1.0,0.0,0.0,1.0,0.0,2
1997-08-01,436,0,0,1.0,0.0,0.0,1.0,0.0,3
1997-09-01,436,0,0,1.0,0.0,0.0,1.0,0.0,4
1997-10-01,436,0,0,1.0,0.0,0.0,1.0,0.0,5
1997-11-01,436,0,0,1.0,0.0,0.0,1.0,0.0,6
1997-12-01,436,1,0,0.0,0.0,0.0,1.0,0.0,0
1998-01-01,436,1,0,0.0,0.0,1.0,0.0,0.0,0
1998-02-01,436,1,0,0.0,0.0,1.0,0.0,0.0,0
1998-03-01,436,1,0,0.0,0.0,1.0,0.0,0.0,0
1998-04-01,436,1,0,0.0,0.0,1.0,0.0,0.0,0
1998-05-01,436,1,0,0.0,0.0,1.0,0.0,0.0,0
1998-06-01,436,1,0,0.0,0.0,1.0,0.0,0.0,0
1998-07-01,436,1,0,0.0,0.0,1.0,0.0,0.0,0
1998-08-01,436,1,0,0.0,0.0,1.0,0.0,0.0,0
1998-09-01,436,1,0,0.0,0.0,1.0,0.0,0.0,0
1998-10-01,436,1,0,0.0,0.0,1.0,0.0,0.0,0
1998-11-01,436,1,0,0.0,0.0,1.0,0.0,0.0,0
1998-12-01,436,1,0,0.0,0.0,1.0,0.0,0.0,0
1999-01-01,436,1,0,0.0,0.0,1.0,0.0,0.0,0
1999-02-01,436,1,0,0.0,0.0,1.0,0.0,0.0,0
1999-03-01,436,1,0,0.0,0.0,1.0,0.0,0.0,0
1999-04-01,436,1,0,0.0,0.0,1.0,0.0,0.0,0
1999-05-01,436,1,0,0.0,0.0,1.0,0.0,0.0,0
1999-06-01,436,1,0,0.0,0.0,1.0,0.0,0.0,0
1999-07-01,436,1,0,0.0,0.0,1.0,0.0,0.0,0
1999-08-01,436,1,0,0.0,0.0,1.0,0.0,0.0,0
1999-09-01,436,1,0,0.0,0.0,1.0,0.0,0.0,0
1999-10-01,436,1,0,0.0,0.0,1.0,0.0,0.0,0
1999-11-01,436,1,0,0.0,0.0,1.0,0.0,0.0,0
1999-12-01,436,1,0,0.0,0.0,1.0,0.0,0.0,0
2000-01-01,436,1,0,0.0,0.0,1.0,0.0,0.0,0
2000-02-01,436,1,0,0.0,0.0,1.0,0.0,0.0,0
2000-03-01,436,1,0,0.0,0.0,1.0,0.0,0.0,0
2000-04-01,436,1,0,0.0,0.0,1.0,0.0,0.0,0
2000-05-01,436,1,0,0.0,0.0,1.0,0.0,0.0,0
2000-06-01,436,1,0,0.0,0.0,1.0,0.0,0.0,0
2000-07-01,436,1,0,0.0,0.0,1.0,0.0,0.0,0
2000-08-01,436,1,0,0.0,0.0,1.0,0.0,0.0,0
2000-09-01,436,1,0,0.0,0.0,1.0,0.0,0.0,0
2000-10-01,436,1,0,0.0,0.0,1.0,0.0,0.0,0
2000-11-01,436,1,0,0.0,0.0,1.0,0.0,0.0,0
2000-12-01,436,1,0,0.0,0.0,1.0,0.0,0.0,0
2001-01-01,436,1,0,0.0,0.0,1.0,0.0,0.0,0
2001-02-01,436,1,0,0.0,0.0,1.0,0.0,0.0,0
2001-03-01,436,1,0,0.0,0.0,1.0,0.0,0.0,0
2001-04-01,436,1,0,0.0,0.0,1.0,0.0,0.0,0
2001-05-01,436,1,0,0.0,0.0,1.0,0.0,0.0,0
2001-06-01,436,1,0,0.0,0.0,1.0,0.0,0.0,0
2001-07-01,436,1,0,0.0,0.0,1.0,0.0,0.0,0
2001-08-01,436,1,0,0.0,0.0,1.0,0.0,0.0,0
2001-09-01,436,1,0,0.0,0.0,1.0,0.0,0.0,0
2001-10-01,436,1,0,0.0,0.0,1.0,0.0,0.0,0
2001-11-01,436,1,0,0.0,0.0,1.0,0.0,0.0,0
2001-12-01,436,1,0,0.0,0.0,1.0,0.0,0.0,0
2002-01-01,436,1,0,0.0,0.0,1.0,0.0,0.0,0
2002-02-01,436,1,0,0.0,0.0,1.0,0.0,0.0,0
2002-03-01,436,1,0,0.0,0.0,1.0,0.0,0.0,0
2002-04-01,436,1,0,0.0,0.0,1.0,0.0,0.0,0
2002-05-01,436,1,0,0.0,0.0,1.0,0.0,0.0,0
2002-06-01,436,1,0,0.0,0.0,1.0,0.0,0.0,0
2002-07-01,436,1,0,0.0,0.0,1.0,0.0,0.0,0
2002-08-01,436,1,0,0.0,0.0,1.0,0.0,0.0,0
2002-09-01,436,1,0,0.0,0.0,1.0,0.0,0.0,0
2002-10-01,436,1,0,0.0,0.0,1.0,0.0,0.0,0
2002-11-01,436,1,0,0.0,0.0,1.0,0.0,0.0,0
2002-12-01,436,1,0,0.0,0.0,1.0,0.0,0.0,0
2003-01-01,436,1,0,0.0,0.0,1.0,0.0,0.0,0
2003-02-01,436,1,0,0.0,0.0,1.0,0.0,0.0,0
2003-03-01,436,1,0,0.0,0.0,1.0,0.0,0.0,0
2003-04-01,436,1,0,0.0,0.0,1.0,0.0,0.0,0
2003-05-01,436,1,0,0.0,0.0,1.0,0.0,0.0,0
2003-06-01,436,1,0,0.0,0.0,1.0,0.0,0.0,0
2003-07-01,436,1,0,0.0,0.0,1.0,0.0,0.0,0
2003-08-01,436,1,0,0.0,0.0,1.0,0.0,0.0,0
2003-09-01,436,1,0,0.0,0.0,1.0,0.0,0.0,0
2003-10-01,436,1,0,0.0,0.0,1.0,0.0,0.0,0
2003-11-01,436,1,0,0.0,0.0,1.0,0.0,0.0,0
2003-12-01,436,1,0,0.0,0.0,1.0,0.0,0.0,0
2004-01-01,436,1,0,0.0,0.0,1.0,0.0,0.0,0
2004-02-01,436,1,0,0.0,0.0,1.0,0.0,0.0,0
2004-03-01,436,1,0,0.0,0.0,1.0,0.0,0.0,0
2004-04-01,436,1,0,0.0,0.0,1.0,0.0,0.0,0
2004-05-01,436,1,0,0.0,0.0,1.0,0.0,0.0,0
2004-06-01,436,1,0,0.0,0.0,1.0,0.0,0.0,0
2004-07-01,436,1,0,0.0,0.0,1.0,0.0,0.0,0
2004-08-01,436,1,0,0.0,0.0,1.0,0.0,0.0,0
2004-09-01,436,1,0,0.0,0.0,1.0,0.0,0.0,0
2004-10-01,436,1,0,0.0,0.0,1.0,0.0,0.0,0
2004-11-01,436,1,0,0.0,0.0,1.0,0.0,0.0,0
2004-12-01,436,1,0,0.0,0.0,1.0,0.0,0.0,0
2005-01-01,436,1,0,0.0,0.0,1.0,0.0,0.0,0
2005-02-01,436,1,0,0.0,0.0,1.0,0.0,0.0,0
2005-03-01,436,1,0,0.0,0.0,1.0,0.0,0.0,0
2005-04-01,436,1,0,0.0,0.0,1.0,0.0,0.0,0
2005-05-01,436,1,0,0.0,0.0,1.0,0.0,0.0,0
2005-06-01,436,1,0,0.0,0.0,1.0,0.0,0.0,0
2005-07-01,436,1,0,0.0,0.0,1.0,0.0,0.0,0
2005-08-01,436,1,0,0.0,0.0,1.0,0.0,0.0,0
2005-09-01,436,1,0,0.0,0.0,1.0,0.0,0.0,0
2005-10-01,436,1,0,0.0,0.0,1.0,0.0,0.0,0
2005-11-01,436,1,0,0.0,0.0,1.0,0.0,0.0,0
2005-12-01,436,1,0,0.0,0.0,1.0,0.0,0.0,0
2006-01-01,436,1,0,0.0,0.0,1.0,0.0,0.0,0
2006-02-01,436,1,0,0.0,0.0,1.0,0.0,0.0,0
2006-03-01,436,1,0,0.0,0.0,1.0,0.0,0.0,0
2006-04-01,436,1,0,0.0,0.0,1.0,0.0,0.0,0
2006-05-01,436,1,0,0.0,0.0,1.0,0.0,0.0,0
2006-06-01,436,1,0,0.0,0.0,1.0,0.0,0.0,0
2006-07-01,436,1,0,0.0,0.0,1.0,0.0,0.0,0
2006-08-01,436,1,0,0.0,0.0,1.0,0.0,0.0,0
2006-09-01,436,1,0,0.0,0.0,1.0,0.0,0.0,0
2006-10-01,436,1,0,0.0,0.0,1.0,0.0,0.0,0
2006-11-01,436,1,0,0.0,0.0,1.0,0.0,0.0,0
2006-12-01,436,1,0,0.0,0.0,1.0,0.0,0.0,0
2007-01-01,436,1,0,0.0,0.0,1.0,0.0,0.0,0
2007-02-01,436,1,0,0.0,0.0,1.0,0.0,0.0,0
2007-03-01,436,1,0,0.0,0.0,1.0,0.0,0.0,0
2007-04-01,436,1,0,0.0,0.0,1.0,0.0,0.0,0
2007-05-01,436,1,0,0.0,0.0,1.0,0.0,0.0,0
2007-06-01,436,1,0,0.0,0.0,1.0,0.0,0.0,0
2007-07-01,436,1,0,0.0,0.0,1.0,0.0,0.0,0
2007-08-01,436,1,0,0.0,0.0,1.0,0.0,0.0,0
2007-09-01,436,0,1,0.0,0.0,1.0,0.0,0.0,1
2007-10-01,436,0,0,0.0,0.0,0.0,0.0,0.0,2
2002-09-01,437,0,1,0.0,0.0,,,,1
2002-10-01,437,1,0,0.0,0.0,0.0,0.0,0.0,0
2002-11-01,437,1,0,0.0,0.0,1.0,0.0,0.0,0
2002-12-01,437,1,0,0.0,0.0,1.0,0.0,0.0,0
2003-01-01,437,0,1,1.0,2.0,1.0,0.0,0.0,1
1990-09-01,450,0,1,1.0,0.0,,,,1
1990-10-01,450,1,0,0.0,0.0,0.0,1.0,0.0,0
1990-11-01,450,1,0,0.0,0.0,1.0,0.0,0.0,0
1990-12-01,450,1,0,0.0,0.0,1.0,0.0,0.0,0
1991-01-01,450,1,0,0.0,0.0,1.0,0.0,0.0,0
1991-02-01,450,1,0,0.0,0.0,1.0,0.0,0.0,0
1991-03-01,450,1,0,0.0,0.0,1.0,0.0,0.0,0
1991-04-01,450,1,0,0.0,0.0,1.0,0.0,0.0,0
1991-05-01,450,1,0,0.0,0.0,1.0,0.0,0.0,0
1991-06-01,450,1,0,0.0,0.0,1.0,0.0,0.0,0
1991-07-01,450,1,0,0.0,0.0,1.0,0.0,0.0,0
1991-08-01,450,1,0,0.0,0.0,1.0,0.0,0.0,0
1991-09-01,450,1,0,0.0,0.0,1.0,0.0,0.0,0
1991-10-01,450,1,0,0.0,0.0,1.0,0.0,0.0,0
1991-11-01,450,1,0,0.0,0.0,1.0,0.0,0.0,0
1991-12-01,450,1,0,0.0,0.0,1.0,0.0,0.0,0
1992-01-01,450,1,0,0.0,0.0,1.0,0.0,0.0,0
1992-02-01,450,1,0,0.0,0.0,1.0,0.0,0.0,0
1992-03-01,450,1,0,0.0,0.0,1.0,0.0,0.0,0
1992-04-01,450,1,0,0.0,0.0,1.0,0.0,0.0,0
1992-05-01,450,1,0,0.0,0.0,1.0,0.0,0.0,0
1992-06-01,450,1,0,0.0,0.0,1.0,0.0,0.0,0
1992-07-01,450,1,0,0.0,0.0,1.0,0.0,0.0,0
1992-08-01,450,1,0,0.0,0.0,1.0,0.0,0.0,0
1992-09-01,450,1,0,0.0,0.0,1.0,0.0,0.0,0
1992-10-01,450,1,0,0.0,0.0,1.0,0.0,0.0,0
1992-11-01,450,1,0,0.0,0.0,1.0,0.0,0.0,0
1992-12-01,450,1,0,0.0,0.0,1.0,0.0,0.0,0
1993-01-01,450,1,0,0.0,0.0,1.0,0.0,0.0,0
1993-02-01,450,1,0,0.0,0.0,1.0,0.0,0.0,0
1993-03-01,450,1,0,0.0,0.0,1.0,0.0,0.0,0
1993-04-01,450,1,0,0.0,0.0,1.0,0.0,0.0,0
1993-05-01,450,1,0,0.0,0.0,1.0,0.0,0.0,0
1993-06-01,450,1,0,0.0,0.0,1.0,0.0,0.0,0
1993-07-01,450,0,1,1.0,0.0,1.0,0.0,0.0,1
1993-08-01,450,0,0,1.0,0.0,0.0,1.0,0.0,2
1993-09-01,450,0,0,1.0,2.0,0.0,1.0,0.0,3
1993-10-01,450,0,0,1.0,2.0,0.0,1.0,2.0,4
1993-11-01,450,0,0,1.0,2.0,0.0,1.0,2.0,5
1993-12-01,450,0,0,1.0,2.0,0.0,1.0,2.0,6
1994-01-01,450,0,0,1.0,2.0,0.0,1.0,2.0,7
1994-02-01,450,0,0,1.0,2.0,0.0,1.0,2.0,8
1994-03-01,450,0,0,1.0,2.0,0.0,1.0,2.0,9
1994-04-01,450,0,0,1.0,2.0,0.0,1.0,2.0,10
1994-05-01,450,0,0,1.0,2.0,0.0,1.0,2.0,11
1994-06-01,450,1,0,0.0,0.0,0.0,1.0,2.0,0
1994-07-01,450,1,0,0.0,0.0,1.0,0.0,0.0,0
1994-08-01,450,1,0,0.0,0.0,1.0,0.0,0.0,0
1994-09-01,450,1,0,0.0,0.0,1.0,0.0,0.0,0
1994-10-01,450,1,0,0.0,0.0,1.0,0.0,0.0,0
1994-11-01,450,1,0,0.0,0.0,1.0,0.0,0.0,0
1994-12-01,450,1,0,0.0,0.0,1.0,0.0,0.0,0
1995-01-01,450,1,0,0.0,0.0,1.0,0.0,0.0,0
1995-02-01,450,1,0,0.0,0.0,1.0,0.0,0.0,0
1995-03-01,450,1,0,0.0,0.0,1.0,0.0,0.0,0
1995-04-01,450,1,0,0.0,0.0,1.0,0.0,0.0,0
1995-05-01,450,1,0,0.0,0.0,1.0,0.0,0.0,0
1995-06-01,450,1,0,0.0,0.0,1.0,0.0,0.0,0
1995-07-01,450,1,0,0.0,0.0,1.0,0.0,0.0,0
1995-08-01,450,1,0,0.0,0.0,1.0,0.0,0.0,0
1995-09-01,450,1,0,0.0,0.0,1.0,0.0,0.0,0
1995-10-01,450,1,0,0.0,0.0,1.0,0.0,0.0,0
1995-11-01,450,1,0,0.0,0.0,1.0,0.0,0.0,0
1995-12-01,450,1,0,0.0,0.0,1.0,0.0,0.0,0
1996-01-01,450,1,0,0.0,0.0,1.0,0.0,0.0,0
1996-02-01,450,1,0,0.0,0.0,1.0,0.0,0.0,0
1996-03-01,450,1,0,0.0,0.0,1.0,0.0,0.0,0
1996-04-01,450,1,0,0.0,0.0,1.0,0.0,0.0,0
1996-05-01,450,1,0,0.0,0.0,1.0,0.0,0.0,0
1996-06-01,450,1,0,0.0,0.0,1.0,0.0,0.0,0
1996-07-01,450,1,0,0.0,0.0,1.0,0.0,0.0,0
1996-08-01,450,1,0,0.0,0.0,1.0,0.0,0.0,0
1996-09-01,450,1,0,0.0,0.0,1.0,0.0,0.0,0
1996-10-01,450,1,0,0.0,0.0,1.0,0.0,0.0,0
1996-11-01,450,1,0,0.0,0.0,1.0,0.0,0.0,0
1996-12-01,450,1,0,0.0,0.0,1.0,0.0,0.0,0
1997-01-01,450,1,0,0.0,0.0,1.0,0.0,0.0,0
1997-02-01,450,1,0,0.0,0.0,1.0,0.0,0.0,0
1997-03-01,450,1,0,0.0,0.0,1.0,0.0,0.0,0
1997-04-01,450,1,0,0.0,0.0,1.0,0.0,0.0,0
1997-05-01,450,1,0,0.0,0.0,1.0,0.0,0.0,0
1997-06-01,450,1,0,0.0,0.0,1.0,0.0,0.0,0
1997-07-01,450,1,0,0.0,0.0,1.0,0.0,0.0,0
1997-08-01,450,1,0,0.0,0.0,1.0,0.0,0.0,0
1997-09-01,450,1,0,0.0,0.0,1.0,0.0,0.0,0
1997-10-01,450,1,0,0.0,0.0,1.0,0.0,0.0,0
1997-11-01,450,1,0,0.0,0.0,1.0,0.0,0.0,0
1997-12-01,450,1,0,0.0,0.0,1.0,0.0,0.0,0
1998-01-01,450,1,0,0.0,0.0,1.0,0.0,0.0,0
1998-02-01,450,1,0,0.0,0.0,1.0,0.0,0.0,0
1998-03-01,450,1,0,0.0,0.0,1.0,0.0,0.0,0
1998-04-01,450,1,0,0.0,0.0,1.0,0.0,0.0,0
1998-05-01,450,1,0,0.0,0.0,1.0,0.0,0.0,0
1998-06-01,450,1,0,0.0,0.0,1.0,0.0,0.0,0
1998-07-01,450,1,0,0.0,0.0,1.0,0.0,0.0,0
1998-08-01,450,1,0,0.0,0.0,1.0,0.0,0.0,0
1998-09-01,450,1,0,0.0,0.0,1.0,0.0,0.0,0
1998-10-01,450,1,0,0.0,0.0,1.0,0.0,0.0,0
1998-11-01,450,1,0,0.0,0.0,1.0,0.0,0.0,0
1998-12-01,450,1,0,0.0,0.0,1.0,0.0,0.0,0
1999-01-01,450,1,0,0.0,0.0,1.0,0.0,0.0,0
1999-02-01,450,1,0,0.0,0.0,1.0,0.0,0.0,0
1999-03-01,450,1,0,0.0,0.0,1.0,0.0,0.0,0
1999-04-01,450,1,0,0.0,0.0,1.0,0.0,0.0,0
1999-05-01,450,1,0,0.0,0.0,1.0,0.0,0.0,0
1999-06-01,450,1,0,0.0,0.0,1.0,0.0,0.0,0
1999-07-01,450,1,0,0.0,0.0,1.0,0.0,0.0,0
1999-08-01,450,1,0,0.0,0.0,1.0,0.0,0.0,0
1999-09-01,450,1,0,0.0,0.0,1.0,0.0,0.0,0
1999-10-01,450,1,0,0.0,0.0,1.0,0.0,0.0,0
1999-11-01,450,1,0,0.0,0.0,1.0,0.0,0.0,0
1999-12-01,450,1,0,0.0,0.0,1.0,0.0,0.0,0
2000-01-01,450,1,0,0.0,0.0,1.0,0.0,0.0,0
2000-02-01,450,1,0,0.0,0.0,1.0,0.0,0.0,0
2000-03-01,450,1,0,0.0,0.0,1.0,0.0,0.0,0
2000-04-01,450,1,0,0.0,0.0,1.0,0.0,0.0,0
2000-05-01,450,1,0,0.0,0.0,1.0,0.0,0.0,0
2000-06-01,450,1,0,0.0,0.0,1.0,0.0,0.0,0
2000-07-01,450,1,0,0.0,0.0,1.0,0.0,0.0,0
2000-08-01,450,1,0,0.0,0.0,1.0,0.0,0.0,0
2000-09-01,450,1,0,0.0,0.0,1.0,0.0,0.0,0
2000-10-01,450,1,0,0.0,0.0,1.0,0.0,0.0,0
2000-11-01,450,1,0,0.0,0.0,1.0,0.0,0.0,0
2000-12-01,450,1,0,0.0,0.0,1.0,0.0,0.0,0
2001-01-01,450,1,0,0.0,0.0,1.0,0.0,0.0,0
2001-02-01,450,1,0,0.0,0.0,1.0,0.0,0.0,0
2001-03-01,450,1,0,0.0,0.0,1.0,0.0,0.0,0
2001-04-01,450,1,0,0.0,0.0,1.0,0.0,0.0,0
2001-05-01,450,1,0,0.0,0.0,1.0,0.0,0.0,0
2001-06-01,450,1,0,0.0,0.0,1.0,0.0,0.0,0
2001-07-01,450,1,0,0.0,0.0,1.0,0.0,0.0,0
2001-08-01,450,1,0,0.0,0.0,1.0,0.0,0.0,0
2001-09-01,450,1,0,0.0,0.0,1.0,0.0,0.0,0
2001-10-01,450,1,0,0.0,0.0,1.0,0.0,0.0,0
2001-11-01,450,1,0,0.0,0.0,1.0,0.0,0.0,0
2001-12-01,450,1,0,0.0,0.0,1.0,0.0,0.0,0
2002-01-01,450,1,0,0.0,0.0,1.0,0.0,0.0,0
2002-02-01,450,1,0,0.0,0.0,1.0,0.0,0.0,0
2002-03-01,450,1,0,0.0,0.0,1.0,0.0,0.0,0
2002-04-01,450,1,0,0.0,0.0,1.0,0.0,0.0,0
2002-05-01,450,1,0,0.0,0.0,1.0,0.0,0.0,0
2002-06-01,450,1,0,0.0,0.0,1.0,0.0,0.0,0
2002-07-01,450,1,0,0.0,0.0,1.0,0.0,0.0,0
2002-08-01,450,1,0,0.0,0.0,1.0,0.0,0.0,0
2002-09-01,450,1,0,0.0,0.0,1.0,0.0,0.0,0
2002-10-01,450,1,0,0.0,0.0,1.0,0.0,0.0,0
2002-11-01,450,1,0,0.0,0.0,1.0,0.0,0.0,0
2002-12-01,450,1,0,0.0,0.0,1.0,0.0,0.0,0
2003-01-01,450,1,0,0.0,0.0,1.0,0.0,0.0,0
2003-02-01,450,1,0,0.0,0.0,1.0,0.0,0.0,0
2003-03-01,450,1,0,0.0,0.0,1.0,0.0,0.0,0
2003-04-01,450,1,0,0.0,0.0,1.0,0.0,0.0,0
2003-05-01,450,1,0,0.0,0.0,1.0,0.0,0.0,0
2003-06-01,450,0,1,0.0,0.0,1.0,0.0,0.0,1
2003-07-01,450,0,1,0.0,0.0,0.0,0.0,0.0,2
2003-08-01,450,0,1,0.0,2.0,0.0,0.0,0.0,3
2003-09-01,450,0,0,1.0,0.0,0.0,0.0,2.0,4
2003-10-01,450,0,0,1.0,0.0,0.0,1.0,0.0,5
2003-11-01,450,0,0,1.0,0.0,0.0,1.0,0.0,6
2003-12-01,450,0,0,1.0,0.0,0.0,1.0,0.0,7
2004-01-01,450,0,0,1.0,0.0,0.0,1.0,0.0,8
2004-02-01,450,0,0,1.0,0.0,0.0,1.0,0.0,9
2004-03-01,450,0,0,1.0,0.0,0.0,1.0,0.0,10
2004-04-01,450,0,0,1.0,0.0,0.0,1.0,0.0,11
2004-05-01,450,0,0,1.0,0.0,0.0,1.0,0.0,12
2004-06-01,450,0,0,1.0,0.0,0.0,1.0,0.0,13
2004-07-01,450,0,0,1.0,0.0,0.0,1.0,0.0,14
2004-08-01,450,0,0,1.0,0.0,0.0,1.0,0.0,15
2004-09-01,450,0,0,1.0,0.0,0.0,1.0,0.0,16
2004-10-01,450,0,0,1.0,0.0,0.0,1.0,0.0,17
2004-11-01,450,0,0,1.0,0.0,0.0,1.0,0.0,18
2004-12-01,450,0,0,1.0,0.0,0.0,1.0,0.0,19
2005-01-01,450,0,0,1.0,0.0,0.0,1.0,0.0,20
2005-02-01,450,0,0,1.0,0.0,0.0,1.0,0.0,21
2005-03-01,450,0,0,1.0,0.0,0.0,1.0,0.0,22
2005-04-01,450,0,0,1.0,0.0,0.0,1.0,0.0,23
2005-05-01,450,0,0,1.0,0.0,0.0,1.0,0.0,24
2005-06-01,450,0,0,1.0,0.0,0.0,1.0,0.0,25
2005-07-01,450,0,0,1.0,0.0,0.0,1.0,0.0,26
2005-08-01,450,0,0,1.0,0.0,0.0,1.0,0.0,27
2005-09-01,450,0,0,1.0,0.0,0.0,1.0,0.0,28
2005-10-01,450,0,0,1.0,0.0,0.0,1.0,0.0,29
2005-11-01,450,0,0,1.0,0.0,0.0,1.0,0.0,30
2005-12-01,450,0,0,1.0,0.0,0.0,1.0,0.0,31
2006-01-01,450,0,0,1.0,0.0,0.0,1.0,0.0,32
2006-02-01,450,0,0,1.0,0.0,0.0,1.0,0.0,33
2006-03-01,450,0,0,1.0,0.0,0.0,1.0,0.0,34
2006-04-01,450,0,0,1.0,0.0,0.0,1.0,0.0,35
2006-05-01,450,0,0,1.0,0.0,0.0,1.0,0.0,36
2006-06-01,450,0,0,1.0,0.0,0.0,1.0,0.0,37
2006-07-01,450,0,0,1.0,0.0,0.0,1.0,0.0,38
2006-08-01,450,0,0,1.0,0.0,0.0,1.0,0.0,39
2006-09-01,450,0,0,1.0,0.0,0.0,1.0,0.0,40
2006-10-01,450,0,0,1.0,0.0,0.0,1.0,0.0,41
2006-11-01,450,0,0,1.0,0.0,0.0,1.0,0.0,42
2006-12-01,450,0,0,1.0,0.0,0.0,1.0,0.0,43
2007-01-01,450,0,0,1.0,0.0,0.0,1.0,0.0,44
2007-02-01,450,0,0,1.0,0.0,0.0,1.0,0.0,45
2007-03-01,450,0,0,1.0,0.0,0.0,1.0,0.0,46
2007-04-01,450,0,0,1.0,0.0,0.0,1.0,0.0,47
2007-05-01,450,0,0,1.0,0.0,0.0,1.0,0.0,48
2007-06-01,450,0,0,1.0,0.0,0.0,1.0,0.0,49
2007-07-01,450,0,0,1.0,0.0,0.0,1.0,0.0,50
2007-08-01,450,0,0,1.0,0.0,0.0,1.0,0.0,51
2007-09-01,450,0,0,1.0,0.0,0.0,1.0,0.0,52
2007-10-01,450,0,0,1.0,0.0,0.0,1.0,0.0,53
2007-11-01,450,0,0,1.0,0.0,0.0,1.0,0.0,54
2007-12-01,450,0,0,1.0,0.0,0.0,1.0,0.0,55
2008-01-01,450,0,0,1.0,0.0,0.0,1.0,0.0,56
2008-02-01,450,0,0,1.0,0.0,0.0,1.0,0.0,57
2008-03-01,450,0,0,1.0,0.0,0.0,1.0,0.0,58
2008-04-01,450,0,0,1.0,0.0,0.0,1.0,0.0,59
2008-05-01,450,0,0,1.0,0.0,0.0,1.0,0.0,60
2008-06-01,450,0,0,1.0,0.0,0.0,1.0,0.0,61
2008-07-01,450,0,0,1.0,0.0,0.0,1.0,0.0,62
2008-08-01,450,0,0,1.0,0.0,0.0,1.0,0.0,63
2008-09-01,450,0,0,1.0,0.0,0.0,1.0,0.0,64
2008-10-01,450,0,0,1.0,0.0,0.0,1.0,0.0,65
2008-11-01,450,0,0,1.0,0.0,0.0,1.0,0.0,66
2008-12-01,450,0,0,1.0,0.0,0.0,1.0,0.0,67
2009-01-01,450,0,0,1.0,0.0,0.0,1.0,0.0,68
2009-02-01,450,0,0,1.0,0.0,0.0,1.0,0.0,69
2009-03-01,450,0,0,1.0,0.0,0.0,1.0,0.0,70
2009-04-01,450,0,0,1.0,0.0,0.0,1.0,0.0,71
2009-05-01,450,0,0,1.0,0.0,0.0,1.0,0.0,72
2009-06-01,450,0,0,1.0,0.0,0.0,1.0,0.0,73
2009-07-01,450,0,0,1.0,0.0,0.0,1.0,0.0,74
2009-08-01,450,0,0,1.0,0.0,0.0,1.0,0.0,75
2009-09-01,450,0,0,1.0,0.0,0.0,1.0,0.0,76
2009-10-01,450,0,0,1.0,0.0,0.0,1.0,0.0,77
2009-11-01,450,0,0,1.0,0.0,0.0,1.0,0.0,78
2009-12-01,450,0,0,1.0,0.0,0.0,1.0,0.0,79
2010-01-01,450,0,0,1.0,0.0,0.0,1.0,0.0,80
2010-02-01,450,0,0,1.0,0.0,0.0,1.0,0.0,81
2010-03-01,450,0,0,1.0,0.0,0.0,1.0,0.0,82
2010-04-01,450,0,0,1.0,0.0,0.0,1.0,0.0,83
2010-05-01,450,0,0,1.0,0.0,0.0,1.0,0.0,84
2010-06-01,450,0,0,1.0,0.0,0.0,1.0,0.0,85
2010-07-01,450,0,0,1.0,0.0,0.0,1.0,0.0,86
2010-08-01,450,0,0,1.0,0.0,0.0,1.0,0.0,87
2010-09-01,450,0,0,1.0,0.0,0.0,1.0,0.0,88
2010-10-01,450,0,0,1.0,0.0,0.0,1.0,0.0,89
2010-11-01,450,0,0,1.0,0.0,0.0,1.0,0.0,90
2010-12-01,450,0,0,1.0,0.0,0.0,1.0,0.0,91
2011-01-01,450,0,0,1.0,0.0,0.0,1.0,0.0,92
2011-02-01,450,0,0,1.0,0.0,0.0,1.0,0.0,93
2011-03-01,450,0,0,1.0,0.0,0.0,1.0,0.0,94
2011-04-01,450,0,0,1.0,0.0,0.0,1.0,0.0,95
2011-05-01,450,0,0,1.0,0.0,0.0,1.0,0.0,96
2011-06-01,450,0,0,1.0,0.0,0.0,1.0,0.0,97
1993-12-01,451,0,1,0.0,0.0,,,,1
1994-01-01,451,1,0,0.0,0.0,0.0,0.0,0.0,0
1994-02-01,451,1,0,0.0,0.0,1.0,0.0,0.0,0
1994-03-01,451,1,0,0.0,0.0,1.0,0.0,0.0,0
1994-04-01,451,1,0,0.0,0.0,1.0,0.0,0.0,0
1994-05-01,451,1,0,0.0,0.0,1.0,0.0,0.0,0
1994-06-01,451,1,0,0.0,0.0,1.0,0.0,0.0,0
1994-07-01,451,1,0,0.0,0.0,1.0,0.0,0.0,0
1994-08-01,451,1,0,0.0,0.0,1.0,0.0,0.0,0
1994-09-01,451,1,0,0.0,0.0,1.0,0.0,0.0,0
1994-10-01,451,1,0,0.0,0.0,1.0,0.0,0.0,0
1994-11-01,451,1,0,0.0,0.0,1.0,0.0,0.0,0
1994-12-01,451,1,0,0.0,0.0,1.0,0.0,0.0,0
1995-01-01,451,1,0,0.0,0.0,1.0,0.0,0.0,0
1995-02-01,451,1,0,0.0,0.0,1.0,0.0,0.0,0
1995-03-01,451,1,0,0.0,0.0,1.0,0.0,0.0,0
1995-04-01,451,1,0,0.0,0.0,1.0,0.0,0.0,0
1995-05-01,451,1,0,0.0,0.0,1.0,0.0,0.0,0
1995-06-01,451,1,0,0.0,0.0,1.0,0.0,0.0,0
1995-07-01,451,1,0,0.0,0.0,1.0,0.0,0.0,0
1995-08-01,451,1,0,0.0,0.0,1.0,0.0,0.0,0
1995-09-01,451,1,0,0.0,0.0,1.0,0.0,0.0,0
1995-10-01,451,1,0,0.0,0.0,1.0,0.0,0.0,0
1995-11-01,451,1,0,0.0,0.0,1.0,0.0,0.0,0
1995-12-01,451,1,0,0.0,0.0,1.0,0.0,0.0,0
1996-01-01,451,0,1,0.0,0.0,1.0,0.0,0.0,1
1996-02-01,451,1,0,0.0,0.0,0.0,0.0,0.0,0
1996-03-01,451,0,1,0.0,0.0,1.0,0.0,0.0,1
1996-04-01,451,0,1,0.0,0.0,0.0,0.0,0.0,2
1996-05-01,451,0,0,1.0,0.0,0.0,0.0,0.0,3
1996-06-01,451,0,0,1.0,0.0,0.0,1.0,0.0,4
1996-07-01,451,1,0,0.0,0.0,0.0,1.0,0.0,0
1996-08-01,451,1,0,0.0,0.0,1.0,0.0,0.0,0
1996-09-01,451,1,0,0.0,0.0,1.0,0.0,0.0,0
1996-10-01,451,1,0,0.0,0.0,1.0,0.0,0.0,0
1996-11-01,451,1,0,0.0,0.0,1.0,0.0,0.0,0
1996-12-01,451,1,0,0.0,0.0,1.0,0.0,0.0,0
1997-01-01,451,1,0,0.0,0.0,1.0,0.0,0.0,0
1997-02-01,451,1,0,0.0,0.0,1.0,0.0,0.0,0
1997-03-01,451,1,0,0.0,0.0,1.0,0.0,0.0,0
1997-04-01,451,1,0,0.0,0.0,1.0,0.0,0.0,0
1997-05-01,451,0,1,0.0,0.0,1.0,0.0,0.0,1
1997-06-01,451,0,0,0.0,0.0,0.0,0.0,0.0,2
1997-07-01,451,0,1,1.0,2.0,0.0,0.0,0.0,3
1997-08-01,451,0,0,1.0,2.0,0.0,1.0,2.0,4
1997-09-01,451,0,0,1.0,2.0,0.0,1.0,2.0,5
1997-10-01,451,0,0,1.0,2.0,0.0,1.0,2.0,6
1997-11-01,451,1,0,0.0,0.0,0.0,1.0,2.0,0
1997-12-01,451,1,0,0.0,0.0,1.0,0.0,0.0,0
1998-01-01,451,1,0,0.0,0.0,1.0,0.0,0.0,0
1998-02-01,451,1,0,0.0,0.0,1.0,0.0,0.0,0
1998-03-01,451,1,0,0.0,0.0,1.0,0.0,0.0,0
1998-04-01,451,1,0,0.0,0.0,1.0,0.0,0.0,0
1998-05-01,451,1,0,0.0,0.0,1.0,0.0,0.0,0
1998-06-01,451,1,0,0.0,0.0,1.0,0.0,0.0,0
1998-07-01,451,1,0,0.0,0.0,1.0,0.0,0.0,0
1998-08-01,451,1,0,0.0,0.0,1.0,0.0,0.0,0
1998-09-01,451,1,0,0.0,0.0,1.0,0.0,0.0,0
1998-10-01,451,1,0,0.0,0.0,1.0,0.0,0.0,0
1998-11-01,451,1,0,0.0,0.0,1.0,0.0,0.0,0
1998-12-01,451,1,0,0.0,0.0,1.0,0.0,0.0,0
1999-01-01,451,0,1,0.0,0.0,1.0,0.0,0.0,1
1999-02-01,451,1,0,0.0,0.0,0.0,0.0,0.0,0
1999-03-01,451,1,0,0.0,0.0,1.0,0.0,0.0,0
1999-04-01,451,1,0,0.0,0.0,1.0,0.0,0.0,0
1999-05-01,451,0,1,1.0,2.0,1.0,0.0,0.0,1
1999-06-01,451,0,0,1.0,2.0,0.0,1.0,2.0,2
1999-07-01,451,0,1,1.0,2.0,0.0,1.0,2.0,3
1999-08-01,451,0,0,1.0,2.0,0.0,1.0,2.0,4
1999-09-01,451,0,0,1.0,2.0,0.0,1.0,2.0,5
1999-10-01,451,0,0,1.0,2.0,0.0,1.0,2.0,6
1999-11-01,451,0,0,1.0,2.0,0.0,1.0,2.0,7
1999-12-01,451,0,0,1.0,2.0,0.0,1.0,2.0,8
2000-01-01,451,0,0,1.0,2.0,0.0,1.0,2.0,9
2000-02-01,451,0,0,1.0,2.0,0.0,1.0,2.0,10
2000-03-01,451,0,0,1.0,2.0,0.0,1.0,2.0,11
2000-04-01,451,1,0,0.0,0.0,0.0,1.0,2.0,0
2000-05-01,451,1,0,0.0,0.0,1.0,0.0,0.0,0
2000-06-01,451,1,0,0.0,0.0,1.0,0.0,0.0,0
2000-07-01,451,1,0,0.0,0.0,1.0,0.0,0.0,0
2000-08-01,451,1,0,0.0,0.0,1.0,0.0,0.0,0
2000-09-01,451,1,0,0.0,0.0,1.0,0.0,0.0,0
2000-10-01,451,1,0,0.0,0.0,1.0,0.0,0.0,0
2000-11-01,451,0,1,1.0,2.0,1.0,0.0,0.0,1
2000-12-01,451,0,1,0.0,2.0,0.0,1.0,2.0,2
2001-01-01,451,0,0,0.0,2.0,0.0,0.0,2.0,3
2001-02-01,451,0,0,0.0,2.0,0.0,0.0,2.0,4
2001-03-01,451,0,0,0.0,2.0,0.0,0.0,2.0,5
2001-04-01,451,0,0,0.0,2.0,0.0,0.0,2.0,6
2001-05-01,451,0,0,0.0,2.0,0.0,0.0,2.0,7
2020-03-01,471,0,1,0.0,0.0,,,,1
2020-04-01,471,0,0,0.0,0.0,0.0,0.0,0.0,2
2004-09-01,475,0,1,0.0,0.0,,,,1
2004-10-01,475,1,0,0.0,0.0,0.0,0.0,0.0,0
2004-11-01,475,1,0,0.0,0.0,1.0,0.0,0.0,0
2004-12-01,475,1,0,0.0,0.0,1.0,0.0,0.0,0
2005-01-01,475,1,0,0.0,0.0,1.0,0.0,0.0,0
2005-02-01,475,1,0,0.0,0.0,1.0,0.0,0.0,0
2005-03-01,475,1,0,0.0,0.0,1.0,0.0,0.0,0
2005-04-01,475,1,0,0.0,0.0,1.0,0.0,0.0,0
2005-05-01,475,1,0,0.0,0.0,1.0,0.0,0.0,0
2005-06-01,475,1,0,0.0,0.0,1.0,0.0,0.0,0
2005-07-01,475,1,0,0.0,0.0,1.0,0.0,0.0,0
2005-08-01,475,1,0,0.0,0.0,1.0,0.0,0.0,0
2005-09-01,475,1,0,0.0,0.0,1.0,0.0,0.0,0
2005-10-01,475,1,0,0.0,0.0,1.0,0.0,0.0,0
2005-11-01,475,1,0,0.0,0.0,1.0,0.0,0.0,0
2005-12-01,475,1,0,0.0,0.0,1.0,0.0,0.0,0
2006-01-01,475,1,0,0.0,0.0,1.0,0.0,0.0,0
2006-02-01,475,1,0,0.0,0.0,1.0,0.0,0.0,0
2006-03-01,475,1,0,0.0,0.0,1.0,0.0,0.0,0
2006-04-01,475,1,0,0.0,0.0,1.0,0.0,0.0,0
2006-05-01,475,1,0,0.0,0.0,1.0,0.0,0.0,0
2006-06-01,475,1,0,0.0,0.0,1.0,0.0,0.0,0
2006-07-01,475,1,0,0.0,0.0,1.0,0.0,0.0,0
2006-08-01,475,1,0,0.0,0.0,1.0,0.0,0.0,0
2006-09-01,475,1,0,0.0,0.0,1.0,0.0,0.0,0
2006-10-01,475,0,1,0.0,0.0,1.0,0.0,0.0,1
2006-11-01,475,0,0,0.0,0.0,0.0,0.0,0.0,2
2006-12-01,475,0,0,0.0,0.0,0.0,0.0,0.0,3
2007-01-01,475,0,0,0.0,0.0,0.0,0.0,0.0,4
2007-02-01,475,1,0,0.0,0.0,0.0,0.0,0.0,0
2007-03-01,475,1,0,0.0,0.0,1.0,0.0,0.0,0
2007-04-01,475,0,1,0.0,0.0,1.0,0.0,0.0,1
2007-05-01,475,0,0,0.0,0.0,0.0,0.0,0.0,2
2007-06-01,475,0,1,0.0,0.0,0.0,0.0,0.0,3
2007-07-01,475,0,0,0.0,0.0,0.0,0.0,0.0,4
2007-08-01,475,1,0,0.0,0.0,0.0,0.0,0.0,0
2007-09-01,475,1,0,0.0,0.0,1.0,0.0,0.0,0
2007-10-01,475,1,0,0.0,0.0,1.0,0.0,0.0,0
2007-11-01,475,1,0,0.0,0.0,1.0,0.0,0.0,0
2007-12-01,475,0,1,0.0,0.0,1.0,0.0,0.0,1
2008-01-01,475,1,0,0.0,0.0,0.0,0.0,0.0,0
2008-02-01,475,1,0,0.0,0.0,1.0,0.0,0.0,0
2008-03-01,475,1,0,0.0,0.0,1.0,0.0,0.0,0
2008-04-01,475,1,0,0.0,0.0,1.0,0.0,0.0,0
2008-05-01,475,1,0,0.0,0.0,1.0,0.0,0.0,0
2008-06-01,475,0,1,0.0,0.0,1.0,0.0,0.0,1
2008-07-01,475,0,0,0.0,0.0,0.0,0.0,0.0,2
2008-08-01,475,1,0,0.0,0.0,0.0,0.0,0.0,0
2008-09-01,475,0,1,0.0,0.0,1.0,0.0,0.0,1
2008-10-01,475,0,0,0.0,0.0,0.0,0.0,0.0,2
2008-11-01,475,0,0,0.0,0.0,0.0,0.0,0.0,3
2008-12-01,475,0,0,0.0,0.0,0.0,0.0,0.0,4
2009-01-01,475,0,0,0.0,0.0,0.0,0.0,0.0,5
2009-02-01,475,1,0,0.0,0.0,0.0,0.0,0.0,0
2009-03-01,475,1,0,0.0,0.0,1.0,0.0,0.0,0
2009-04-01,475,1,0,0.0,0.0,1.0,0.0,0.0,0
2009-05-01,475,1,0,0.0,0.0,1.0,0.0,0.0,0
2009-06-01,475,1,0,0.0,0.0,1.0,0.0,0.0,0
2009-07-01,475,0,1,0.0,0.0,1.0,0.0,0.0,1
2009-08-01,475,0,0,0.0,0.0,0.0,0.0,0.0,2
2009-09-01,475,0,1,0.0,0.0,0.0,0.0,0.0,3
2009-10-01,475,0,1,0.0,0.0,0.0,0.0,0.0,4
2009-11-01,475,0,0,0.0,0.0,0.0,0.0,0.0,5
2009-12-01,475,0,0,0.0,0.0,0.0,0.0,0.0,6
2010-01-01,475,1,0,0.0,0.0,0.0,0.0,0.0,0
2010-02-01,475,1,0,0.0,0.0,1.0,0.0,0.0,0
2010-03-01,475,1,0,0.0,0.0,1.0,0.0,0.0,0
2010-04-01,475,1,0,0.0,0.0,1.0,0.0,0.0,0
2010-05-01,475,1,0,0.0,0.0,1.0,0.0,0.0,0
2010-06-01,475,1,0,0.0,0.0,1.0,0.0,0.0,0
2010-07-01,475,1,0,0.0,0.0,1.0,0.0,0.0,0
2010-08-01,475,1,0,0.0,0.0,1.0,0.0,0.0,0
2010-09-01,475,1,0,0.0,0.0,1.0,0.0,0.0,0
2010-10-01,475,1,0,0.0,0.0,1.0,0.0,0.0,0
2010-11-01,475,1,0,0.0,0.0,1.0,0.0,0.0,0
2010-12-01,475,1,0,0.0,0.0,1.0,0.0,0.0,0
2011-01-01,475,1,0,0.0,0.0,1.0,0.0,0.0,0
2011-02-01,475,1,0,0.0,0.0,1.0,0.0,0.0,0
2011-03-01,475,1,0,0.0,0.0,1.0,0.0,0.0,0
2011-04-01,475,1,0,0.0,0.0,1.0,0.0,0.0,0
2011-05-01,475,1,0,0.0,0.0,1.0,0.0,0.0,0
2011-06-01,475,1,0,0.0,0.0,1.0,0.0,0.0,0
2011-07-01,475,1,0,0.0,0.0,1.0,0.0,0.0,0
2011-08-01,475,1,0,0.0,0.0,1.0,0.0,0.0,0
2011-09-01,475,1,0,0.0,0.0,1.0,0.0,0.0,0
2011-10-01,475,1,0,0.0,0.0,1.0,0.0,0.0,0
2011-11-01,475,1,0,0.0,0.0,1.0,0.0,0.0,0
2011-12-01,475,1,0,0.0,0.0,1.0,0.0,0.0,0
2012-01-01,475,1,0,0.0,0.0,1.0,0.0,0.0,0
2012-02-01,475,1,0,0.0,0.0,1.0,0.0,0.0,0
2012-03-01,475,1,0,0.0,0.0,1.0,0.0,0.0,0
2012-04-01,475,1,0,0.0,0.0,1.0,0.0,0.0,0
2012-05-01,475,1,0,0.0,0.0,1.0,0.0,0.0,0
2012-06-01,475,1,0,0.0,0.0,1.0,0.0,0.0,0
2012-07-01,475,1,0,0.0,0.0,1.0,0.0,0.0,0
2012-08-01,475,1,0,0.0,0.0,1.0,0.0,0.0,0
2012-09-01,475,1,0,0.0,0.0,1.0,0.0,0.0,0
2012-10-01,475,1,0,0.0,0.0,1.0,0.0,0.0,0
2012-11-01,475,1,0,0.0,0.0,1.0,0.0,0.0,0
2012-12-01,475,1,0,0.0,0.0,1.0,0.0,0.0,0
2013-01-01,475,0,1,-1.0,0.0,1.0,0.0,0.0,1
2013-02-01,475,0,0,-1.0,0.0,0.0,-1.0,0.0,2
2013-03-01,475,0,0,-1.0,0.0,0.0,-1.0,0.0,3
2013-04-01,475,1,0,0.0,0.0,0.0,-1.0,0.0,0
2013-05-01,475,1,0,0.0,0.0,1.0,0.0,0.0,0
2013-06-01,475,1,0,0.0,0.0,1.0,0.0,0.0,0
2013-07-01,475,1,0,0.0,0.0,1.0,0.0,0.0,0
2013-08-01,475,1,0,0.0,0.0,1.0,0.0,0.0,0
2013-09-01,475,1,0,0.0,0.0,1.0,0.0,0.0,0
2013-10-01,475,1,0,0.0,0.0,1.0,0.0,0.0,0
2013-11-01,475,1,0,0.0,0.0,1.0,0.0,0.0,0
2013-12-01,475,1,0,0.0,0.0,1.0,0.0,0.0,0
2014-01-01,475,1,0,0.0,0.0,1.0,0.0,0.0,0
2014-02-01,475,1,0,0.0,0.0,1.0,0.0,0.0,0
2014-03-01,475,1,0,0.0,0.0,1.0,0.0,0.0,0
2014-04-01,475,1,0,0.0,0.0,1.0,0.0,0.0,0
2014-05-01,475,1,0,0.0,0.0,1.0,0.0,0.0,0
2014-06-01,475,1,0,0.0,0.0,1.0,0.0,0.0,0
2014-07-01,475,1,0,0.0,0.0,1.0,0.0,0.0,0
2014-08-01,475,1,0,0.0,0.0,1.0,0.0,0.0,0
2014-09-01,475,1,0,0.0,0.0,1.0,0.0,0.0,0
2014-10-01,475,1,0,0.0,0.0,1.0,0.0,0.0,0
2014-11-01,475,1,0,0.0,0.0,1.0,0.0,0.0,0
2014-12-01,475,1,0,0.0,0.0,1.0,0.0,0.0,0
2015-01-01,475,1,0,0.0,0.0,1.0,0.0,0.0,0
2015-02-01,475,1,0,0.0,0.0,1.0,0.0,0.0,0
2015-03-01,475,1,0,0.0,0.0,1.0,0.0,0.0,0
2015-04-01,475,1,0,0.0,0.0,1.0,0.0,0.0,0
2015-05-01,475,1,0,0.0,0.0,1.0,0.0,0.0,0
2015-06-01,475,1,0,0.0,0.0,1.0,0.0,0.0,0
2015-07-01,475,1,0,0.0,0.0,1.0,0.0,0.0,0
2015-08-01,475,1,0,0.0,0.0,1.0,0.0,0.0,0
2015-09-01,475,1,0,0.0,0.0,1.0,0.0,0.0,0
2015-10-01,475,1,0,0.0,0.0,1.0,0.0,0.0,0
2015-11-01,475,1,0,0.0,0.0,1.0,0.0,0.0,0
2015-12-01,475,1,0,0.0,0.0,1.0,0.0,0.0,0
2016-01-01,475,1,0,0.0,0.0,1.0,0.0,0.0,0
2016-02-01,475,1,0,0.0,0.0,1.0,0.0,0.0,0
2016-03-01,475,1,0,0.0,0.0,1.0,0.0,0.0,0
2016-04-01,475,1,0,0.0,0.0,1.0,0.0,0.0,0
2016-05-01,475,1,0,0.0,0.0,1.0,0.0,0.0,0
2016-06-01,475,1,0,0.0,0.0,1.0,0.0,0.0,0
2016-07-01,475,1,0,0.0,0.0,1.0,0.0,0.0,0
2016-08-01,475,0,1,0.0,0.0,1.0,0.0,0.0,1
2016-09-01,475,0,0,0.0,0.0,0.0,0.0,0.0,2
2016-10-01,475,0,0,0.0,0.0,0.0,0.0,0.0,3
2016-11-01,475,0,0,0.0,0.0,0.0,0.0,0.0,4
2016-12-01,475,0,0,0.0,0.0,0.0,0.0,0.0,5
2017-01-01,475,0,0,0.0,0.0,0.0,0.0,0.0,6
2017-02-01,475,0,0,0.0,0.0,0.0,0.0,0.0,7
2017-03-01,475,0,0,0.0,0.0,0.0,0.0,0.0,8
2017-04-01,475,0,0,0.0,0.0,0.0,0.0,0.0,9
2017-05-01,475,0,0,0.0,0.0,0.0,0.0,0.0,10
2017-06-01,475,0,0,0.0,0.0,0.0,0.0,0.0,11
2017-07-01,475,0,0,0.0,0.0,0.0,0.0,0.0,12
2017-08-01,475,0,0,0.0,0.0,0.0,0.0,0.0,13
2017-09-01,475,0,0,0.0,0.0,0.0,0.0,0.0,14
2017-10-01,475,0,0,0.0,0.0,0.0,0.0,0.0,15
2017-11-01,475,0,0,0.0,0.0,0.0,0.0,0.0,16
1996-12-01,482,0,1,1.0,0.0,,,,1
1997-01-01,482,0,0,1.0,0.0,0.0,1.0,0.0,2
1997-02-01,482,1,0,0.0,0.0,0.0,1.0,0.0,0
1997-03-01,482,1,0,0.0,0.0,1.0,0.0,0.0,0
1997-04-01,482,1,0,0.0,0.0,1.0,0.0,0.0,0
1997-05-01,482,1,0,0.0,0.0,1.0,0.0,0.0,0
1997-06-01,482,0,1,1.0,0.0,1.0,0.0,0.0,1
1997-07-01,482,0,1,1.0,0.0,0.0,1.0,0.0,2
1997-08-01,482,1,0,0.0,0.0,0.0,1.0,0.0,0
1997-09-01,482,1,0,0.0,0.0,1.0,0.0,0.0,0
1997-10-01,482,1,0,0.0,0.0,1.0,0.0,0.0,0
1997-11-01,482,1,0,0.0,0.0,1.0,0.0,0.0,0
1997-12-01,482,1,0,0.0,0.0,1.0,0.0,0.0,0
1998-01-01,482,1,0,0.0,0.0,1.0,0.0,0.0,0
1998-02-01,482,1,0,0.0,0.0,1.0,0.0,0.0,0
1998-03-01,482,1,0,0.0,0.0,1.0,0.0,0.0,0
1998-04-01,482,1,0,0.0,0.0,1.0,0.0,0.0,0
1998-05-01,482,1,0,0.0,0.0,1.0,0.0,0.0,0
1998-06-01,482,1,0,0.0,0.0,1.0,0.0,0.0,0
1998-07-01,482,1,0,0.0,0.0,1.0,0.0,0.0,0
1998-08-01,482,1,0,0.0,0.0,1.0,0.0,0.0,0
1998-09-01,482,1,0,0.0,0.0,1.0,0.0,0.0,0
1998-10-01,482,1,0,0.0,0.0,1.0,0.0,0.0,0
1998-11-01,482,1,0,0.0,0.0,1.0,0.0,0.0,0
1998-12-01,482,1,0,0.0,0.0,1.0,0.0,0.0,0
1999-01-01,482,1,0,0.0,0.0,1.0,0.0,0.0,0
1999-02-01,482,1,0,0.0,0.0,1.0,0.0,0.0,0
1999-03-01,482,1,0,0.0,0.0,1.0,0.0,0.0,0
1999-04-01,482,1,0,0.0,0.0,1.0,0.0,0.0,0
1999-05-01,482,1,0,0.0,0.0,1.0,0.0,0.0,0
1999-06-01,482,1,0,0.0,0.0,1.0,0.0,0.0,0
1999-07-01,482,1,0,0.0,0.0,1.0,0.0,0.0,0
1999-08-01,482,1,0,0.0,0.0,1.0,0.0,0.0,0
1999-09-01,482,1,0,0.0,0.0,1.0,0.0,0.0,0
1999-10-01,482,1,0,0.0,0.0,1.0,0.0,0.0,0
1999-11-01,482,1,0,0.0,0.0,1.0,0.0,0.0,0
1999-12-01,482,1,0,0.0,0.0,1.0,0.0,0.0,0
2000-01-01,482,1,0,0.0,0.0,1.0,0.0,0.0,0
2000-02-01,482,1,0,0.0,0.0,1.0,0.0,0.0,0
2000-03-01,482,1,0,0.0,0.0,1.0,0.0,0.0,0
2000-04-01,482,1,0,0.0,0.0,1.0,0.0,0.0,0
2000-05-01,482,1,0,0.0,0.0,1.0,0.0,0.0,0
2000-06-01,482,1,0,0.0,0.0,1.0,0.0,0.0,0
2000-07-01,482,1,0,0.0,0.0,1.0,0.0,0.0,0
2000-08-01,482,1,0,0.0,0.0,1.0,0.0,0.0,0
2000-09-01,482,1,0,0.0,0.0,1.0,0.0,0.0,0
2000-10-01,482,1,0,0.0,0.0,1.0,0.0,0.0,0
2000-11-01,482,1,0,0.0,0.0,1.0,0.0,0.0,0
2000-12-01,482,1,0,0.0,0.0,1.0,0.0,0.0,0
2001-01-01,482,1,0,0.0,0.0,1.0,0.0,0.0,0
2001-02-01,482,1,0,0.0,0.0,1.0,0.0,0.0,0
2001-03-01,482,1,0,0.0,0.0,1.0,0.0,0.0,0
2001-04-01,482,1,0,0.0,0.0,1.0,0.0,0.0,0
2001-05-01,482,1,0,0.0,0.0,1.0,0.0,0.0,0
2001-06-01,482,1,0,0.0,0.0,1.0,0.0,0.0,0
2001-07-01,482,1,0,0.0,0.0,1.0,0.0,0.0,0
2001-08-01,482,1,0,0.0,0.0,1.0,0.0,0.0,0
2001-09-01,482,1,0,0.0,0.0,1.0,0.0,0.0,0
2001-10-01,482,1,0,0.0,0.0,1.0,0.0,0.0,0
2001-11-01,482,1,0,0.0,0.0,1.0,0.0,0.0,0
2001-12-01,482,1,0,0.0,0.0,1.0,0.0,0.0,0
2002-01-01,482,1,0,0.0,0.0,1.0,0.0,0.0,0
2002-02-01,482,1,0,0.0,0.0,1.0,0.0,0.0,0
2002-03-01,482,1,0,0.0,0.0,1.0,0.0,0.0,0
2002-04-01,482,1,0,0.0,0.0,1.0,0.0,0.0,0
2002-05-01,482,1,0,0.0,0.0,1.0,0.0,0.0,0
2002-06-01,482,1,0,0.0,0.0,1.0,0.0,0.0,0
2002-07-01,482,1,0,0.0,0.0,1.0,0.0,0.0,0
2002-08-01,482,1,0,0.0,0.0,1.0,0.0,0.0,0
2002-09-01,482,1,0,0.0,0.0,1.0,0.0,0.0,0
2002-10-01,482,1,0,0.0,0.0,1.0,0.0,0.0,0
2002-11-01,482,1,0,0.0,0.0,1.0,0.0,0.0,0
2002-12-01,482,1,0,0.0,0.0,1.0,0.0,0.0,0
2003-01-01,482,1,0,0.0,0.0,1.0,0.0,0.0,0
2003-02-01,482,1,0,0.0,0.0,1.0,0.0,0.0,0
2003-03-01,482,1,0,0.0,0.0,1.0,0.0,0.0,0
2003-04-01,482,1,0,0.0,0.0,1.0,0.0,0.0,0
2003-05-01,482,1,0,0.0,0.0,1.0,0.0,0.0,0
2003-06-01,482,1,0,0.0,0.0,1.0,0.0,0.0,0
2003-07-01,482,1,0,0.0,0.0,1.0,0.0,0.0,0
2003-08-01,482,1,0,0.0,0.0,1.0,0.0,0.0,0
2003-09-01,482,1,0,0.0,0.0,1.0,0.0,0.0,0
2003-10-01,482,1,0,0.0,0.0,1.0,0.0,0.0,0
2003-11-01,482,1,0,0.0,0.0,1.0,0.0,0.0,0
2003-12-01,482,1,0,0.0,0.0,1.0,0.0,0.0,0
2004-01-01,482,1,0,0.0,0.0,1.0,0.0,0.0,0
2004-02-01,482,1,0,0.0,0.0,1.0,0.0,0.0,0
2004-03-01,482,1,0,0.0,0.0,1.0,0.0,0.0,0
2004-04-01,482,1,0,0.0,0.0,1.0,0.0,0.0,0
2004-05-01,482,1,0,0.0,0.0,1.0,0.0,0.0,0
2004-06-01,482,1,0,0.0,0.0,1.0,0.0,0.0,0
2004-07-01,482,1,0,0.0,0.0,1.0,0.0,0.0,0
2004-08-01,482,1,0,0.0,0.0,1.0,0.0,0.0,0
2004-09-01,482,1,0,0.0,0.0,1.0,0.0,0.0,0
2004-10-01,482,1,0,0.0,0.0,1.0,0.0,0.0,0
2004-11-01,482,1,0,0.0,0.0,1.0,0.0,0.0,0
2004-12-01,482,1,0,0.0,0.0,1.0,0.0,0.0,0
2005-01-01,482,1,0,0.0,0.0,1.0,0.0,0.0,0
2005-02-01,482,1,0,0.0,0.0,1.0,0.0,0.0,0
2005-03-01,482,1,0,0.0,0.0,1.0,0.0,0.0,0
2005-04-01,482,1,0,0.0,0.0,1.0,0.0,0.0,0
2005-05-01,482,1,0,0.0,0.0,1.0,0.0,0.0,0
2005-06-01,482,1,0,0.0,0.0,1.0,0.0,0.0,0
2005-07-01,482,1,0,0.0,0.0,1.0,0.0,0.0,0
2005-08-01,482,1,0,0.0,0.0,1.0,0.0,0.0,0
2005-09-01,482,1,0,0.0,0.0,1.0,0.0,0.0,0
2005-10-01,482,1,0,0.0,0.0,1.0,0.0,0.0,0
2005-11-01,482,1,0,0.0,0.0,1.0,0.0,0.0,0
2005-12-01,482,1,0,0.0,0.0,1.0,0.0,0.0,0
2006-01-01,482,1,0,0.0,0.0,1.0,0.0,0.0,0
2006-02-01,482,1,0,0.0,0.0,1.0,0.0,0.0,0
2006-03-01,482,1,0,0.0,0.0,1.0,0.0,0.0,0
2006-04-01,482,1,0,0.0,0.0,1.0,0.0,0.0,0
2006-05-01,482,1,0,0.0,0.0,1.0,0.0,0.0,0
2006-06-01,482,1,0,0.0,0.0,1.0,0.0,0.0,0
2006-07-01,482,1,0,0.0,0.0,1.0,0.0,0.0,0
2006-08-01,482,1,0,0.0,0.0,1.0,0.0,0.0,0
2006-09-01,482,1,0,0.0,0.0,1.0,0.0,0.0,0
2006-10-01,482,1,0,0.0,0.0,1.0,0.0,0.0,0
2006-11-01,482,1,0,0.0,0.0,1.0,0.0,0.0,0
2006-12-01,482,1,0,0.0,0.0,1.0,0.0,0.0,0
2007-01-01,482,1,0,0.0,0.0,1.0,0.0,0.0,0
2007-02-01,482,0,1,1.0,0.0,1.0,0.0,0.0,1
2007-03-01,482,0,0,1.0,0.0,0.0,1.0,0.0,2
2007-04-01,482,0,1,0.0,0.0,0.0,1.0,0.0,3
2007-05-01,482,0,0,0.0,0.0,0.0,0.0,0.0,4
2007-06-01,482,0,0,0.0,0.0,0.0,0.0,0.0,5
2007-07-01,482,0,0,0.0,0.0,0.0,0.0,0.0,6
2007-08-01,482,0,0,0.0,0.0,0.0,0.0,0.0,7
2007-09-01,482,0,0,0.0,0.0,0.0,0.0,0.0,8
2007-10-01,482,0,0,0.0,0.0,0.0,0.0,0.0,9
2007-11-01,482,0,0,0.0,0.0,0.0,0.0,0.0,10
2007-12-01,482,0,0,0.0,0.0,0.0,0.0,0.0,11
2008-01-01,482,0,0,0.0,0.0,0.0,0.0,0.0,12
2008-02-01,482,0,0,0.0,0.0,0.0,0.0,0.0,13
2008-03-01,482,0,0,0.0,0.0,0.0,0.0,0.0,14
2008-04-01,482,0,0,0.0,0.0,0.0,0.0,0.0,15
2008-05-01,482,0,1,0.0,0.0,0.0,0.0,0.0,16
2008-06-01,482,0,1,1.0,1.0,0.0,0.0,0.0,17
2008-07-01,482,0,0,1.0,1.0,0.0,1.0,1.0,18
2008-08-01,482,0,0,1.0,1.0,0.0,1.0,1.0,19
2008-09-01,482,0,0,1.0,1.0,0.0,1.0,1.0,20
2008-10-01,482,0,0,1.0,1.0,0.0,1.0,1.0,21
2008-11-01,482,0,0,1.0,1.0,0.0,1.0,1.0,22
2008-12-01,482,0,0,1.0,1.0,0.0,1.0,1.0,23
2009-01-01,482,0,0,1.0,1.0,0.0,1.0,1.0,24
2009-02-01,482,0,0,1.0,1.0,0.0,1.0,1.0,25
2009-03-01,482,0,0,1.0,1.0,0.0,1.0,1.0,26
2009-04-01,482,0,0,1.0,1.0,0.0,1.0,1.0,27
2009-05-01,482,0,0,1.0,1.0,0.0,1.0,1.0,28
2009-06-01,482,0,0,1.0,1.0,0.0,1.0,1.0,29
2009-07-01,482,0,0,1.0,1.0,0.0,1.0,1.0,30
2009-08-01,482,0,0,1.0,1.0,0.0,1.0,1.0,31
2009-09-01,482,0,0,1.0,1.0,0.0,1.0,1.0,32
2009-10-01,482,0,0,1.0,1.0,0.0,1.0,1.0,33
2009-11-01,482,0,0,1.0,1.0,0.0,1.0,1.0,34
2009-12-01,482,0,0,1.0,1.0,0.0,1.0,1.0,35
2010-01-01,482,0,0,1.0,1.0,0.0,1.0,1.0,36
2010-02-01,482,0,0,1.0,1.0,0.0,1.0,1.0,37
2010-03-01,482,0,0,1.0,1.0,0.0,1.0,1.0,38
2010-04-01,482,0,0,1.0,1.0,0.0,1.0,1.0,39
2010-05-01,482,0,0,1.0,1.0,0.0,1.0,1.0,40
2010-06-01,482,0,0,1.0,1.0,0.0,1.0,1.0,41
2010-07-01,482,0,0,1.0,1.0,0.0,1.0,1.0,42
2010-08-01,482,0,0,1.0,1.0,0.0,1.0,1.0,43
2010-09-01,482,0,0,1.0,1.0,0.0,1.0,1.0,44
2010-10-01,482,0,0,1.0,1.0,0.0,1.0,1.0,45
2010-11-01,482,0,0,1.0,1.0,0.0,1.0,1.0,46
2010-12-01,482,0,0,1.0,1.0,0.0,1.0,1.0,47
2011-01-01,482,0,0,1.0,1.0,0.0,1.0,1.0,48
2011-02-01,482,0,0,1.0,1.0,0.0,1.0,1.0,49
2011-03-01,482,0,0,1.0,1.0,0.0,1.0,1.0,50
2011-04-01,482,0,0,1.0,1.0,0.0,1.0,1.0,51
2011-05-01,482,0,0,1.0,1.0,0.0,1.0,1.0,52
2011-06-01,482,0,1,0.0,0.0,0.0,1.0,1.0,53
2011-07-01,482,0,0,0.0,0.0,0.0,0.0,0.0,54
2011-08-01,482,0,0,0.0,0.0,0.0,0.0,0.0,55
2011-09-01,482,0,0,0.0,0.0,0.0,0.0,0.0,56
2011-10-01,482,0,0,0.0,0.0,0.0,0.0,0.0,57
2011-11-01,482,0,0,0.0,0.0,0.0,0.0,0.0,58
2011-12-01,482,0,0,0.0,0.0,0.0,0.0,0.0,59
2012-01-01,482,0,0,0.0,0.0,0.0,0.0,0.0,60
2012-02-01,482,0,0,0.0,0.0,0.0,0.0,0.0,61
2012-03-01,482,0,0,0.0,0.0,0.0,0.0,0.0,62
2012-04-01,482,0,0,0.0,0.0,0.0,0.0,0.0,63
2012-05-01,482,0,0,0.0,0.0,0.0,0.0,0.0,64
2012-06-01,482,0,0,0.0,0.0,0.0,0.0,0.0,65
2012-07-01,482,0,0,0.0,0.0,0.0,0.0,0.0,66
2012-08-01,482,0,1,0.0,1.0,0.0,0.0,0.0,67
2012-09-01,482,0,0,0.0,1.0,0.0,0.0,1.0,68
2012-10-01,482,0,0,0.0,1.0,0.0,0.0,1.0,69
2012-11-01,482,0,0,0.0,1.0,0.0,0.0,1.0,70
2012-12-01,482,0,0,0.0,1.0,0.0,0.0,1.0,71
2013-01-01,482,0,1,1.0,0.0,0.0,0.0,1.0,72
2013-02-01,482,0,0,1.0,0.0,0.0,1.0,0.0,73
2013-03-01,482,0,1,0.0,0.0,0.0,1.0,0.0,74
2002-01-01,483,0,1,1.0,0.0,,,,1
2002-02-01,483,0,0,1.0,0.0,0.0,1.0,0.0,2
2002-03-01,483,0,0,1.0,0.0,0.0,1.0,0.0,3
2002-04-01,483,0,0,1.0,0.0,0.0,1.0,0.0,4
2002-05-01,483,0,0,1.0,0.0,0.0,1.0,0.0,5
2002-06-01,483,1,0,0.0,0.0,0.0,1.0,0.0,0
2002-07-01,483,1,0,0.0,0.0,1.0,0.0,0.0,0
2002-08-01,483,1,0,0.0,0.0,1.0,0.0,0.0,0
2002-09-01,483,1,0,0.0,0.0,1.0,0.0,0.0,0
2002-10-01,483,1,0,0.0,0.0,1.0,0.0,0.0,0
2002-11-01,483,1,0,0.0,0.0,1.0,0.0,0.0,0
2002-12-01,483,1,0,0.0,0.0,1.0,0.0,0.0,0
2003-01-01,483,0,1,1.0,0.0,1.0,0.0,0.0,1
2003-02-01,483,0,0,1.0,0.0,0.0,1.0,0.0,2
2003-03-01,483,0,0,1.0,0.0,0.0,1.0,0.0,3
2003-04-01,483,0,0,1.0,0.0,0.0,1.0,0.0,4
2003-05-01,483,0,0,1.0,0.0,0.0,1.0,0.0,5
2003-06-01,483,0,0,1.0,0.0,0.0,1.0,0.0,6
2003-07-01,483,0,0,1.0,0.0,0.0,1.0,0.0,7
2003-08-01,483,0,0,1.0,0.0,0.0,1.0,0.0,8
2003-09-01,483,0,0,1.0,0.0,0.0,1.0,0.0,9
2003-10-01,483,0,0,1.0,0.0,0.0,1.0,0.0,10
2003-11-01,483,0,0,1.0,0.0,0.0,1.0,0.0,11
2003-12-01,483,0,0,1.0,0.0,0.0,1.0,0.0,12
2004-01-01,483,0,0,1.0,0.0,0.0,1.0,0.0,13
2004-02-01,483,0,0,1.0,0.0,0.0,1.0,0.0,14
2004-03-01,483,0,0,1.0,0.0,0.0,1.0,0.0,15
2004-04-01,483,0,0,1.0,0.0,0.0,1.0,0.0,16
2004-05-01,483,0,0,1.0,0.0,0.0,1.0,0.0,17
2004-06-01,483,0,0,1.0,0.0,0.0,1.0,0.0,18
2004-07-01,483,0,0,1.0,0.0,0.0,1.0,0.0,19
2004-08-01,483,0,0,1.0,0.0,0.0,1.0,0.0,20
2004-09-01,483,0,0,1.0,0.0,0.0,1.0,0.0,21
2004-10-01,483,0,0,1.0,0.0,0.0,1.0,0.0,22
2004-11-01,483,1,0,0.0,0.0,0.0,1.0,0.0,0
2004-12-01,483,1,0,0.0,0.0,1.0,0.0,0.0,0
2005-01-01,483,1,0,0.0,0.0,1.0,0.0,0.0,0
2005-02-01,483,1,0,0.0,0.0,1.0,0.0,0.0,0
2005-03-01,483,1,0,0.0,0.0,1.0,0.0,0.0,0
2005-04-01,483,1,0,0.0,0.0,1.0,0.0,0.0,0
2005-05-01,483,1,0,0.0,0.0,1.0,0.0,0.0,0
2005-06-01,483,1,0,0.0,0.0,1.0,0.0,0.0,0
2005-07-01,483,1,0,0.0,0.0,1.0,0.0,0.0,0
2005-08-01,483,1,0,0.0,0.0,1.0,0.0,0.0,0
2005-09-01,483,1,0,0.0,0.0,1.0,0.0,0.0,0
2005-10-01,483,1,0,0.0,0.0,1.0,0.0,0.0,0
2005-11-01,483,1,0,0.0,0.0,1.0,0.0,0.0,0
2005-12-01,483,1,0,0.0,0.0,1.0,0.0,0.0,0
2006-01-01,483,1,0,0.0,0.0,1.0,0.0,0.0,0
2006-02-01,483,1,0,0.0,0.0,1.0,0.0,0.0,0
2006-03-01,483,1,0,0.0,0.0,1.0,0.0,0.0,0
2006-04-01,483,1,0,0.0,0.0,1.0,0.0,0.0,0
2006-05-01,483,1,0,0.0,0.0,1.0,0.0,0.0,0
2006-06-01,483,1,0,0.0,0.0,1.0,0.0,0.0,0
2006-07-01,483,1,0,0.0,0.0,1.0,0.0,0.0,0
2006-08-01,483,1,0,0.0,0.0,1.0,0.0,0.0,0
2006-09-01,483,1,0,0.0,0.0,1.0,0.0,0.0,0
2006-10-01,483,1,0,0.0,0.0,1.0,0.0,0.0,0
2006-11-01,483,1,0,0.0,0.0,1.0,0.0,0.0,0
2006-12-01,483,1,0,0.0,0.0,1.0,0.0,0.0,0
2007-01-01,483,1,0,0.0,0.0,1.0,0.0,0.0,0
2007-02-01,483,1,0,0.0,0.0,1.0,0.0,0.0,0
2007-03-01,483,1,0,0.0,0.0,1.0,0.0,0.0,0
2007-04-01,483,1,0,0.0,0.0,1.0,0.0,0.0,0
2007-05-01,483,1,0,0.0,0.0,1.0,0.0,0.0,0
2007-06-01,483,1,0,0.0,0.0,1.0,0.0,0.0,0
2007-07-01,483,1,0,0.0,0.0,1.0,0.0,0.0,0
2007-08-01,483,1,0,0.0,0.0,1.0,0.0,0.0,0
2007-09-01,483,1,0,0.0,0.0,1.0,0.0,0.0,0
2007-10-01,483,0,1,1.0,0.0,1.0,0.0,0.0,1
2007-11-01,483,0,0,1.0,0.0,0.0,1.0,0.0,2
2007-12-01,483,1,0,0.0,0.0,0.0,1.0,0.0,0
2008-01-01,483,1,0,0.0,0.0,1.0,0.0,0.0,0
2008-02-01,483,1,0,0.0,0.0,1.0,0.0,0.0,0
2008-03-01,483,0,1,-1.0,0.0,1.0,0.0,0.0,1
2008-04-01,483,0,0,-1.0,0.0,0.0,-1.0,0.0,2
2008-05-01,483,0,0,-1.0,0.0,0.0,-1.0,0.0,3
2008-06-01,483,0,0,-1.0,0.0,0.0,-1.0,0.0,4
2008-07-01,483,0,0,-1.0,0.0,0.0,-1.0,0.0,5
2008-08-01,483,0,0,-1.0,0.0,0.0,-1.0,0.0,6
2008-09-01,483,0,0,-1.0,0.0,0.0,-1.0,0.0,7
2008-10-01,483,0,0,-1.0,0.0,0.0,-1.0,0.0,8
2008-11-01,483,0,0,-1.0,0.0,0.0,-1.0,0.0,9
2008-12-01,483,0,0,-1.0,0.0,0.0,-1.0,0.0,10
2009-01-01,483,0,0,-1.0,0.0,0.0,-1.0,0.0,11
2009-02-01,483,0,0,-1.0,0.0,0.0,-1.0,0.0,12
2009-03-01,483,0,0,-1.0,0.0,0.0,-1.0,0.0,13
2009-04-01,483,0,0,-1.0,0.0,0.0,-1.0,0.0,14
2009-05-01,483,0,0,-1.0,0.0,0.0,-1.0,0.0,15
1997-06-01,484,0,1,1.0,0.0,,,,1
1997-07-01,484,1,0,0.0,0.0,0.0,1.0,0.0,0
1997-08-01,484,1,0,0.0,0.0,1.0,0.0,0.0,0
1997-09-01,484,1,1,0.0,0.0,1.0,0.0,0.0,0
1997-10-01,484,0,1,1.0,0.0,1.0,0.0,0.0,1
1996-11-01,490,0,1,0.0,0.0,,,,1
1996-12-01,490,1,0,0.0,0.0,0.0,0.0,0.0,0
1997-01-01,490,1,0,0.0,0.0,1.0,0.0,0.0,0
1997-02-01,490,1,0,0.0,0.0,1.0,0.0,0.0,0
1997-03-01,490,1,0,0.0,0.0,1.0,0.0,0.0,0
1997-04-01,490,1,0,0.0,0.0,1.0,0.0,0.0,0
1997-05-01,490,1,0,0.0,0.0,1.0,0.0,0.0,0
1997-06-01,490,1,0,0.0,0.0,1.0,0.0,0.0,0
1997-07-01,490,1,0,0.0,0.0,1.0,0.0,0.0,0
1997-08-01,490,1,0,0.0,0.0,1.0,0.0,0.0,0
1997-09-01,490,1,0,0.0,0.0,1.0,0.0,0.0,0
1997-10-01,490,1,0,0.0,0.0,1.0,0.0,0.0,0
1997-11-01,490,1,0,0.0,0.0,1.0,0.0,0.0,0
1997-12-01,490,1,0,0.0,0.0,1.0,0.0,0.0,0
1998-01-01,490,1,0,0.0,0.0,1.0,0.0,0.0,0
1998-02-01,490,1,0,0.0,0.0,1.0,0.0,0.0,0
1998-03-01,490,1,0,0.0,0.0,1.0,0.0,0.0,0
1998-04-01,490,1,0,0.0,0.0,1.0,0.0,0.0,0
1998-05-01,490,1,0,0.0,0.0,1.0,0.0,0.0,0
1998-06-01,490,1,0,0.0,0.0,1.0,0.0,0.0,0
1998-07-01,490,1,0,0.0,0.0,1.0,0.0,0.0,0
1998-08-01,490,1,0,0.0,0.0,1.0,0.0,0.0,0
1998-09-01,490,1,0,0.0,0.0,1.0,0.0,0.0,0
1998-10-01,490,1,0,0.0,0.0,1.0,0.0,0.0,0
1998-11-01,490,1,0,0.0,0.0,1.0,0.0,0.0,0
1998-12-01,490,1,0,0.0,0.0,1.0,0.0,0.0,0
1999-01-01,490,1,0,0.0,0.0,1.0,0.0,0.0,0
1999-02-01,490,1,0,0.0,0.0,1.0,0.0,0.0,0
1999-03-01,490,1,0,0.0,0.0,1.0,0.0,0.0,0
1999-04-01,490,1,0,0.0,0.0,1.0,0.0,0.0,0
1999-05-01,490,1,0,0.0,0.0,1.0,0.0,0.0,0
1999-06-01,490,1,0,0.0,0.0,1.0,0.0,0.0,0
1999-07-01,490,0,1,1.0,1.0,1.0,0.0,0.0,1
1999-08-01,490,0,1,-1.0,0.0,0.0,1.0,1.0,2
1999-09-01,490,0,0,-1.0,0.0,0.0,-1.0,0.0,3
1999-10-01,490,0,0,-1.0,0.0,0.0,-1.0,0.0,4
1999-11-01,490,0,0,-1.0,0.0,0.0,-1.0,0.0,5
1999-12-01,490,0,0,-1.0,0.0,0.0,-1.0,0.0,6
2000-01-01,490,0,0,-1.0,0.0,0.0,-1.0,0.0,7
2000-02-01,490,0,1,0.0,2.0,0.0,-1.0,0.0,8
2000-03-01,490,0,0,0.0,2.0,0.0,0.0,2.0,9
2000-04-01,490,0,0,-1.0,0.0,0.0,0.0,2.0,10
2000-05-01,490,0,1,1.0,0.0,0.0,-1.0,0.0,11
2000-06-01,490,0,1,1.0,0.0,0.0,1.0,0.0,12
2000-07-01,490,1,0,0.0,0.0,0.0,1.0,0.0,0
2000-08-01,490,0,1,1.0,2.0,1.0,0.0,0.0,1
2000-09-01,490,0,1,0.0,2.0,0.0,1.0,2.0,2
2000-10-01,490,0,1,1.0,2.0,0.0,0.0,2.0,3
2000-11-01,490,0,0,1.0,2.0,0.0,1.0,2.0,4
2000-12-01,490,0,0,1.0,2.0,0.0,1.0,2.0,5
2001-01-01,490,1,0,0.0,0.0,0.0,1.0,2.0,0
2001-02-01,490,1,0,0.0,0.0,1.0,0.0,0.0,0
2001-03-01,490,1,0,0.0,0.0,1.0,0.0,0.0,0
2001-04-01,490,1,0,0.0,0.0,1.0,0.0,0.0,0
2001-05-01,490,1,0,0.0,0.0,1.0,0.0,0.0,0
2001-06-01,490,1,0,0.0,0.0,1.0,0.0,0.0,0
2001-07-01,490,1,0,0.0,0.0,1.0,0.0,0.0,0
2001-08-01,490,1,0,0.0,0.0,1.0,0.0,0.0,0
2001-09-01,490,1,0,0.0,0.0,1.0,0.0,0.0,0
2001-10-01,490,1,0,0.0,0.0,1.0,0.0,0.0,0
2001-11-01,490,1,0,0.0,0.0,1.0,0.0,0.0,0
2001-12-01,490,1,0,0.0,0.0,1.0,0.0,0.0,0
2002-01-01,490,1,0,0.0,0.0,1.0,0.0,0.0,0
2002-02-01,490,1,0,0.0,0.0,1.0,0.0,0.0,0
2002-03-01,490,1,0,0.0,0.0,1.0,0.0,0.0,0
2002-04-01,490,1,0,0.0,0.0,1.0,0.0,0.0,0
2002-05-01,490,1,0,0.0,0.0,1.0,0.0,0.0,0
2002-06-01,490,1,0,0.0,0.0,1.0,0.0,0.0,0
2002-07-01,490,1,0,0.0,0.0,1.0,0.0,0.0,0
2002-08-01,490,1,0,0.0,0.0,1.0,0.0,0.0,0
2002-09-01,490,1,0,0.0,0.0,1.0,0.0,0.0,0
2002-10-01,490,1,0,0.0,0.0,1.0,0.0,0.0,0
2002-11-01,490,1,0,0.0,0.0,1.0,0.0,0.0,0
2002-12-01,490,0,1,0.0,2.0,1.0,0.0,0.0,1
2003-01-01,490,0,0,1.0,1.0,0.0,0.0,2.0,2
2003-02-01,490,0,0,1.0,1.0,0.0,1.0,1.0,3
2003-03-01,490,0,0,1.0,1.0,0.0,1.0,1.0,4
2003-04-01,490,0,0,1.0,1.0,0.0,1.0,1.0,5
2003-05-01,490,0,1,1.0,2.0,0.0,1.0,1.0,6
2003-06-01,490,0,0,1.0,1.0,0.0,1.0,2.0,7
2003-07-01,490,0,0,1.0,1.0,0.0,1.0,1.0,8
2003-08-01,490,0,0,1.0,1.0,0.0,1.0,1.0,9
2003-09-01,490,0,0,1.0,1.0,0.0,1.0,1.0,10
2003-10-01,490,0,0,1.0,1.0,0.0,1.0,1.0,11
2003-11-01,490,0,0,1.0,1.0,0.0,1.0,1.0,12
2003-12-01,490,0,0,1.0,1.0,0.0,1.0,1.0,13
2004-01-01,490,0,0,1.0,1.0,0.0,1.0,1.0,14
2004-02-01,490,0,0,1.0,1.0,0.0,1.0,1.0,15
2004-03-01,490,0,0,1.0,1.0,0.0,1.0,1.0,16
2004-04-01,490,0,0,1.0,1.0,0.0,1.0,1.0,17
2004-05-01,490,0,1,1.0,0.0,0.0,1.0,1.0,18
2004-06-01,490,0,0,1.0,0.0,0.0,1.0,0.0,19
2004-07-01,490,0,0,1.0,1.0,0.0,1.0,0.0,20
2004-08-01,490,0,0,1.0,1.0,0.0,1.0,1.0,21
2004-09-01,490,0,0,1.0,1.0,0.0,1.0,1.0,22
2004-10-01,490,0,0,1.0,1.0,0.0,1.0,1.0,23
2004-11-01,490,0,0,1.0,1.0,0.0,1.0,1.0,24
2004-12-01,490,0,0,1.0,1.0,0.0,1.0,1.0,25
2005-01-01,490,0,0,1.0,1.0,0.0,1.0,1.0,26
2005-02-01,490,0,0,1.0,1.0,0.0,1.0,1.0,27
2005-03-01,490,0,0,1.0,1.0,0.0,1.0,1.0,28
2005-04-01,490,0,0,1.0,1.0,0.0,1.0,1.0,29
2005-05-01,490,0,0,1.0,1.0,0.0,1.0,1.0,30
2005-06-01,490,0,0,1.0,1.0,0.0,1.0,1.0,31
2005-07-01,490,0,0,1.0,1.0,0.0,1.0,1.0,32
2005-08-01,490,0,0,1.0,1.0,0.0,1.0,1.0,33
2005-09-01,490,0,0,1.0,1.0,0.0,1.0,1.0,34
2005-10-01,490,0,0,1.0,1.0,0.0,1.0,1.0,35
2005-11-01,490,0,0,1.0,1.0,0.0,1.0,1.0,36
2005-12-01,490,0,0,1.0,1.0,0.0,1.0,1.0,37
2006-01-01,490,0,0,1.0,1.0,0.0,1.0,1.0,38
2006-02-01,490,0,0,1.0,1.0,0.0,1.0,1.0,39
2006-03-01,490,0,0,1.0,1.0,0.0,1.0,1.0,40
2006-04-01,490,0,0,1.0,1.0,0.0,1.0,1.0,41
2006-05-01,490,0,0,1.0,1.0,0.0,1.0,1.0,42
2006-06-01,490,0,0,1.0,1.0,0.0,1.0,1.0,43
2006-07-01,490,0,0,1.0,1.0,0.0,1.0,1.0,44
2006-08-01,490,0,0,1.0,1.0,0.0,1.0,1.0,45
2006-09-01,490,0,0,1.0,1.0,0.0,1.0,1.0,46
2006-10-01,490,0,0,1.0,1.0,0.0,1.0,1.0,47
2006-11-01,490,0,0,1.0,1.0,0.0,1.0,1.0,48
2006-12-01,490,0,0,1.0,1.0,0.0,1.0,1.0,49
2007-01-01,490,0,1,1.0,2.0,0.0,1.0,1.0,50
2007-02-01,490,0,0,1.0,2.0,0.0,1.0,2.0,51
2007-03-01,490,0,0,1.0,2.0,0.0,1.0,2.0,52
2007-04-01,490,0,0,1.0,2.0,0.0,1.0,2.0,53
2007-05-01,490,0,0,1.0,2.0,0.0,1.0,2.0,54
2007-06-01,490,0,0,1.0,2.0,0.0,1.0,2.0,55
2007-07-01,490,0,0,1.0,2.0,0.0,1.0,2.0,56
2007-08-01,490,0,0,1.0,2.0,0.0,1.0,2.0,57
2007-09-01,490,0,1,1.0,2.0,0.0,1.0,2.0,58
2007-10-01,490,0,0,1.0,2.0,0.0,1.0,2.0,59
2007-11-01,490,0,0,1.0,1.0,0.0,1.0,2.0,60
2007-12-01,490,0,0,1.0,1.0,0.0,1.0,1.0,61
2008-01-01,490,0,1,1.0,2.0,0.0,1.0,1.0,62
2008-02-01,490,0,0,1.0,2.0,0.0,1.0,2.0,63
2008-03-01,490,0,0,1.0,2.0,0.0,1.0,2.0,64
2008-04-01,490,0,0,1.0,2.0,0.0,1.0,2.0,65
2008-05-01,490,0,0,1.0,2.0,0.0,1.0,2.0,66
2008-06-01,490,0,0,1.0,2.0,0.0,1.0,2.0,67
2008-07-01,490,0,0,1.0,2.0,0.0,1.0,2.0,68
2008-08-01,490,0,0,1.0,2.0,0.0,1.0,2.0,69
2008-09-01,490,0,0,1.0,2.0,0.0,1.0,2.0,70
2008-10-01,490,0,0,1.0,1.0,0.0,1.0,2.0,71
2008-11-01,490,0,0,1.0,1.0,0.0,1.0,1.0,72
2008-12-01,490,0,0,1.0,1.0,0.0,1.0,1.0,73
2009-01-01,490,0,0,1.0,1.0,0.0,1.0,1.0,74
2009-02-01,490,0,0,1.0,1.0,0.0,1.0,1.0,75
2009-03-01,490,0,0,1.0,1.0,0.0,1.0,1.0,76
2009-04-01,490,0,0,1.0,1.0,0.0,1.0,1.0,77
2009-05-01,490,0,0,1.0,1.0,0.0,1.0,1.0,78
2009-06-01,490,0,0,1.0,1.0,0.0,1.0,1.0,79
2009-07-01,490,0,0,1.0,1.0,0.0,1.0,1.0,80
2009-08-01,490,0,0,1.0,1.0,0.0,1.0,1.0,81
2009-09-01,490,0,0,1.0,1.0,0.0,1.0,1.0,82
2009-10-01,490,0,0,1.0,1.0,0.0,1.0,1.0,83
2009-11-01,490,0,0,1.0,1.0,0.0,1.0,1.0,84
2009-12-01,490,0,0,1.0,1.0,0.0,1.0,1.0,85
2010-01-01,490,0,0,1.0,1.0,0.0,1.0,1.0,86
2010-02-01,490,0,0,1.0,1.0,0.0,1.0,1.0,87
2010-03-01,490,0,0,1.0,1.0,0.0,1.0,1.0,88
2010-04-01,490,0,0,1.0,1.0,0.0,1.0,1.0,89
2010-05-01,490,0,0,1.0,1.0,0.0,1.0,1.0,90
2010-06-01,490,0,0,1.0,1.0,0.0,1.0,1.0,91
2010-07-01,490,0,0,1.0,1.0,0.0,1.0,1.0,92
2010-08-01,490,0,0,1.0,1.0,0.0,1.0,1.0,93
2010-09-01,490,0,0,1.0,1.0,0.0,1.0,1.0,94
2010-10-01,490,0,0,1.0,1.0,0.0,1.0,1.0,95
2010-11-01,490,0,0,1.0,1.0,0.0,1.0,1.0,96
2010-12-01,490,0,0,1.0,1.0,0.0,1.0,1.0,97
2011-01-01,490,0,0,1.0,1.0,0.0,1.0,1.0,98
2011-02-01,490,0,0,1.0,1.0,0.0,1.0,1.0,99
2011-03-01,490,0,0,1.0,1.0,0.0,1.0,1.0,100
2011-04-01,490,0,0,1.0,1.0,0.0,1.0,1.0,101
2011-05-01,490,0,0,1.0,1.0,0.0,1.0,1.0,102
2011-06-01,490,0,0,1.0,1.0,0.0,1.0,1.0,103
2011-07-01,490,0,0,1.0,1.0,0.0,1.0,1.0,104
2011-08-01,490,0,0,1.0,1.0,0.0,1.0,1.0,105
2011-09-01,490,0,0,1.0,1.0,0.0,1.0,1.0,106
2011-10-01,490,0,0,1.0,1.0,0.0,1.0,1.0,107
2011-11-01,490,0,0,1.0,1.0,0.0,1.0,1.0,108
2011-12-01,490,0,0,1.0,1.0,0.0,1.0,1.0,109
2012-01-01,490,0,0,1.0,1.0,0.0,1.0,1.0,110
2012-02-01,490,0,0,1.0,1.0,0.0,1.0,1.0,111
2012-03-01,490,0,0,1.0,1.0,0.0,1.0,1.0,112
2012-04-01,490,0,0,1.0,1.0,0.0,1.0,1.0,113
2012-05-01,490,0,0,1.0,1.0,0.0,1.0,1.0,114
2012-06-01,490,0,0,1.0,1.0,0.0,1.0,1.0,115
2012-07-01,490,0,0,1.0,1.0,0.0,1.0,1.0,116
2012-08-01,490,0,0,1.0,1.0,0.0,1.0,1.0,117
2012-09-01,490,0,0,1.0,1.0,0.0,1.0,1.0,118
2012-10-01,490,0,0,1.0,1.0,0.0,1.0,1.0,119
2012-11-01,490,0,0,1.0,1.0,0.0,1.0,1.0,120
2012-12-01,490,0,0,1.0,1.0,0.0,1.0,1.0,121
1996-05-01,500,0,1,0.0,0.0,,,,1
1996-06-01,500,1,0,0.0,0.0,0.0,0.0,0.0,0
1996-07-01,500,1,0,0.0,0.0,1.0,0.0,0.0,0
1996-08-01,500,1,0,0.0,0.0,1.0,0.0,0.0,0
1996-09-01,500,1,0,0.0,0.0,1.0,0.0,0.0,0
1996-10-01,500,1,0,0.0,0.0,1.0,0.0,0.0,0
1996-11-01,500,1,0,0.0,0.0,1.0,0.0,0.0,0
1996-12-01,500,1,0,0.0,0.0,1.0,0.0,0.0,0
1997-01-01,500,1,0,0.0,0.0,1.0,0.0,0.0,0
1997-02-01,500,1,0,0.0,0.0,1.0,0.0,0.0,0
1997-03-01,500,1,0,0.0,0.0,1.0,0.0,0.0,0
1997-04-01,500,1,0,0.0,0.0,1.0,0.0,0.0,0
1997-05-01,500,1,0,0.0,0.0,1.0,0.0,0.0,0
1997-06-01,500,1,0,0.0,0.0,1.0,0.0,0.0,0
1997-07-01,500,1,0,0.0,0.0,1.0,0.0,0.0,0
1997-08-01,500,1,0,0.0,0.0,1.0,0.0,0.0,0
1997-09-01,500,1,0,0.0,0.0,1.0,0.0,0.0,0
1997-10-01,500,1,0,0.0,0.0,1.0,0.0,0.0,0
1997-11-01,500,1,0,0.0,0.0,1.0,0.0,0.0,0
1997-12-01,500,1,0,0.0,0.0,1.0,0.0,0.0,0
1998-01-01,500,1,0,0.0,0.0,1.0,0.0,0.0,0
1998-02-01,500,1,0,0.0,0.0,1.0,0.0,0.0,0
1998-03-01,500,1,0,0.0,0.0,1.0,0.0,0.0,0
1998-04-01,500,1,0,0.0,0.0,1.0,0.0,0.0,0
1998-05-01,500,1,0,0.0,0.0,1.0,0.0,0.0,0
1998-06-01,500,1,0,0.0,0.0,1.0,0.0,0.0,0
1998-07-01,500,1,0,0.0,0.0,1.0,0.0,0.0,0
1998-08-01,500,1,0,0.0,0.0,1.0,0.0,0.0,0
1998-09-01,500,1,0,0.0,0.0,1.0,0.0,0.0,0
1998-10-01,500,1,0,0.0,0.0,1.0,0.0,0.0,0
1998-11-01,500,1,0,0.0,0.0,1.0,0.0,0.0,0
1998-12-01,500,1,0,0.0,0.0,1.0,0.0,0.0,0
1999-01-01,500,1,0,0.0,0.0,1.0,0.0,0.0,0
1999-02-01,500,1,0,0.0,0.0,1.0,0.0,0.0,0
1999-03-01,500,1,0,0.0,0.0,1.0,0.0,0.0,0
1999-04-01,500,1,0,0.0,0.0,1.0,0.0,0.0,0
1999-05-01,500,1,0,0.0,0.0,1.0,0.0,0.0,0
1999-06-01,500,1,0,0.0,0.0,1.0,0.0,0.0,0
1999-07-01,500,1,0,0.0,0.0,1.0,0.0,0.0,0
1999-08-01,500,1,0,0.0,0.0,1.0,0.0,0.0,0
1999-09-01,500,1,0,0.0,0.0,1.0,0.0,0.0,0
1999-10-01,500,1,0,0.0,0.0,1.0,0.0,0.0,0
1999-11-01,500,1,0,0.0,0.0,1.0,0.0,0.0,0
1999-12-01,500,1,0,0.0,0.0,1.0,0.0,0.0,0
2000-01-01,500,1,0,0.0,0.0,1.0,0.0,0.0,0
2000-02-01,500,1,0,0.0,0.0,1.0,0.0,0.0,0
2000-03-01,500,1,0,0.0,0.0,1.0,0.0,0.0,0
2000-04-01,500,1,0,0.0,0.0,1.0,0.0,0.0,0
2000-05-01,500,1,0,0.0,0.0,1.0,0.0,0.0,0
2000-06-01,500,1,0,0.0,0.0,1.0,0.0,0.0,0
2000-07-01,500,1,0,0.0,0.0,1.0,0.0,0.0,0
2000-08-01,500,1,0,0.0,0.0,1.0,0.0,0.0,0
2000-09-01,500,1,0,0.0,0.0,1.0,0.0,0.0,0
2000-10-01,500,1,0,0.0,0.0,1.0,0.0,0.0,0
2000-11-01,500,1,0,0.0,0.0,1.0,0.0,0.0,0
2000-12-01,500,1,0,0.0,0.0,1.0,0.0,0.0,0
2001-01-01,500,1,0,0.0,0.0,1.0,0.0,0.0,0
2001-02-01,500,1,0,0.0,0.0,1.0,0.0,0.0,0
2001-03-01,500,1,0,0.0,0.0,1.0,0.0,0.0,0
2001-04-01,500,1,0,0.0,0.0,1.0,0.0,0.0,0
2001-05-01,500,1,0,0.0,0.0,1.0,0.0,0.0,0
2001-06-01,500,1,0,0.0,0.0,1.0,0.0,0.0,0
2001-07-01,500,1,0,0.0,0.0,1.0,0.0,0.0,0
2001-08-01,500,1,0,0.0,0.0,1.0,0.0,0.0,0
2001-09-01,500,1,0,0.0,0.0,1.0,0.0,0.0,0
2001-10-01,500,1,0,0.0,0.0,1.0,0.0,0.0,0
2001-11-01,500,1,0,0.0,0.0,1.0,0.0,0.0,0
2001-12-01,500,1,0,0.0,0.0,1.0,0.0,0.0,0
2002-01-01,500,1,0,0.0,0.0,1.0,0.0,0.0,0
2002-02-01,500,1,0,0.0,0.0,1.0,0.0,0.0,0
2002-03-01,500,1,0,0.0,0.0,1.0,0.0,0.0,0
2002-04-01,500,1,0,0.0,0.0,1.0,0.0,0.0,0
2002-05-01,500,1,0,0.0,0.0,1.0,0.0,0.0,0
2002-06-01,500,0,1,0.0,0.0,1.0,0.0,0.0,1
2002-07-01,500,0,0,0.0,0.0,0.0,0.0,0.0,2
2002-08-01,500,0,0,0.0,0.0,0.0,0.0,0.0,3
2002-09-01,500,0,0,0.0,0.0,0.0,0.0,0.0,4
2002-10-01,500,0,0,0.0,0.0,0.0,0.0,0.0,5
2002-11-01,500,0,0,0.0,0.0,0.0,0.0,0.0,6
2002-12-01,500,0,0,0.0,0.0,0.0,0.0,0.0,7
2003-01-01,500,1,0,0.0,0.0,0.0,0.0,0.0,0
2003-02-01,500,1,0,0.0,0.0,1.0,0.0,0.0,0
2003-03-01,500,0,1,0.0,0.0,1.0,0.0,0.0,1
2003-04-01,500,1,0,0.0,0.0,0.0,0.0,0.0,0
2003-05-01,500,1,0,0.0,0.0,1.0,0.0,0.0,0
2003-06-01,500,1,0,0.0,0.0,1.0,0.0,0.0,0
2003-07-01,500,1,0,0.0,0.0,1.0,0.0,0.0,0
2003-08-01,500,1,0,0.0,0.0,1.0,0.0,0.0,0
2003-09-01,500,1,0,0.0,0.0,1.0,0.0,0.0,0
2003-10-01,500,1,0,0.0,0.0,1.0,0.0,0.0,0
2003-11-01,500,1,0,0.0,0.0,1.0,0.0,0.0,0
2003-12-01,500,1,0,0.0,0.0,1.0,0.0,0.0,0
2004-01-01,500,1,0,0.0,0.0,1.0,0.0,0.0,0
2004-02-01,500,1,0,0.0,0.0,1.0,0.0,0.0,0
2004-03-01,500,1,0,0.0,0.0,1.0,0.0,0.0,0
2004-04-01,500,1,0,0.0,0.0,1.0,0.0,0.0,0
2004-05-01,500,1,0,0.0,0.0,1.0,0.0,0.0,0
2004-06-01,500,1,0,0.0,0.0,1.0,0.0,0.0,0
2004-07-01,500,1,0,0.0,0.0,1.0,0.0,0.0,0
2004-08-01,500,1,0,0.0,0.0,1.0,0.0,0.0,0
2004-09-01,500,1,0,0.0,0.0,1.0,0.0,0.0,0
2004-10-01,500,1,0,0.0,0.0,1.0,0.0,0.0,0
2004-11-01,500,0,1,0.0,0.0,1.0,0.0,0.0,1
2004-12-01,500,0,1,0.0,0.0,0.0,0.0,0.0,2
2005-01-01,500,1,0,0.0,0.0,0.0,0.0,0.0,0
2005-02-01,500,0,1,0.0,0.0,1.0,0.0,0.0,1
2005-03-01,500,1,0,0.0,0.0,0.0,0.0,0.0,0
2005-04-01,500,1,0,0.0,0.0,1.0,0.0,0.0,0
2005-05-01,500,1,0,0.0,0.0,1.0,0.0,0.0,0
2005-06-01,500,1,0,0.0,0.0,1.0,0.0,0.0,0
2005-07-01,500,1,0,0.0,0.0,1.0,0.0,0.0,0
2005-08-01,500,1,0,0.0,0.0,1.0,0.0,0.0,0
2005-09-01,500,1,0,0.0,0.0,1.0,0.0,0.0,0
2005-10-01,500,1,0,0.0,0.0,1.0,0.0,0.0,0
2005-11-01,500,1,0,0.0,0.0,1.0,0.0,0.0,0
2005-12-01,500,1,0,0.0,0.0,1.0,0.0,0.0,0
2006-01-01,500,1,0,0.0,0.0,1.0,0.0,0.0,0
2006-02-01,500,1,0,0.0,0.0,1.0,0.0,0.0,0
2006-03-01,500,1,0,0.0,0.0,1.0,0.0,0.0,0
2006-04-01,500,1,0,0.0,0.0,1.0,0.0,0.0,0
2006-05-01,500,1,0,0.0,0.0,1.0,0.0,0.0,0
2006-06-01,500,1,0,0.0,0.0,1.0,0.0,0.0,0
2006-07-01,500,1,0,0.0,0.0,1.0,0.0,0.0,0
2006-08-01,500,0,1,1.0,0.0,1.0,0.0,0.0,1
2006-09-01,500,0,0,1.0,0.0,0.0,1.0,0.0,2
2006-10-01,500,1,0,0.0,0.0,0.0,1.0,0.0,0
2006-11-01,500,0,1,1.0,0.0,1.0,0.0,0.0,1
2006-12-01,500,0,1,1.0,0.0,0.0,1.0,0.0,2
2007-01-01,500,0,0,1.0,0.0,0.0,1.0,0.0,3
2007-02-01,500,0,0,1.0,0.0,0.0,1.0,0.0,4
2007-03-01,500,1,0,0.0,0.0,0.0,1.0,0.0,0
2007-04-01,500,0,1,1.0,0.0,1.0,0.0,0.0,1
2007-05-01,500,0,0,1.0,0.0,0.0,1.0,0.0,2
2007-06-01,500,0,0,1.0,0.0,0.0,1.0,0.0,3
2007-07-01,500,0,0,1.0,0.0,0.0,1.0,0.0,4
2007-08-01,500,0,0,1.0,0.0,0.0,1.0,0.0,5
2007-09-01,500,0,0,1.0,0.0,0.0,1.0,0.0,6
2007-10-01,500,0,0,1.0,0.0,0.0,1.0,0.0,7
2007-11-01,500,0,0,1.0,0.0,0.0,1.0,0.0,8
2007-12-01,500,0,0,1.0,0.0,0.0,1.0,0.0,9
2008-01-01,500,0,1,1.0,0.0,0.0,1.0,0.0,10
2008-02-01,500,0,0,1.0,0.0,0.0,1.0,0.0,11
2008-03-01,500,0,1,1.0,0.0,0.0,1.0,0.0,12
1996-12-01,516,0,1,0.0,0.0,,,,1
1997-01-01,516,0,0,0.0,0.0,0.0,0.0,0.0,2
1997-02-01,516,1,0,0.0,0.0,0.0,0.0,0.0,0
1997-03-01,516,1,0,0.0,0.0,1.0,0.0,0.0,0
1997-04-01,516,1,0,0.0,0.0,1.0,0.0,0.0,0
1997-05-01,516,1,0,0.0,0.0,1.0,0.0,0.0,0
1997-06-01,516,1,0,0.0,0.0,1.0,0.0,0.0,0
1997-07-01,516,1,0,0.0,0.0,1.0,0.0,0.0,0
1997-08-01,516,1,0,0.0,0.0,1.0,0.0,0.0,0
1997-09-01,516,1,0,0.0,0.0,1.0,0.0,0.0,0
1997-10-01,516,1,0,0.0,0.0,1.0,0.0,0.0,0
1997-11-01,516,1,0,0.0,0.0,1.0,0.0,0.0,0
1997-12-01,516,1,0,0.0,0.0,1.0,0.0,0.0,0
1998-01-01,516,1,0,0.0,0.0,1.0,0.0,0.0,0
1998-02-01,516,1,0,0.0,0.0,1.0,0.0,0.0,0
1998-03-01,516,1,0,0.0,0.0,1.0,0.0,0.0,0
1998-04-01,516,1,0,0.0,0.0,1.0,0.0,0.0,0
1998-05-01,516,1,0,0.0,0.0,1.0,0.0,0.0,0
1998-06-01,516,1,1,0.0,0.0,1.0,0.0,0.0,0
1998-07-01,516,0,0,1.0,0.0,1.0,0.0,0.0,1
1998-08-01,516,0,0,1.0,0.0,0.0,1.0,0.0,2
1998-09-01,516,0,0,1.0,0.0,0.0,1.0,0.0,3
1998-10-01,516,0,0,1.0,0.0,0.0,1.0,0.0,4
1998-11-01,516,1,0,0.0,0.0,0.0,1.0,0.0,0
1998-12-01,516,1,0,0.0,0.0,1.0,0.0,0.0,0
1999-01-01,516,1,0,0.0,0.0,1.0,0.0,0.0,0
1999-02-01,516,1,0,0.0,0.0,1.0,0.0,0.0,0
1999-03-01,516,1,0,0.0,0.0,1.0,0.0,0.0,0
1999-04-01,516,1,0,0.0,0.0,1.0,0.0,0.0,0
1999-05-01,516,1,0,0.0,0.0,1.0,0.0,0.0,0
1999-06-01,516,1,0,0.0,0.0,1.0,0.0,0.0,0
1999-07-01,516,1,0,0.0,0.0,1.0,0.0,0.0,0
1999-08-01,516,1,0,0.0,0.0,1.0,0.0,0.0,0
1999-09-01,516,1,0,0.0,0.0,1.0,0.0,0.0,0
1999-10-01,516,0,1,0.0,0.0,1.0,0.0,0.0,1
1999-11-01,516,1,0,0.0,0.0,0.0,0.0,0.0,0
1999-12-01,516,1,0,0.0,0.0,1.0,0.0,0.0,0
2000-01-01,516,1,0,0.0,0.0,1.0,0.0,0.0,0
2000-02-01,516,1,0,0.0,0.0,1.0,0.0,0.0,0
2000-03-01,516,1,0,0.0,0.0,1.0,0.0,0.0,0
2000-04-01,516,1,0,0.0,0.0,1.0,0.0,0.0,0
2000-05-01,516,1,0,0.0,0.0,1.0,0.0,0.0,0
2000-06-01,516,1,0,0.0,0.0,1.0,0.0,0.0,0
2000-07-01,516,1,0,0.0,0.0,1.0,0.0,0.0,0
2000-08-01,516,1,0,0.0,0.0,1.0,0.0,0.0,0
2000-09-01,516,1,0,0.0,0.0,1.0,0.0,0.0,0
2000-10-01,516,1,0,0.0,0.0,1.0,0.0,0.0,0
2000-11-01,516,1,0,0.0,0.0,1.0,0.0,0.0,0
2000-12-01,516,1,0,0.0,0.0,1.0,0.0,0.0,0
2001-01-01,516,1,0,0.0,0.0,1.0,0.0,0.0,0
2001-02-01,516,1,0,0.0,0.0,1.0,0.0,0.0,0
2001-03-01,516,1,0,0.0,0.0,1.0,0.0,0.0,0
2001-04-01,516,1,0,0.0,0.0,1.0,0.0,0.0,0
2001-05-01,516,1,0,0.0,0.0,1.0,0.0,0.0,0
2001-06-01,516,1,0,0.0,0.0,1.0,0.0,0.0,0
2001-07-01,516,1,0,0.0,0.0,1.0,0.0,0.0,0
2001-08-01,516,1,0,0.0,0.0,1.0,0.0,0.0,0
2001-09-01,516,1,0,0.0,0.0,1.0,0.0,0.0,0
2001-10-01,516,1,0,0.0,0.0,1.0,0.0,0.0,0
2001-11-01,516,1,0,0.0,0.0,1.0,0.0,0.0,0
2001-12-01,516,1,0,0.0,0.0,1.0,0.0,0.0,0
2002-01-01,516,1,0,0.0,0.0,1.0,0.0,0.0,0
2002-02-01,516,1,0,0.0,0.0,1.0,0.0,0.0,0
2002-03-01,516,1,0,0.0,0.0,1.0,0.0,0.0,0
2002-04-01,516,1,0,0.0,0.0,1.0,0.0,0.0,0
2002-05-01,516,1,0,0.0,0.0,1.0,0.0,0.0,0
2002-06-01,516,1,0,0.0,0.0,1.0,0.0,0.0,0
2002-07-01,516,1,0,0.0,0.0,1.0,0.0,0.0,0
2002-08-01,516,1,0,0.0,0.0,1.0,0.0,0.0,0
2002-09-01,516,1,0,0.0,0.0,1.0,0.0,0.0,0
2002-10-01,516,0,1,1.0,0.0,1.0,0.0,0.0,1
2002-11-01,516,0,0,0.0,0.0,0.0,1.0,0.0,2
2002-12-01,516,0,1,1.0,0.0,0.0,0.0,0.0,3
2003-01-01,516,0,1,1.0,2.0,0.0,1.0,0.0,4
2003-02-01,516,0,0,1.0,2.0,0.0,1.0,2.0,5
2003-03-01,516,0,1,1.0,2.0,0.0,1.0,2.0,6
2003-04-01,516,0,0,1.0,2.0,0.0,1.0,2.0,7
2003-05-01,516,0,0,1.0,2.0,0.0,1.0,2.0,8
2003-06-01,516,0,0,1.0,2.0,0.0,1.0,2.0,9
2003-07-01,516,0,0,1.0,2.0,0.0,1.0,2.0,10
2003-08-01,516,1,0,0.0,0.0,0.0,1.0,2.0,0
2003-09-01,516,0,1,0.0,0.0,1.0,0.0,0.0,1
2003-10-01,516,0,1,1.0,2.0,0.0,0.0,0.0,2
2003-11-01,516,0,1,1.0,2.0,0.0,1.0,2.0,3
2003-12-01,516,1,0,0.0,0.0,0.0,1.0,2.0,0
2004-01-01,516,1,0,0.0,0.0,1.0,0.0,0.0,0
2004-02-01,516,1,0,0.0,0.0,1.0,0.0,0.0,0
2004-03-01,516,1,0,0.0,0.0,1.0,0.0,0.0,0
2004-04-01,516,0,1,0.0,0.0,1.0,0.0,0.0,1
2004-05-01,516,1,0,0.0,0.0,0.0,0.0,0.0,0
2004-06-01,516,1,0,0.0,0.0,1.0,0.0,0.0,0
2004-07-01,516,1,0,0.0,0.0,1.0,0.0,0.0,0
2004-08-01,516,1,0,0.0,0.0,1.0,0.0,0.0,0
2004-09-01,516,1,0,0.0,0.0,1.0,0.0,0.0,0
2004-10-01,516,1,0,0.0,0.0,1.0,0.0,0.0,0
2004-11-01,516,1,0,0.0,0.0,1.0,0.0,0.0,0
2004-12-01,516,1,0,0.0,0.0,1.0,0.0,0.0,0
2005-01-01,516,1,0,0.0,0.0,1.0,0.0,0.0,0
2005-02-01,516,0,1,0.0,0.0,1.0,0.0,0.0,1
2005-03-01,516,1,0,0.0,0.0,0.0,0.0,0.0,0
2005-04-01,516,1,0,0.0,0.0,1.0,0.0,0.0,0
2005-05-01,516,0,1,1.0,0.0,1.0,0.0,0.0,1
2005-06-01,516,0,0,1.0,0.0,0.0,1.0,0.0,2
2005-07-01,516,1,0,0.0,0.0,0.0,1.0,0.0,0
2005-08-01,516,1,0,0.0,0.0,1.0,0.0,0.0,0
2005-09-01,516,1,0,0.0,0.0,1.0,0.0,0.0,0
2005-10-01,516,1,0,0.0,0.0,1.0,0.0,0.0,0
2005-11-01,516,1,0,0.0,0.0,1.0,0.0,0.0,0
2005-12-01,516,1,0,0.0,0.0,1.0,0.0,0.0,0
2006-01-01,516,1,0,0.0,0.0,1.0,0.0,0.0,0
2006-02-01,516,1,0,0.0,0.0,1.0,0.0,0.0,0
2006-03-01,516,1,0,0.0,0.0,1.0,0.0,0.0,0
2006-04-01,516,1,0,0.0,0.0,1.0,0.0,0.0,0
2006-05-01,516,1,0,0.0,0.0,1.0,0.0,0.0,0
2006-06-01,516,1,0,0.0,0.0,1.0,0.0,0.0,0
2006-07-01,516,1,0,0.0,0.0,1.0,0.0,0.0,0
2006-08-01,516,1,0,0.0,0.0,1.0,0.0,0.0,0
2006-09-01,516,0,1,1.0,2.0,1.0,0.0,0.0,1
2006-10-01,516,0,0,1.0,2.0,0.0,1.0,2.0,2
2006-11-01,516,0,0,1.0,2.0,0.0,1.0,2.0,3
2006-12-01,516,0,0,1.0,2.0,0.0,1.0,2.0,4
2007-01-01,516,0,0,1.0,2.0,0.0,1.0,2.0,5
2007-02-01,516,0,0,1.0,2.0,0.0,1.0,2.0,6
2007-03-01,516,0,0,1.0,2.0,0.0,1.0,2.0,7
2007-04-01,516,0,0,1.0,2.0,0.0,1.0,2.0,8
2007-05-01,516,0,0,1.0,2.0,0.0,1.0,2.0,9
2007-06-01,516,0,1,-1.0,2.0,0.0,1.0,2.0,10
2007-07-01,516,0,0,-1.0,2.0,0.0,-1.0,2.0,11
2007-08-01,516,0,0,-1.0,2.0,0.0,-1.0,2.0,12
2007-09-01,516,0,0,-1.0,2.0,0.0,-1.0,2.0,13
2007-10-01,516,0,0,-1.0,2.0,0.0,-1.0,2.0,14
2007-11-01,516,0,0,-1.0,2.0,0.0,-1.0,2.0,15
2007-12-01,516,0,0,-1.0,2.0,0.0,-1.0,2.0,16
2008-01-01,516,0,0,-1.0,2.0,0.0,-1.0,2.0,17
2008-02-01,516,0,0,-1.0,2.0,0.0,-1.0,2.0,18
2008-03-01,516,0,0,-1.0,2.0,0.0,-1.0,2.0,19
2008-04-01,516,0,0,-1.0,2.0,0.0,-1.0,2.0,20
2008-05-01,516,0,0,-1.0,2.0,0.0,-1.0,2.0,21
1990-10-01,517,0,1,0.0,0.0,,,,1
1990-11-01,517,1,0,0.0,0.0,0.0,0.0,0.0,0
1990-12-01,517,1,0,0.0,0.0,1.0,0.0,0.0,0
1991-01-01,517,1,0,0.0,0.0,1.0,0.0,0.0,0
1991-02-01,517,1,0,0.0,0.0,1.0,0.0,0.0,0
1991-03-01,517,0,1,1.0,0.0,1.0,0.0,0.0,1
1991-04-01,517,0,0,1.0,0.0,0.0,1.0,0.0,2
1991-05-01,517,0,0,1.0,0.0,0.0,1.0,0.0,3
1991-06-01,517,0,0,1.0,0.0,0.0,1.0,0.0,4
1991-07-01,517,1,0,0.0,0.0,0.0,1.0,0.0,0
1991-08-01,517,1,0,0.0,0.0,1.0,0.0,0.0,0
1991-09-01,517,1,0,0.0,0.0,1.0,0.0,0.0,0
1991-10-01,517,1,0,0.0,0.0,1.0,0.0,0.0,0
1991-11-01,517,1,0,0.0,0.0,1.0,0.0,0.0,0
1991-12-01,517,1,0,0.0,0.0,1.0,0.0,0.0,0
1992-01-01,517,1,0,0.0,0.0,1.0,0.0,0.0,0
1992-02-01,517,1,0,0.0,0.0,1.0,0.0,0.0,0
1992-03-01,517,1,0,0.0,0.0,1.0,0.0,0.0,0
1992-04-01,517,1,0,0.0,0.0,1.0,0.0,0.0,0
1992-05-01,517,1,0,0.0,0.0,1.0,0.0,0.0,0
1992-06-01,517,1,0,0.0,0.0,1.0,0.0,0.0,0
1992-07-01,517,0,1,1.0,0.0,1.0,0.0,0.0,1
1992-08-01,517,1,0,0.0,0.0,0.0,1.0,0.0,0
1992-09-01,517,1,0,0.0,0.0,1.0,0.0,0.0,0
1992-10-01,517,1,0,0.0,0.0,1.0,0.0,0.0,0
1992-11-01,517,1,0,0.0,0.0,1.0,0.0,0.0,0
1992-12-01,517,1,0,0.0,0.0,1.0,0.0,0.0,0
1993-01-01,517,1,0,0.0,0.0,1.0,0.0,0.0,0
1993-02-01,517,0,1,0.0,0.0,1.0,0.0,0.0,1
1993-03-01,517,0,1,0.0,0.0,0.0,0.0,0.0,2
1993-04-01,517,0,0,0.0,0.0,0.0,0.0,0.0,3
1993-05-01,517,0,0,0.0,0.0,0.0,0.0,0.0,4
1993-06-01,517,0,0,0.0,0.0,0.0,0.0,0.0,5
1993-07-01,517,0,0,0.0,0.0,0.0,0.0,0.0,6
1993-08-01,517,0,1,1.0,2.0,0.0,0.0,0.0,7
1993-09-01,517,0,0,1.0,2.0,0.0,1.0,2.0,8
1993-10-01,517,0,0,1.0,2.0,0.0,1.0,2.0,9
1993-11-01,517,0,0,1.0,2.0,0.0,1.0,2.0,10
1993-12-01,517,0,0,1.0,2.0,0.0,1.0,2.0,11
1994-01-01,517,0,0,1.0,2.0,0.0,1.0,2.0,12
1994-02-01,517,0,0,1.0,2.0,0.0,1.0,2.0,13
1994-03-01,517,0,0,1.0,2.0,0.0,1.0,2.0,14
1994-04-01,517,0,1,0.0,0.0,0.0,1.0,2.0,15
1994-05-01,517,0,1,1.0,2.0,0.0,0.0,0.0,16
1994-06-01,517,0,1,1.0,0.0,0.0,1.0,2.0,17
1994-07-01,517,0,1,0.0,2.0,0.0,1.0,0.0,18
1991-12-01,520,0,1,1.0,0.0,,,,1
1992-01-01,520,0,0,1.0,0.0,0.0,1.0,0.0,2
1992-02-01,520,0,1,0.0,0.0,0.0,1.0,0.0,3
1992-03-01,520,1,0,0.0,0.0,0.0,0.0,0.0,0
1992-04-01,520,1,0,0.0,0.0,1.0,0.0,0.0,0
1992-05-01,520,1,0,0.0,0.0,1.0,0.0,0.0,0
1992-06-01,520,1,0,0.0,0.0,1.0,0.0,0.0,0
1992-07-01,520,1,0,0.0,0.0,1.0,0.0,0.0,0
1992-08-01,520,1,0,0.0,0.0,1.0,0.0,0.0,0
1992-09-01,520,1,0,0.0,0.0,1.0,0.0,0.0,0
1992-10-01,520,1,0,0.0,0.0,1.0,0.0,0.0,0
1992-11-01,520,1,0,0.0,0.0,1.0,0.0,0.0,0
1992-12-01,520,1,0,0.0,0.0,1.0,0.0,0.0,0
1993-01-01,520,1,0,0.0,0.0,1.0,0.0,0.0,0
1993-02-01,520,1,0,0.0,0.0,1.0,0.0,0.0,0
1993-03-01,520,1,0,0.0,0.0,1.0,0.0,0.0,0
1993-04-01,520,1,0,0.0,0.0,1.0,0.0,0.0,0
1993-05-01,520,1,0,0.0,0.0,1.0,0.0,0.0,0
1993-06-01,520,1,0,0.0,0.0,1.0,0.0,0.0,0
1993-07-01,520,1,0,0.0,0.0,1.0,0.0,0.0,0
1993-08-01,520,1,0,0.0,0.0,1.0,0.0,0.0,0
1993-09-01,520,1,0,0.0,0.0,1.0,0.0,0.0,0
1993-10-01,520,1,0,0.0,0.0,1.0,0.0,0.0,0
1993-11-01,520,1,0,0.0,0.0,1.0,0.0,0.0,0
1993-12-01,520,1,0,0.0,0.0,1.0,0.0,0.0,0
1994-01-01,520,1,0,0.0,0.0,1.0,0.0,0.0,0
1994-02-01,520,1,0,0.0,0.0,1.0,0.0,0.0,0
1994-03-01,520,1,0,0.0,0.0,1.0,0.0,0.0,0
1994-04-01,520,1,0,0.0,0.0,1.0,0.0,0.0,0
1994-05-01,520,1,0,0.0,0.0,1.0,0.0,0.0,0
1994-06-01,520,1,0,0.0,0.0,1.0,0.0,0.0,0
1994-07-01,520,1,0,0.0,0.0,1.0,0.0,0.0,0
1994-08-01,520,1,0,0.0,0.0,1.0,0.0,0.0,0
1994-09-01,520,1,0,0.0,0.0,1.0,0.0,0.0,0
1994-10-01,520,1,0,0.0,0.0,1.0,0.0,0.0,0
1994-11-01,520,1,0,0.0,0.0,1.0,0.0,0.0,0
1994-12-01,520,1,0,0.0,0.0,1.0,0.0,0.0,0
1995-01-01,520,1,0,0.0,0.0,1.0,0.0,0.0,0
1995-02-01,520,1,0,0.0,0.0,1.0,0.0,0.0,0
1995-03-01,520,1,0,0.0,0.0,1.0,0.0,0.0,0
1995-04-01,520,1,0,0.0,0.0,1.0,0.0,0.0,0
1995-05-01,520,1,0,0.0,0.0,1.0,0.0,0.0,0
1995-06-01,520,1,0,0.0,0.0,1.0,0.0,0.0,0
1995-07-01,520,1,0,0.0,0.0,1.0,0.0,0.0,0
1995-08-01,520,1,0,0.0,0.0,1.0,0.0,0.0,0
1995-09-01,520,1,0,0.0,0.0,1.0,0.0,0.0,0
1995-10-01,520,1,0,0.0,0.0,1.0,0.0,0.0,0
1995-11-01,520,1,0,0.0,0.0,1.0,0.0,0.0,0
1995-12-01,520,1,0,0.0,0.0,1.0,0.0,0.0,0
1996-01-01,520,1,0,0.0,0.0,1.0,0.0,0.0,0
1996-02-01,520,1,0,0.0,0.0,1.0,0.0,0.0,0
1996-03-01,520,1,0,0.0,0.0,1.0,0.0,0.0,0
1996-04-01,520,1,0,0.0,0.0,1.0,0.0,0.0,0
1996-05-01,520,1,0,0.0,0.0,1.0,0.0,0.0,0
1996-06-01,520,1,0,0.0,0.0,1.0,0.0,0.0,0
1996-07-01,520,1,0,0.0,0.0,1.0,0.0,0.0,0
1996-08-01,520,1,0,0.0,0.0,1.0,0.0,0.0,0
1996-09-01,520,1,0,0.0,0.0,1.0,0.0,0.0,0
1996-10-01,520,1,0,0.0,0.0,1.0,0.0,0.0,0
1996-11-01,520,1,0,0.0,0.0,1.0,0.0,0.0,0
1996-12-01,520,1,0,0.0,0.0,1.0,0.0,0.0,0
1997-01-01,520,1,0,0.0,0.0,1.0,0.0,0.0,0
1997-02-01,520,1,0,0.0,0.0,1.0,0.0,0.0,0
1997-03-01,520,1,0,0.0,0.0,1.0,0.0,0.0,0
1997-04-01,520,1,0,0.0,0.0,1.0,0.0,0.0,0
1997-05-01,520,1,0,0.0,0.0,1.0,0.0,0.0,0
1997-06-01,520,1,0,0.0,0.0,1.0,0.0,0.0,0
1997-07-01,520,1,0,0.0,0.0,1.0,0.0,0.0,0
1997-08-01,520,1,0,0.0,0.0,1.0,0.0,0.0,0
1997-09-01,520,1,0,0.0,0.0,1.0,0.0,0.0,0
1997-10-01,520,1,0,0.0,0.0,1.0,0.0,0.0,0
1997-11-01,520,1,0,0.0,0.0,1.0,0.0,0.0,0
1997-12-01,520,1,0,0.0,0.0,1.0,0.0,0.0,0
1998-01-01,520,1,0,0.0,0.0,1.0,0.0,0.0,0
1998-02-01,520,1,0,0.0,0.0,1.0,0.0,0.0,0
1998-03-01,520,1,0,0.0,0.0,1.0,0.0,0.0,0
1998-04-01,520,1,0,0.0,0.0,1.0,0.0,0.0,0
1998-05-01,520,1,0,0.0,0.0,1.0,0.0,0.0,0
1998-06-01,520,1,0,0.0,0.0,1.0,0.0,0.0,0
1998-07-01,520,1,0,0.0,0.0,1.0,0.0,0.0,0
1998-08-01,520,1,0,0.0,0.0,1.0,0.0,0.0,0
1998-09-01,520,1,0,0.0,0.0,1.0,0.0,0.0,0
1998-10-01,520,1,0,0.0,0.0,1.0,0.0,0.0,0
1998-11-01,520,1,0,0.0,0.0,1.0,0.0,0.0,0
1998-12-01,520,1,0,0.0,0.0,1.0,0.0,0.0,0
1999-01-01,520,1,0,0.0,0.0,1.0,0.0,0.0,0
1999-02-01,520,1,0,0.0,0.0,1.0,0.0,0.0,0
1999-03-01,520,1,0,0.0,0.0,1.0,0.0,0.0,0
1999-04-01,520,1,0,0.0,0.0,1.0,0.0,0.0,0
1999-05-01,520,1,0,0.0,0.0,1.0,0.0,0.0,0
1999-06-01,520,1,0,0.0,0.0,1.0,0.0,0.0,0
1999-07-01,520,1,0,0.0,0.0,1.0,0.0,0.0,0
1999-08-01,520,1,0,0.0,0.0,1.0,0.0,0.0,0
1999-09-01,520,1,0,0.0,0.0,1.0,0.0,0.0,0
1999-10-01,520,1,0,0.0,0.0,1.0,0.0,0.0,0
1999-11-01,520,1,0,0.0,0.0,1.0,0.0,0.0,0
1999-12-01,520,1,0,0.0,0.0,1.0,0.0,0.0,0
2000-01-01,520,1,0,0.0,0.0,1.0,0.0,0.0,0
2000-02-01,520,1,0,0.0,0.0,1.0,0.0,0.0,0
2000-03-01,520,1,0,0.0,0.0,1.0,0.0,0.0,0
2000-04-01,520,1,0,0.0,0.0,1.0,0.0,0.0,0
2000-05-01,520,1,0,0.0,0.0,1.0,0.0,0.0,0
2000-06-01,520,1,0,0.0,0.0,1.0,0.0,0.0,0
2000-07-01,520,1,0,0.0,0.0,1.0,0.0,0.0,0
2000-08-01,520,1,0,0.0,0.0,1.0,0.0,0.0,0
2000-09-01,520,1,0,0.0,0.0,1.0,0.0,0.0,0
2000-10-01,520,1,0,0.0,0.0,1.0,0.0,0.0,0
2000-11-01,520,1,0,0.0,0.0,1.0,0.0,0.0,0
2000-12-01,520,1,0,0.0,0.0,1.0,0.0,0.0,0
2001-01-01,520,1,0,0.0,0.0,1.0,0.0,0.0,0
2001-02-01,520,1,0,0.0,0.0,1.0,0.0,0.0,0
2001-03-01,520,1,0,0.0,0.0,1.0,0.0,0.0,0
2001-04-01,520,1,0,0.0,0.0,1.0,0.0,0.0,0
2001-05-01,520,1,0,0.0,0.0,1.0,0.0,0.0,0
2001-06-01,520,1,0,0.0,0.0,1.0,0.0,0.0,0
2001-07-01,520,1,0,0.0,0.0,1.0,0.0,0.0,0
2001-08-01,520,1,0,0.0,0.0,1.0,0.0,0.0,0
2001-09-01,520,1,0,0.0,0.0,1.0,0.0,0.0,0
2001-10-01,520,0,1,1.0,0.0,1.0,0.0,0.0,1
2001-11-01,520,1,0,0.0,0.0,0.0,1.0,0.0,0
2001-12-01,520,1,0,0.0,0.0,1.0,0.0,0.0,0
2002-01-01,520,1,0,0.0,0.0,1.0,0.0,0.0,0
2002-02-01,520,1,0,0.0,0.0,1.0,0.0,0.0,0
2002-03-01,520,1,0,0.0,0.0,1.0,0.0,0.0,0
2002-04-01,520,1,0,0.0,0.0,1.0,0.0,0.0,0
2002-05-01,520,1,0,0.0,0.0,1.0,0.0,0.0,0
2002-06-01,520,1,0,0.0,0.0,1.0,0.0,0.0,0
2002-07-01,520,1,0,0.0,0.0,1.0,0.0,0.0,0
2002-08-01,520,1,0,0.0,0.0,1.0,0.0,0.0,0
2002-09-01,520,1,0,0.0,0.0,1.0,0.0,0.0,0
2002-10-01,520,1,0,0.0,0.0,1.0,0.0,0.0,0
2002-11-01,520,1,0,0.0,0.0,1.0,0.0,0.0,0
2002-12-01,520,1,0,0.0,0.0,1.0,0.0,0.0,0
2003-01-01,520,1,0,0.0,0.0,1.0,0.0,0.0,0
2003-02-01,520,1,0,0.0,0.0,1.0,0.0,0.0,0
2003-03-01,520,1,0,0.0,0.0,1.0,0.0,0.0,0
2003-04-01,520,1,0,0.0,0.0,1.0,0.0,0.0,0
2003-05-01,520,1,0,0.0,0.0,1.0,0.0,0.0,0
2003-06-01,520,1,0,0.0,0.0,1.0,0.0,0.0,0
2003-07-01,520,1,0,0.0,0.0,1.0,0.0,0.0,0
2003-08-01,520,1,0,0.0,0.0,1.0,0.0,0.0,0
2003-09-01,520,1,0,0.0,0.0,1.0,0.0,0.0,0
2003-10-01,520,1,0,0.0,0.0,1.0,0.0,0.0,0
2003-11-01,520,1,0,0.0,0.0,1.0,0.0,0.0,0
2003-12-01,520,1,0,0.0,0.0,1.0,0.0,0.0,0
2004-01-01,520,1,0,0.0,0.0,1.0,0.0,0.0,0
2004-02-01,520,1,0,0.0,0.0,1.0,0.0,0.0,0
2004-03-01,520,1,0,0.0,0.0,1.0,0.0,0.0,0
2004-04-01,520,1,0,0.0,0.0,1.0,0.0,0.0,0
2004-05-01,520,1,0,0.0,0.0,1.0,0.0,0.0,0
2004-06-01,520,1,0,0.0,0.0,1.0,0.0,0.0,0
2004-07-01,520,1,0,0.0,0.0,1.0,0.0,0.0,0
2004-08-01,520,1,0,0.0,0.0,1.0,0.0,0.0,0
2004-09-01,520,1,0,0.0,0.0,1.0,0.0,0.0,0
2004-10-01,520,1,0,0.0,0.0,1.0,0.0,0.0,0
2004-11-01,520,1,0,0.0,0.0,1.0,0.0,0.0,0
2004-12-01,520,1,0,0.0,0.0,1.0,0.0,0.0,0
2005-01-01,520,1,0,0.0,0.0,1.0,0.0,0.0,0
2005-02-01,520,1,0,0.0,0.0,1.0,0.0,0.0,0
2005-03-01,520,1,0,0.0,0.0,1.0,0.0,0.0,0
2005-04-01,520,1,0,0.0,0.0,1.0,0.0,0.0,0
2005-05-01,520,1,0,0.0,0.0,1.0,0.0,0.0,0
2005-06-01,520,1,0,0.0,0.0,1.0,0.0,0.0,0
2005-07-01,520,1,0,0.0,0.0,1.0,0.0,0.0,0
2005-08-01,520,1,0,0.0,0.0,1.0,0.0,0.0,0
2005-09-01,520,1,0,0.0,0.0,1.0,0.0,0.0,0
2005-10-01,520,1,0,0.0,0.0,1.0,0.0,0.0,0
2005-11-01,520,1,0,0.0,0.0,1.0,0.0,0.0,0
2005-12-01,520,1,0,0.0,0.0,1.0,0.0,0.0,0
2006-01-01,520,1,0,0.0,0.0,1.0,0.0,0.0,0
2006-02-01,520,1,0,0.0,0.0,1.0,0.0,0.0,0
2006-03-01,520,1,0,0.0,0.0,1.0,0.0,0.0,0
2006-04-01,520,1,0,0.0,0.0,1.0,0.0,0.0,0
2006-05-01,520,1,0,0.0,0.0,1.0,0.0,0.0,0
2006-06-01,520,1,0,0.0,0.0,1.0,0.0,0.0,0
2006-07-01,520,1,0,0.0,0.0,1.0,0.0,0.0,0
2006-08-01,520,1,0,0.0,0.0,1.0,0.0,0.0,0
2006-09-01,520,1,0,0.0,0.0,1.0,0.0,0.0,0
2006-10-01,520,1,0,0.0,0.0,1.0,0.0,0.0,0
2006-11-01,520,1,0,0.0,0.0,1.0,0.0,0.0,0
2006-12-01,520,0,1,0.0,0.0,1.0,0.0,0.0,1
2007-01-01,520,1,0,0.0,0.0,0.0,0.0,0.0,0
2007-02-01,520,1,0,0.0,0.0,1.0,0.0,0.0,0
2007-03-01,520,0,1,0.0,0.0,1.0,0.0,0.0,1
2007-04-01,520,0,1,0.0,0.0,0.0,0.0,0.0,2
2007-05-01,520,1,0,0.0,0.0,0.0,0.0,0.0,0
2007-06-01,520,1,0,0.0,0.0,1.0,0.0,0.0,0
2007-07-01,520,1,0,0.0,0.0,1.0,0.0,0.0,0
2007-08-01,520,1,0,0.0,0.0,1.0,0.0,0.0,0
2007-09-01,520,1,0,0.0,0.0,1.0,0.0,0.0,0
2007-10-01,520,1,0,0.0,0.0,1.0,0.0,0.0,0
2007-11-01,520,1,0,0.0,0.0,1.0,0.0,0.0,0
2007-12-01,520,1,0,0.0,0.0,1.0,0.0,0.0,0
2008-01-01,520,1,0,0.0,0.0,1.0,0.0,0.0,0
2008-02-01,520,1,0,0.0,0.0,1.0,0.0,0.0,0
2008-03-01,520,1,0,0.0,0.0,1.0,0.0,0.0,0
2008-04-01,520,1,0,0.0,0.0,1.0,0.0,0.0,0
2008-05-01,520,1,0,0.0,0.0,1.0,0.0,0.0,0
2008-06-01,520,1,1,0.0,0.0,1.0,0.0,0.0,0
2008-07-01,520,0,0,1.0,2.0,1.0,0.0,0.0,1
2008-08-01,520,0,1,1.0,2.0,0.0,1.0,2.0,2
2008-09-01,520,0,0,1.0,2.0,0.0,1.0,2.0,3
2008-10-01,520,0,0,1.0,2.0,0.0,1.0,2.0,4
2008-11-01,520,1,0,0.0,0.0,0.0,1.0,2.0,0
2008-12-01,520,1,0,0.0,0.0,1.0,0.0,0.0,0
2009-01-01,520,1,0,0.0,0.0,1.0,0.0,0.0,0
2009-02-01,520,1,0,0.0,0.0,1.0,0.0,0.0,0
2009-03-01,520,1,0,0.0,0.0,1.0,0.0,0.0,0
2009-04-01,520,1,0,0.0,0.0,1.0,0.0,0.0,0
2009-05-01,520,1,0,0.0,0.0,1.0,0.0,0.0,0
2009-06-01,520,1,0,0.0,0.0,1.0,0.0,0.0,0
2009-07-01,520,1,0,0.0,0.0,1.0,0.0,0.0,0
2009-08-01,520,1,0,0.0,0.0,1.0,0.0,0.0,0
2009-09-01,520,1,0,0.0,0.0,1.0,0.0,0.0,0
2009-10-01,520,1,0,0.0,0.0,1.0,0.0,0.0,0
2009-11-01,520,1,0,0.0,0.0,1.0,0.0,0.0,0
2009-12-01,520,1,0,0.0,0.0,1.0,0.0,0.0,0
2010-01-01,520,1,0,0.0,0.0,1.0,0.0,0.0,0
2010-02-01,520,1,0,0.0,0.0,1.0,0.0,0.0,0
2010-03-01,520,1,0,0.0,0.0,1.0,0.0,0.0,0
2010-04-01,520,1,0,0.0,0.0,1.0,0.0,0.0,0
2010-05-01,520,1,0,0.0,0.0,1.0,0.0,0.0,0
2010-06-01,520,1,0,0.0,0.0,1.0,0.0,0.0,0
2010-07-01,520,1,0,0.0,0.0,1.0,0.0,0.0,0
2010-08-01,520,1,0,0.0,0.0,1.0,0.0,0.0,0
2010-09-01,520,1,0,0.0,0.0,1.0,0.0,0.0,0
2010-10-01,520,1,0,0.0,0.0,1.0,0.0,0.0,0
2010-11-01,520,1,0,0.0,0.0,1.0,0.0,0.0,0
2010-12-01,520,1,0,0.0,0.0,1.0,0.0,0.0,0
2011-01-01,520,1,0,0.0,0.0,1.0,0.0,0.0,0
2011-02-01,520,1,0,0.0,0.0,1.0,0.0,0.0,0
2011-03-01,520,1,0,0.0,0.0,1.0,0.0,0.0,0
2011-04-01,520,1,0,0.0,0.0,1.0,0.0,0.0,0
2011-05-01,520,1,0,0.0,0.0,1.0,0.0,0.0,0
2011-06-01,520,1,0,0.0,0.0,1.0,0.0,0.0,0
2011-07-01,520,1,0,0.0,0.0,1.0,0.0,0.0,0
2011-08-01,520,1,0,0.0,0.0,1.0,0.0,0.0,0
2011-09-01,520,1,0,0.0,0.0,1.0,0.0,0.0,0
2011-10-01,520,1,0,0.0,0.0,1.0,0.0,0.0,0
2011-11-01,520,1,0,0.0,0.0,1.0,0.0,0.0,0
2011-12-01,520,1,0,0.0,0.0,1.0,0.0,0.0,0
2012-01-01,520,1,0,0.0,0.0,1.0,0.0,0.0,0
2012-02-01,520,1,0,0.0,0.0,1.0,0.0,0.0,0
2012-03-01,520,1,0,0.0,0.0,1.0,0.0,0.0,0
2012-04-01,520,1,0,0.0,0.0,1.0,0.0,0.0,0
2012-05-01,520,1,0,0.0,0.0,1.0,0.0,0.0,0
2012-06-01,520,1,0,0.0,0.0,1.0,0.0,0.0,0
2012-07-01,520,1,0,0.0,0.0,1.0,0.0,0.0,0
2012-08-01,520,1,0,0.0,0.0,1.0,0.0,0.0,0
2012-09-01,520,1,0,0.0,0.0,1.0,0.0,0.0,0
2012-10-01,520,1,0,0.0,0.0,1.0,0.0,0.0,0
2012-11-01,520,1,0,0.0,0.0,1.0,0.0,0.0,0
2012-12-01,520,1,0,0.0,0.0,1.0,0.0,0.0,0
2013-01-01,520,1,0,0.0,0.0,1.0,0.0,0.0,0
2013-02-01,520,1,0,0.0,0.0,1.0,0.0,0.0,0
2013-03-01,520,1,0,0.0,0.0,1.0,0.0,0.0,0
2013-04-01,520,1,0,0.0,0.0,1.0,0.0,0.0,0
2013-05-01,520,1,0,0.0,0.0,1.0,0.0,0.0,0
2013-06-01,520,1,0,0.0,0.0,1.0,0.0,0.0,0
2013-07-01,520,1,0,0.0,0.0,1.0,0.0,0.0,0
2013-08-01,520,1,0,0.0,0.0,1.0,0.0,0.0,0
2013-09-01,520,1,0,0.0,0.0,1.0,0.0,0.0,0
2013-10-01,520,1,0,0.0,0.0,1.0,0.0,0.0,0
2013-11-01,520,1,0,0.0,0.0,1.0,0.0,0.0,0
2013-12-01,520,1,0,0.0,0.0,1.0,0.0,0.0,0
2014-01-01,520,1,0,0.0,0.0,1.0,0.0,0.0,0
2014-02-01,520,1,0,0.0,0.0,1.0,0.0,0.0,0
2014-03-01,520,1,0,0.0,0.0,1.0,0.0,0.0,0
2014-04-01,520,1,0,0.0,0.0,1.0,0.0,0.0,0
2014-05-01,520,1,0,0.0,0.0,1.0,0.0,0.0,0
2014-06-01,520,1,0,0.0,0.0,1.0,0.0,0.0,0
2014-07-01,520,1,0,0.0,0.0,1.0,0.0,0.0,0
2014-08-01,520,1,0,0.0,0.0,1.0,0.0,0.0,0
2014-09-01,520,1,0,0.0,0.0,1.0,0.0,0.0,0
2014-10-01,520,1,0,0.0,0.0,1.0,0.0,0.0,0
2014-11-01,520,1,0,0.0,0.0,1.0,0.0,0.0,0
2014-12-01,520,1,0,0.0,0.0,1.0,0.0,0.0,0
2015-01-01,520,1,0,0.0,0.0,1.0,0.0,0.0,0
2015-02-01,520,0,1,1.0,0.0,1.0,0.0,0.0,1
2015-03-01,520,0,0,1.0,0.0,0.0,1.0,0.0,2
2015-04-01,520,0,0,1.0,0.0,0.0,1.0,0.0,3
2015-05-01,520,0,0,1.0,0.0,0.0,1.0,0.0,4
2015-06-01,520,0,0,1.0,0.0,0.0,1.0,0.0,5
2015-07-01,520,0,0,1.0,0.0,0.0,1.0,0.0,6
2015-08-01,520,0,0,1.0,0.0,0.0,1.0,0.0,7
2015-09-01,520,0,0,1.0,0.0,0.0,1.0,0.0,8
2015-10-01,520,0,0,1.0,0.0,0.0,1.0,0.0,9
2015-11-01,520,0,0,1.0,0.0,0.0,1.0,0.0,10
2015-12-01,520,0,0,1.0,0.0,0.0,1.0,0.0,11
2016-01-01,520,0,0,1.0,0.0,0.0,1.0,0.0,12
2016-02-01,520,0,0,1.0,0.0,0.0,1.0,0.0,13
1991-11-01,522,0,1,0.0,0.0,,,,1
1991-12-01,522,0,1,0.0,0.0,0.0,0.0,0.0,2
1992-01-01,522,1,0,0.0,0.0,0.0,0.0,0.0,0
1992-02-01,522,1,0,0.0,0.0,1.0,0.0,0.0,0
1992-03-01,522,1,0,0.0,0.0,1.0,0.0,0.0,0
1992-04-01,522,1,0,0.0,0.0,1.0,0.0,0.0,0
1992-05-01,522,1,0,0.0,0.0,1.0,0.0,0.0,0
1992-06-01,522,1,0,0.0,0.0,1.0,0.0,0.0,0
1992-07-01,522,1,0,0.0,0.0,1.0,0.0,0.0,0
1992-08-01,522,1,0,0.0,0.0,1.0,0.0,0.0,0
1992-09-01,522,1,0,0.0,0.0,1.0,0.0,0.0,0
1992-10-01,522,1,0,0.0,0.0,1.0,0.0,0.0,0
1992-11-01,522,1,0,0.0,0.0,1.0,0.0,0.0,0
1992-12-01,522,1,0,0.0,0.0,1.0,0.0,0.0,0
1993-01-01,522,1,0,0.0,0.0,1.0,0.0,0.0,0
1993-02-01,522,1,0,0.0,0.0,1.0,0.0,0.0,0
1993-03-01,522,1,0,0.0,0.0,1.0,0.0,0.0,0
1993-04-01,522,1,0,0.0,0.0,1.0,0.0,0.0,0
1993-05-01,522,1,0,0.0,0.0,1.0,0.0,0.0,0
1993-06-01,522,1,0,0.0,0.0,1.0,0.0,0.0,0
1993-07-01,522,1,0,0.0,0.0,1.0,0.0,0.0,0
1993-08-01,522,1,0,0.0,0.0,1.0,0.0,0.0,0
1993-09-01,522,1,0,0.0,0.0,1.0,0.0,0.0,0
1993-10-01,522,1,0,0.0,0.0,1.0,0.0,0.0,0
1993-11-01,522,1,0,0.0,0.0,1.0,0.0,0.0,0
1993-12-01,522,1,0,0.0,0.0,1.0,0.0,0.0,0
1994-01-01,522,1,0,0.0,0.0,1.0,0.0,0.0,0
1994-02-01,522,1,0,0.0,0.0,1.0,0.0,0.0,0
1994-03-01,522,1,0,0.0,0.0,1.0,0.0,0.0,0
1994-04-01,522,1,0,0.0,0.0,1.0,0.0,0.0,0
1994-05-01,522,1,0,0.0,0.0,1.0,0.0,0.0,0
1994-06-01,522,1,0,0.0,0.0,1.0,0.0,0.0,0
1994-07-01,522,1,0,0.0,0.0,1.0,0.0,0.0,0
1994-08-01,522,1,0,0.0,0.0,1.0,0.0,0.0,0
1994-09-01,522,1,0,0.0,0.0,1.0,0.0,0.0,0
1994-10-01,522,1,0,0.0,0.0,1.0,0.0,0.0,0
1994-11-01,522,1,0,0.0,0.0,1.0,0.0,0.0,0
1994-12-01,522,1,0,0.0,0.0,1.0,0.0,0.0,0
1995-01-01,522,1,0,0.0,0.0,1.0,0.0,0.0,0
1995-02-01,522,1,0,0.0,0.0,1.0,0.0,0.0,0
1995-03-01,522,1,0,0.0,0.0,1.0,0.0,0.0,0
1995-04-01,522,1,0,0.0,0.0,1.0,0.0,0.0,0
1995-05-01,522,1,0,0.0,0.0,1.0,0.0,0.0,0
1995-06-01,522,1,0,0.0,0.0,1.0,0.0,0.0,0
1995-07-01,522,1,0,0.0,0.0,1.0,0.0,0.0,0
1995-08-01,522,1,0,0.0,0.0,1.0,0.0,0.0,0
1995-09-01,522,1,0,0.0,0.0,1.0,0.0,0.0,0
1995-10-01,522,1,0,0.0,0.0,1.0,0.0,0.0,0
1995-11-01,522,1,0,0.0,0.0,1.0,0.0,0.0,0
1995-12-01,522,1,0,0.0,0.0,1.0,0.0,0.0,0
1996-01-01,522,1,0,0.0,0.0,1.0,0.0,0.0,0
1996-02-01,522,1,0,0.0,0.0,1.0,0.0,0.0,0
1996-03-01,522,1,0,0.0,0.0,1.0,0.0,0.0,0
1996-04-01,522,1,0,0.0,0.0,1.0,0.0,0.0,0
1996-05-01,522,1,0,0.0,0.0,1.0,0.0,0.0,0
1996-06-01,522,1,0,0.0,0.0,1.0,0.0,0.0,0
1996-07-01,522,1,0,0.0,0.0,1.0,0.0,0.0,0
1996-08-01,522,1,0,0.0,0.0,1.0,0.0,0.0,0
1996-09-01,522,1,0,0.0,0.0,1.0,0.0,0.0,0
1996-10-01,522,1,0,0.0,0.0,1.0,0.0,0.0,0
1996-11-01,522,1,0,0.0,0.0,1.0,0.0,0.0,0
1996-12-01,522,1,0,0.0,0.0,1.0,0.0,0.0,0
1997-01-01,522,1,0,0.0,0.0,1.0,0.0,0.0,0
1997-02-01,522,1,0,0.0,0.0,1.0,0.0,0.0,0
1997-03-01,522,1,0,0.0,0.0,1.0,0.0,0.0,0
1997-04-01,522,1,0,0.0,0.0,1.0,0.0,0.0,0
1997-05-01,522,1,0,0.0,0.0,1.0,0.0,0.0,0
1997-06-01,522,1,0,0.0,0.0,1.0,0.0,0.0,0
1997-07-01,522,1,0,0.0,0.0,1.0,0.0,0.0,0
1997-08-01,522,1,0,0.0,0.0,1.0,0.0,0.0,0
1997-09-01,522,1,0,0.0,0.0,1.0,0.0,0.0,0
1997-10-01,522,1,0,0.0,0.0,1.0,0.0,0.0,0
1997-11-01,522,1,0,0.0,0.0,1.0,0.0,0.0,0
1997-12-01,522,1,0,0.0,0.0,1.0,0.0,0.0,0
1998-01-01,522,1,0,0.0,0.0,1.0,0.0,0.0,0
1998-02-01,522,1,0,0.0,0.0,1.0,0.0,0.0,0
1998-03-01,522,1,0,0.0,0.0,1.0,0.0,0.0,0
1998-04-01,522,1,0,0.0,0.0,1.0,0.0,0.0,0
1998-05-01,522,1,0,0.0,0.0,1.0,0.0,0.0,0
1998-06-01,522,1,0,0.0,0.0,1.0,0.0,0.0,0
1998-07-01,522,1,0,0.0,0.0,1.0,0.0,0.0,0
1998-08-01,522,1,0,0.0,0.0,1.0,0.0,0.0,0
1998-09-01,522,1,0,0.0,0.0,1.0,0.0,0.0,0
1998-10-01,522,1,0,0.0,0.0,1.0,0.0,0.0,0
1998-11-01,522,1,0,0.0,0.0,1.0,0.0,0.0,0
1998-12-01,522,1,0,0.0,0.0,1.0,0.0,0.0,0
1999-01-01,522,1,0,0.0,0.0,1.0,0.0,0.0,0
1999-02-01,522,1,0,0.0,0.0,1.0,0.0,0.0,0
1999-03-01,522,1,0,0.0,0.0,1.0,0.0,0.0,0
1999-04-01,522,1,0,0.0,0.0,1.0,0.0,0.0,0
1999-05-01,522,1,0,0.0,0.0,1.0,0.0,0.0,0
1999-06-01,522,1,0,0.0,0.0,1.0,0.0,0.0,0
1999-07-01,522,1,0,0.0,0.0,1.0,0.0,0.0,0
1999-08-01,522,1,0,0.0,0.0,1.0,0.0,0.0,0
1999-09-01,522,1,0,0.0,0.0,1.0,0.0,0.0,0
1999-10-01,522,1,0,0.0,0.0,1.0,0.0,0.0,0
1999-11-01,522,1,0,0.0,0.0,1.0,0.0,0.0,0
1999-12-01,522,1,0,0.0,0.0,1.0,0.0,0.0,0
2000-01-01,522,1,0,0.0,0.0,1.0,0.0,0.0,0
2000-02-01,522,0,1,1.0,0.0,1.0,0.0,0.0,1
2000-03-01,522,0,0,1.0,0.0,0.0,1.0,0.0,2
2000-04-01,522,0,0,1.0,0.0,0.0,1.0,0.0,3
2000-05-01,522,0,0,1.0,0.0,0.0,1.0,0.0,4
2000-06-01,522,0,0,1.0,0.0,0.0,1.0,0.0,5
2000-07-01,522,0,0,1.0,0.0,0.0,1.0,0.0,6
2000-08-01,522,0,0,1.0,0.0,0.0,1.0,0.0,7
2000-09-01,522,0,0,1.0,0.0,0.0,1.0,0.0,8
2000-10-01,522,0,0,1.0,0.0,0.0,1.0,0.0,9
2000-11-01,522,0,0,1.0,0.0,0.0,1.0,0.0,10
2000-12-01,522,0,0,1.0,0.0,0.0,1.0,0.0,11
2001-01-01,522,0,0,1.0,0.0,0.0,1.0,0.0,12
2001-02-01,522,0,0,1.0,0.0,0.0,1.0,0.0,13
2001-03-01,522,0,0,1.0,0.0,0.0,1.0,0.0,14
2001-04-01,522,0,0,1.0,0.0,0.0,1.0,0.0,15
2001-05-01,522,0,0,1.0,0.0,0.0,1.0,0.0,16
1989-05-01,530,0,1,0.0,0.0,,,,1
1989-06-01,530,0,0,0.0,0.0,0.0,0.0,0.0,2
1989-07-01,530,0,0,0.0,0.0,0.0,0.0,0.0,3
1989-03-01,540,0,1,0.0,0.0,,,,1
1989-04-01,540,0,0,0.0,0.0,0.0,0.0,0.0,2
1989-05-01,540,0,0,0.0,0.0,0.0,0.0,0.0,3
1989-06-01,540,0,1,1.0,0.0,0.0,0.0,0.0,4
1989-07-01,540,0,0,1.0,0.0,0.0,1.0,0.0,5
1989-08-01,540,0,0,1.0,0.0,0.0,1.0,0.0,6
1989-09-01,540,1,0,0.0,0.0,0.0,1.0,0.0,0
1989-10-01,540,1,0,0.0,0.0,1.0,0.0,0.0,0
1989-11-01,540,1,0,0.0,0.0,1.0,0.0,0.0,0
1989-12-01,540,1,0,0.0,0.0,1.0,0.0,0.0,0
1990-01-01,540,1,0,0.0,0.0,1.0,0.0,0.0,0
1990-02-01,540,1,0,0.0,0.0,1.0,0.0,0.0,0
1990-03-01,540,1,0,0.0,0.0,1.0,0.0,0.0,0
1990-04-01,540,1,0,0.0,0.0,1.0,0.0,0.0,0
1990-05-01,540,1,0,0.0,0.0,1.0,0.0,0.0,0
1990-06-01,540,1,0,0.0,0.0,1.0,0.0,0.0,0
1990-07-01,540,1,0,0.0,0.0,1.0,0.0,0.0,0
1990-08-01,540,1,0,0.0,0.0,1.0,0.0,0.0,0
1990-09-01,540,1,0,0.0,0.0,1.0,0.0,0.0,0
1990-10-01,540,1,0,0.0,0.0,1.0,0.0,0.0,0
1990-11-01,540,1,0,0.0,0.0,1.0,0.0,0.0,0
1990-12-01,540,1,0,0.0,0.0,1.0,0.0,0.0,0
1991-01-01,540,1,0,0.0,0.0,1.0,0.0,0.0,0
1991-02-01,540,1,0,0.0,0.0,1.0,0.0,0.0,0
1991-03-01,540,1,0,0.0,0.0,1.0,0.0,0.0,0
1991-04-01,540,1,0,0.0,0.0,1.0,0.0,0.0,0
1991-05-01,540,0,1,1.0,0.0,1.0,0.0,0.0,1
1991-06-01,540,1,0,0.0,0.0,0.0,1.0,0.0,0
1991-07-01,540,1,0,0.0,0.0,1.0,0.0,0.0,0
1991-08-01,540,1,0,0.0,0.0,1.0,0.0,0.0,0
1991-09-01,540,1,0,0.0,0.0,1.0,0.0,0.0,0
1991-10-01,540,1,0,0.0,0.0,1.0,0.0,0.0,0
1991-11-01,540,1,0,0.0,0.0,1.0,0.0,0.0,0
1991-12-01,540,1,0,0.0,0.0,1.0,0.0,0.0,0
1992-01-01,540,1,0,0.0,0.0,1.0,0.0,0.0,0
1992-02-01,540,1,0,0.0,0.0,1.0,0.0,0.0,0
1992-03-01,540,1,0,0.0,0.0,1.0,0.0,0.0,0
1992-04-01,540,1,0,0.0,0.0,1.0,0.0,0.0,0
1992-05-01,540,1,0,0.0,0.0,1.0,0.0,0.0,0
1992-06-01,540,1,0,0.0,0.0,1.0,0.0,0.0,0
1992-07-01,540,1,0,0.0,0.0,1.0,0.0,0.0,0
1992-08-01,540,1,0,0.0,0.0,1.0,0.0,0.0,0
1992-09-01,540,1,0,0.0,0.0,1.0,0.0,0.0,0
1992-10-01,540,0,1,1.0,2.0,1.0,0.0,0.0,1
1992-11-01,540,0,1,1.0,2.0,0.0,1.0,2.0,2
1992-12-01,540,1,0,0.0,0.0,0.0,1.0,2.0,0
1993-01-01,540,0,1,1.0,0.0,1.0,0.0,0.0,1
1993-02-01,540,1,0,0.0,0.0,0.0,1.0,0.0,0
1993-03-01,540,1,0,0.0,0.0,1.0,0.0,0.0,0
1993-04-01,540,1,0,0.0,0.0,1.0,0.0,0.0,0
1993-05-01,540,1,0,0.0,0.0,1.0,0.0,0.0,0
1993-06-01,540,1,0,0.0,0.0,1.0,0.0,0.0,0
1993-07-01,540,1,0,0.0,0.0,1.0,0.0,0.0,0
1993-08-01,540,1,0,0.0,0.0,1.0,0.0,0.0,0
1993-09-01,540,1,0,0.0,0.0,1.0,0.0,0.0,0
1993-10-01,540,1,0,0.0,0.0,1.0,0.0,0.0,0
1993-11-01,540,1,0,0.0,0.0,1.0,0.0,0.0,0
1993-12-01,540,1,0,0.0,0.0,1.0,0.0,0.0,0
1994-01-01,540,1,0,0.0,0.0,1.0,0.0,0.0,0
1994-02-01,540,1,0,0.0,0.0,1.0,0.0,0.0,0
1994-03-01,540,1,0,0.0,0.0,1.0,0.0,0.0,0
1994-04-01,540,1,0,0.0,0.0,1.0,0.0,0.0,0
1994-05-01,540,1,0,0.0,0.0,1.0,0.0,0.0,0
1994-06-01,540,1,0,0.0,0.0,1.0,0.0,0.0,0
1994-07-01,540,1,0,0.0,0.0,1.0,0.0,0.0,0
1994-08-01,540,1,0,0.0,0.0,1.0,0.0,0.0,0
1994-09-01,540,1,0,0.0,0.0,1.0,0.0,0.0,0
1994-10-01,540,1,0,0.0,0.0,1.0,0.0,0.0,0
1994-11-01,540,0,1,1.0,2.0,1.0,0.0,0.0,1
1994-12-01,540,1,0,0.0,0.0,0.0,1.0,2.0,0
1995-01-01,540,1,0,0.0,0.0,1.0,0.0,0.0,0
1995-02-01,540,1,0,0.0,0.0,1.0,0.0,0.0,0
1995-03-01,540,1,0,0.0,0.0,1.0,0.0,0.0,0
1995-04-01,540,1,0,0.0,0.0,1.0,0.0,0.0,0
1995-05-01,540,1,0,0.0,0.0,1.0,0.0,0.0,0
1995-06-01,540,1,0,0.0,0.0,1.0,0.0,0.0,0
1995-07-01,540,1,0,0.0,0.0,1.0,0.0,0.0,0
1995-08-01,540,1,0,0.0,0.0,1.0,0.0,0.0,0
1995-09-01,540,0,1,0.0,0.0,1.0,0.0,0.0,1
1995-10-01,540,0,0,0.0,0.0,0.0,0.0,0.0,2
1995-11-01,540,0,0,0.0,0.0,0.0,0.0,0.0,3
1995-12-01,540,0,0,0.0,0.0,0.0,0.0,0.0,4
1996-01-01,540,0,1,0.0,0.0,0.0,0.0,0.0,5
1996-02-01,540,0,0,0.0,0.0,0.0,0.0,0.0,6
1996-03-01,540,1,0,0.0,0.0,0.0,0.0,0.0,0
1996-04-01,540,1,0,0.0,0.0,1.0,0.0,0.0,0
1996-05-01,540,1,0,0.0,0.0,1.0,0.0,0.0,0
1996-06-01,540,1,0,0.0,0.0,1.0,0.0,0.0,0
1996-07-01,540,1,0,0.0,0.0,1.0,0.0,0.0,0
1996-08-01,540,1,0,0.0,0.0,1.0,0.0,0.0,0
1996-09-01,540,1,0,0.0,0.0,1.0,0.0,0.0,0
1996-10-01,540,1,0,0.0,0.0,1.0,0.0,0.0,0
1996-11-01,540,1,0,0.0,0.0,1.0,0.0,0.0,0
1996-12-01,540,1,0,0.0,0.0,1.0,0.0,0.0,0
1997-01-01,540,1,0,0.0,0.0,1.0,0.0,0.0,0
1997-02-01,540,1,0,0.0,0.0,1.0,0.0,0.0,0
1997-03-01,540,1,0,0.0,0.0,1.0,0.0,0.0,0
1997-04-01,540,1,0,0.0,0.0,1.0,0.0,0.0,0
1997-05-01,540,1,0,0.0,0.0,1.0,0.0,0.0,0
1997-06-01,540,1,0,0.0,0.0,1.0,0.0,0.0,0
1997-07-01,540,1,0,0.0,0.0,1.0,0.0,0.0,0
1997-08-01,540,1,0,0.0,0.0,1.0,0.0,0.0,0
1997-09-01,540,1,0,0.0,0.0,1.0,0.0,0.0,0
1997-10-01,540,1,0,0.0,0.0,1.0,0.0,0.0,0
1997-11-01,540,1,0,0.0,0.0,1.0,0.0,0.0,0
1997-12-01,540,1,0,0.0,0.0,1.0,0.0,0.0,0
1998-01-01,540,1,0,0.0,0.0,1.0,0.0,0.0,0
1998-02-01,540,1,0,0.0,0.0,1.0,0.0,0.0,0
1998-03-01,540,1,0,0.0,0.0,1.0,0.0,0.0,0
1998-04-01,540,1,0,0.0,0.0,1.0,0.0,0.0,0
1998-05-01,540,1,0,0.0,0.0,1.0,0.0,0.0,0
1998-06-01,540,1,0,0.0,0.0,1.0,0.0,0.0,0
1998-07-01,540,1,0,0.0,0.0,1.0,0.0,0.0,0
1998-08-01,540,1,0,0.0,0.0,1.0,0.0,0.0,0
1998-09-01,540,1,0,0.0,0.0,1.0,0.0,0.0,0
1998-10-01,540,1,0,0.0,0.0,1.0,0.0,0.0,0
1998-11-01,540,1,0,0.0,0.0,1.0,0.0,0.0,0
1998-12-01,540,1,0,0.0,0.0,1.0,0.0,0.0,0
1999-01-01,540,1,0,0.0,0.0,1.0,0.0,0.0,0
1999-02-01,540,1,0,0.0,0.0,1.0,0.0,0.0,0
1999-03-01,540,1,0,0.0,0.0,1.0,0.0,0.0,0
1999-04-01,540,1,0,0.0,0.0,1.0,0.0,0.0,0
1999-05-01,540,1,0,0.0,0.0,1.0,0.0,0.0,0
1999-06-01,540,1,0,0.0,0.0,1.0,0.0,0.0,0
1999-07-01,540,1,0,0.0,0.0,1.0,0.0,0.0,0
1999-08-01,540,1,0,0.0,0.0,1.0,0.0,0.0,0
1999-09-01,540,1,0,0.0,0.0,1.0,0.0,0.0,0
1999-10-01,540,1,0,0.0,0.0,1.0,0.0,0.0,0
1999-11-01,540,1,0,0.0,0.0,1.0,0.0,0.0,0
1999-12-01,540,1,0,0.0,0.0,1.0,0.0,0.0,0
2000-01-01,540,1,0,0.0,0.0,1.0,0.0,0.0,0
2000-02-01,540,1,0,0.0,0.0,1.0,0.0,0.0,0
2000-03-01,540,1,0,0.0,0.0,1.0,0.0,0.0,0
2000-04-01,540,1,0,0.0,0.0,1.0,0.0,0.0,0
2000-05-01,540,1,0,0.0,0.0,1.0,0.0,0.0,0
2000-06-01,540,1,0,0.0,0.0,1.0,0.0,0.0,0
2000-07-01,540,1,0,0.0,0.0,1.0,0.0,0.0,0
2000-08-01,540,1,0,0.0,0.0,1.0,0.0,0.0,0
2000-09-01,540,1,0,0.0,0.0,1.0,0.0,0.0,0
2000-10-01,540,1,0,0.0,0.0,1.0,0.0,0.0,0
2000-11-01,540,1,0,0.0,0.0,1.0,0.0,0.0,0
2000-12-01,540,1,0,0.0,0.0,1.0,0.0,0.0,0
2001-01-01,540,1,0,0.0,0.0,1.0,0.0,0.0,0
2001-02-01,540,1,0,0.0,0.0,1.0,0.0,0.0,0
2001-03-01,540,1,0,0.0,0.0,1.0,0.0,0.0,0
2001-04-01,540,1,0,0.0,0.0,1.0,0.0,0.0,0
2001-05-01,540,1,0,0.0,0.0,1.0,0.0,0.0,0
2001-06-01,540,1,0,0.0,0.0,1.0,0.0,0.0,0
2001-07-01,540,1,0,0.0,0.0,1.0,0.0,0.0,0
2001-08-01,540,1,0,0.0,0.0,1.0,0.0,0.0,0
2001-09-01,540,1,0,0.0,0.0,1.0,0.0,0.0,0
2001-10-01,540,1,0,0.0,0.0,1.0,0.0,0.0,0
2001-11-01,540,1,0,0.0,0.0,1.0,0.0,0.0,0
2001-12-01,540,1,0,0.0,0.0,1.0,0.0,0.0,0
2002-01-01,540,1,0,0.0,0.0,1.0,0.0,0.0,0
2002-02-01,540,1,0,0.0,0.0,1.0,0.0,0.0,0
2002-03-01,540,0,1,0.0,0.0,1.0,0.0,0.0,1
2002-04-01,540,0,0,0.0,0.0,0.0,0.0,0.0,2
1989-04-01,541,0,1,0.0,0.0,,,,1
1989-05-01,541,1,0,0.0,0.0,0.0,0.0,0.0,0
1989-06-01,541,1,0,0.0,0.0,1.0,0.0,0.0,0
1989-07-01,541,1,0,0.0,0.0,1.0,0.0,0.0,0
1989-08-01,541,1,0,0.0,0.0,1.0,0.0,0.0,0
1989-09-01,541,1,0,0.0,0.0,1.0,0.0,0.0,0
1989-10-01,541,1,0,0.0,0.0,1.0,0.0,0.0,0
1989-11-01,541,1,0,0.0,0.0,1.0,0.0,0.0,0
1989-12-01,541,1,0,0.0,0.0,1.0,0.0,0.0,0
1990-01-01,541,1,0,0.0,0.0,1.0,0.0,0.0,0
1990-02-01,541,1,0,0.0,0.0,1.0,0.0,0.0,0
1990-03-01,541,1,0,0.0,0.0,1.0,0.0,0.0,0
1990-04-01,541,0,1,0.0,0.0,1.0,0.0,0.0,1
1990-05-01,541,1,0,0.0,0.0,0.0,0.0,0.0,0
1990-06-01,541,1,0,0.0,0.0,1.0,0.0,0.0,0
1990-07-01,541,1,0,0.0,0.0,1.0,0.0,0.0,0
1990-08-01,541,1,0,0.0,0.0,1.0,0.0,0.0,0
1990-09-01,541,1,0,0.0,0.0,1.0,0.0,0.0,0
1990-10-01,541,1,0,0.0,0.0,1.0,0.0,0.0,0
1990-11-01,541,1,0,0.0,0.0,1.0,0.0,0.0,0
1990-12-01,541,0,1,1.0,0.0,1.0,0.0,0.0,1
1991-01-01,541,0,0,1.0,0.0,0.0,1.0,0.0,2
1991-02-01,541,0,1,1.0,0.0,0.0,1.0,0.0,3
1991-03-01,541,0,1,0.0,0.0,0.0,1.0,0.0,4
1991-04-01,541,0,0,0.0,0.0,0.0,0.0,0.0,5
1991-05-01,541,0,0,1.0,0.0,0.0,0.0,0.0,6
1991-06-01,541,0,0,1.0,0.0,0.0,1.0,0.0,7
1991-07-01,541,0,0,1.0,0.0,0.0,1.0,0.0,8
1991-08-01,541,0,0,1.0,0.0,0.0,1.0,0.0,9
1991-09-01,541,0,0,1.0,0.0,0.0,1.0,0.0,10
1991-10-01,541,0,1,1.0,0.0,0.0,1.0,0.0,11
1991-11-01,541,0,0,1.0,0.0,0.0,1.0,0.0,12
1991-12-01,541,0,1,0.0,0.0,0.0,1.0,0.0,13
1992-01-01,541,0,0,1.0,0.0,0.0,0.0,0.0,14
1992-02-01,541,0,0,1.0,0.0,0.0,1.0,0.0,15
1992-03-01,541,0,0,1.0,0.0,0.0,1.0,0.0,16
1992-04-01,541,0,0,1.0,0.0,0.0,1.0,0.0,17
1992-05-01,541,0,0,1.0,0.0,0.0,1.0,0.0,18
1992-06-01,541,0,0,1.0,0.0,0.0,1.0,0.0,19
1992-07-01,541,0,0,1.0,0.0,0.0,1.0,0.0,20
1992-08-01,541,0,0,1.0,0.0,0.0,1.0,0.0,21
1992-09-01,541,0,0,1.0,0.0,0.0,1.0,0.0,22
1992-10-01,541,0,1,1.0,2.0,0.0,1.0,0.0,23
1992-11-01,541,0,0,1.0,2.0,0.0,1.0,2.0,24
1992-12-01,541,0,0,1.0,2.0,0.0,1.0,2.0,25
1993-01-01,541,0,0,1.0,2.0,0.0,1.0,2.0,26
1993-02-01,541,0,0,1.0,2.0,0.0,1.0,2.0,27
1993-03-01,541,0,0,1.0,2.0,0.0,1.0,2.0,28
1993-04-01,541,0,0,1.0,2.0,0.0,1.0,2.0,29
1993-05-01,541,0,0,1.0,2.0,0.0,1.0,2.0,30
1993-06-01,541,0,0,1.0,2.0,0.0,1.0,2.0,31
1993-07-01,541,0,0,1.0,2.0,0.0,1.0,2.0,32
1993-08-01,541,0,0,1.0,2.0,0.0,1.0,2.0,33
1993-09-01,541,0,0,1.0,2.0,0.0,1.0,2.0,34
1993-10-01,541,0,0,1.0,2.0,0.0,1.0,2.0,35
1993-11-01,541,0,0,1.0,2.0,0.0,1.0,2.0,36
1993-12-01,541,0,0,1.0,2.0,0.0,1.0,2.0,37
1994-01-01,541,0,0,1.0,2.0,0.0,1.0,2.0,38
1994-02-01,541,0,0,1.0,2.0,0.0,1.0,2.0,39
1994-03-01,541,0,0,1.0,2.0,0.0,1.0,2.0,40
1994-04-01,541,0,0,1.0,2.0,0.0,1.0,2.0,41
1994-05-01,541,0,0,1.0,2.0,0.0,1.0,2.0,42
1994-06-01,541,0,0,1.0,2.0,0.0,1.0,2.0,43
1994-07-01,541,0,0,1.0,2.0,0.0,1.0,2.0,44
1994-08-01,541,0,0,1.0,2.0,0.0,1.0,2.0,45
1994-09-01,541,0,0,1.0,2.0,0.0,1.0,2.0,46
1994-10-01,541,0,0,1.0,2.0,0.0,1.0,2.0,47
1994-11-01,541,0,0,1.0,2.0,0.0,1.0,2.0,48
1994-12-01,541,0,0,1.0,2.0,0.0,1.0,2.0,49
1995-01-01,541,0,0,1.0,2.0,0.0,1.0,2.0,50
1995-02-01,541,0,0,1.0,2.0,0.0,1.0,2.0,51
1995-03-01,541,0,0,1.0,2.0,0.0,1.0,2.0,52
1995-04-01,541,0,0,1.0,2.0,0.0,1.0,2.0,53
1995-05-01,541,0,0,1.0,2.0,0.0,1.0,2.0,54
1995-06-01,541,0,0,1.0,2.0,0.0,1.0,2.0,55
1995-07-01,541,0,0,1.0,2.0,0.0,1.0,2.0,56
1995-08-01,541,0,0,1.0,2.0,0.0,1.0,2.0,57
1995-09-01,541,0,0,1.0,2.0,0.0,1.0,2.0,58
1995-10-01,541,0,0,1.0,2.0,0.0,1.0,2.0,59
1995-11-01,541,0,0,1.0,2.0,0.0,1.0,2.0,60
1995-12-01,541,0,0,1.0,2.0,0.0,1.0,2.0,61
1996-01-01,541,0,0,1.0,2.0,0.0,1.0,2.0,62
1996-02-01,541,0,0,1.0,2.0,0.0,1.0,2.0,63
1996-03-01,541,0,0,1.0,2.0,0.0,1.0,2.0,64
1996-04-01,541,0,0,1.0,2.0,0.0,1.0,2.0,65
1996-05-01,541,0,0,1.0,2.0,0.0,1.0,2.0,66
1996-06-01,541,0,0,1.0,2.0,0.0,1.0,2.0,67
1996-07-01,541,0,0,1.0,2.0,0.0,1.0,2.0,68
1996-08-01,541,0,0,1.0,2.0,0.0,1.0,2.0,69
1996-09-01,541,0,0,1.0,2.0,0.0,1.0,2.0,70
1996-10-01,541,0,0,1.0,2.0,0.0,1.0,2.0,71
1996-11-01,541,0,0,1.0,2.0,0.0,1.0,2.0,72
1996-12-01,541,0,0,1.0,2.0,0.0,1.0,2.0,73
1997-01-01,541,0,0,1.0,2.0,0.0,1.0,2.0,74
1997-02-01,541,0,0,1.0,2.0,0.0,1.0,2.0,75
1997-03-01,541,0,0,1.0,2.0,0.0,1.0,2.0,76
1997-04-01,541,0,0,1.0,2.0,0.0,1.0,2.0,77
1997-05-01,541,0,0,1.0,2.0,0.0,1.0,2.0,78
1997-06-01,541,0,0,1.0,2.0,0.0,1.0,2.0,79
1997-07-01,541,0,0,1.0,2.0,0.0,1.0,2.0,80
1997-08-01,541,0,0,1.0,2.0,0.0,1.0,2.0,81
1997-09-01,541,0,0,1.0,2.0,0.0,1.0,2.0,82
1997-10-01,541,0,0,1.0,2.0,0.0,1.0,2.0,83
1997-11-01,541,0,0,1.0,2.0,0.0,1.0,2.0,84
1997-12-01,541,0,0,1.0,2.0,0.0,1.0,2.0,85
1998-01-01,541,0,0,1.0,2.0,0.0,1.0,2.0,86
1998-02-01,541,0,0,1.0,2.0,0.0,1.0,2.0,87
1998-03-01,541,0,0,1.0,2.0,0.0,1.0,2.0,88
1998-04-01,541,0,0,1.0,2.0,0.0,1.0,2.0,89
1998-05-01,541,0,0,1.0,2.0,0.0,1.0,2.0,90
1998-06-01,541,0,0,1.0,2.0,0.0,1.0,2.0,91
1998-07-01,541,0,0,1.0,2.0,0.0,1.0,2.0,92
1998-08-01,541,0,0,1.0,2.0,0.0,1.0,2.0,93
1998-09-01,541,0,0,1.0,2.0,0.0,1.0,2.0,94
1998-10-01,541,0,0,1.0,2.0,0.0,1.0,2.0,95
1998-11-01,541,0,0,1.0,2.0,0.0,1.0,2.0,96
1998-12-01,541,0,0,1.0,2.0,0.0,1.0,2.0,97
1999-01-01,541,0,0,1.0,2.0,0.0,1.0,2.0,98
1999-02-01,541,0,0,1.0,2.0,0.0,1.0,2.0,99
1999-03-01,541,0,0,1.0,2.0,0.0,1.0,2.0,100
1999-04-01,541,0,0,1.0,2.0,0.0,1.0,2.0,101
1999-05-01,541,0,0,1.0,2.0,0.0,1.0,2.0,102
1999-06-01,541,0,0,1.0,2.0,0.0,1.0,2.0,103
1999-07-01,541,0,0,1.0,2.0,0.0,1.0,2.0,104
1999-08-01,541,0,0,1.0,2.0,0.0,1.0,2.0,105
1999-09-01,541,0,0,1.0,2.0,0.0,1.0,2.0,106
1999-10-01,541,0,0,1.0,2.0,0.0,1.0,2.0,107
1999-11-01,541,0,0,1.0,2.0,0.0,1.0,2.0,108
1999-12-01,541,0,0,1.0,2.0,0.0,1.0,2.0,109
2000-01-01,541,0,0,1.0,2.0,0.0,1.0,2.0,110
2000-02-01,541,0,0,1.0,2.0,0.0,1.0,2.0,111
2000-03-01,541,0,0,1.0,2.0,0.0,1.0,2.0,112
2000-04-01,541,0,0,1.0,2.0,0.0,1.0,2.0,113
2000-05-01,541,0,0,1.0,2.0,0.0,1.0,2.0,114
2000-06-01,541,0,0,1.0,2.0,0.0,1.0,2.0,115
2000-07-01,541,0,0,1.0,2.0,0.0,1.0,2.0,116
2000-08-01,541,0,0,1.0,2.0,0.0,1.0,2.0,117
2000-09-01,541,0,0,1.0,2.0,0.0,1.0,2.0,118
2000-10-01,541,0,0,1.0,2.0,0.0,1.0,2.0,119
2000-11-01,541,0,0,1.0,2.0,0.0,1.0,2.0,120
2000-12-01,541,0,0,1.0,2.0,0.0,1.0,2.0,121
2001-01-01,541,0,0,1.0,2.0,0.0,1.0,2.0,122
2001-02-01,541,0,0,1.0,2.0,0.0,1.0,2.0,123
2001-03-01,541,0,0,1.0,2.0,0.0,1.0,2.0,124
2001-04-01,541,0,0,1.0,2.0,0.0,1.0,2.0,125
2001-05-01,541,0,0,1.0,2.0,0.0,1.0,2.0,126
2001-06-01,541,0,0,1.0,2.0,0.0,1.0,2.0,127
2001-07-01,541,0,0,1.0,2.0,0.0,1.0,2.0,128
2001-08-01,541,0,0,1.0,2.0,0.0,1.0,2.0,129
2001-09-01,541,0,0,1.0,2.0,0.0,1.0,2.0,130
2001-10-01,541,0,0,1.0,2.0,0.0,1.0,2.0,131
2001-11-01,541,0,0,1.0,2.0,0.0,1.0,2.0,132
2001-12-01,541,0,0,1.0,2.0,0.0,1.0,2.0,133
2002-01-01,541,0,0,1.0,2.0,0.0,1.0,2.0,134
2002-02-01,541,0,0,1.0,2.0,0.0,1.0,2.0,135
2002-03-01,541,0,0,1.0,2.0,0.0,1.0,2.0,136
2002-04-01,541,0,0,1.0,2.0,0.0,1.0,2.0,137
2002-05-01,541,0,0,1.0,2.0,0.0,1.0,2.0,138
2002-06-01,541,0,0,1.0,2.0,0.0,1.0,2.0,139
2002-07-01,541,0,0,1.0,2.0,0.0,1.0,2.0,140
2002-08-01,541,0,0,1.0,2.0,0.0,1.0,2.0,141
2002-09-01,541,0,0,1.0,2.0,0.0,1.0,2.0,142
2002-10-01,541,0,0,1.0,2.0,0.0,1.0,2.0,143
2002-11-01,541,0,0,1.0,2.0,0.0,1.0,2.0,144
2002-12-01,541,0,0,1.0,2.0,0.0,1.0,2.0,145
2003-01-01,541,0,0,1.0,2.0,0.0,1.0,2.0,146
2003-02-01,541,0,0,1.0,2.0,0.0,1.0,2.0,147
2003-03-01,541,0,0,1.0,2.0,0.0,1.0,2.0,148
2003-04-01,541,0,0,1.0,2.0,0.0,1.0,2.0,149
2003-05-01,541,0,0,1.0,2.0,0.0,1.0,2.0,150
2003-06-01,541,0,0,1.0,2.0,0.0,1.0,2.0,151
2003-07-01,541,0,0,1.0,2.0,0.0,1.0,2.0,152
2003-08-01,541,0,0,1.0,2.0,0.0,1.0,2.0,153
2003-09-01,541,0,0,1.0,2.0,0.0,1.0,2.0,154
2003-10-01,541,0,0,1.0,2.0,0.0,1.0,2.0,155
2003-11-01,541,0,0,1.0,2.0,0.0,1.0,2.0,156
2003-12-01,541,0,0,1.0,2.0,0.0,1.0,2.0,157
2004-01-01,541,0,0,1.0,2.0,0.0,1.0,2.0,158
2004-02-01,541,0,0,1.0,2.0,0.0,1.0,2.0,159
2004-03-01,541,0,0,1.0,2.0,0.0,1.0,2.0,160
2004-04-01,541,0,0,1.0,2.0,0.0,1.0,2.0,161
2004-05-01,541,0,0,1.0,2.0,0.0,1.0,2.0,162
2004-06-01,541,0,0,1.0,2.0,0.0,1.0,2.0,163
2004-07-01,541,0,0,1.0,2.0,0.0,1.0,2.0,164
2004-08-01,541,0,0,1.0,2.0,0.0,1.0,2.0,165
2004-09-01,541,0,0,1.0,2.0,0.0,1.0,2.0,166
2004-10-01,541,0,0,1.0,2.0,0.0,1.0,2.0,167
2004-11-01,541,0,0,1.0,2.0,0.0,1.0,2.0,168
2004-12-01,541,0,0,1.0,2.0,0.0,1.0,2.0,169
2005-01-01,541,0,0,1.0,2.0,0.0,1.0,2.0,170
2005-02-01,541,0,0,1.0,2.0,0.0,1.0,2.0,171
2005-03-01,541,0,0,1.0,2.0,0.0,1.0,2.0,172
2005-04-01,541,0,0,1.0,2.0,0.0,1.0,2.0,173
2005-05-01,541,0,0,1.0,2.0,0.0,1.0,2.0,174
2005-06-01,541,0,0,1.0,2.0,0.0,1.0,2.0,175
2005-07-01,541,0,0,1.0,2.0,0.0,1.0,2.0,176
2005-08-01,541,0,0,1.0,2.0,0.0,1.0,2.0,177
2005-09-01,541,0,0,1.0,2.0,0.0,1.0,2.0,178
2005-10-01,541,0,0,1.0,2.0,0.0,1.0,2.0,179
2005-11-01,541,0,0,1.0,2.0,0.0,1.0,2.0,180
2005-12-01,541,0,0,1.0,2.0,0.0,1.0,2.0,181
2006-01-01,541,0,0,1.0,2.0,0.0,1.0,2.0,182
2006-02-01,541,0,0,1.0,2.0,0.0,1.0,2.0,183
2006-03-01,541,0,0,1.0,2.0,0.0,1.0,2.0,184
2006-04-01,541,0,0,1.0,2.0,0.0,1.0,2.0,185
2006-05-01,541,0,0,1.0,2.0,0.0,1.0,2.0,186
2006-06-01,541,0,0,1.0,2.0,0.0,1.0,2.0,187
2006-07-01,541,0,0,1.0,2.0,0.0,1.0,2.0,188
2006-08-01,541,0,0,1.0,2.0,0.0,1.0,2.0,189
2006-09-01,541,0,0,1.0,2.0,0.0,1.0,2.0,190
2006-10-01,541,0,0,1.0,2.0,0.0,1.0,2.0,191
2006-11-01,541,0,0,1.0,2.0,0.0,1.0,2.0,192
2006-12-01,541,0,0,1.0,2.0,0.0,1.0,2.0,193
2007-01-01,541,0,0,1.0,2.0,0.0,1.0,2.0,194
2007-02-01,541,0,0,1.0,2.0,0.0,1.0,2.0,195
2007-03-01,541,0,0,1.0,2.0,0.0,1.0,2.0,196
2007-04-01,541,0,0,1.0,2.0,0.0,1.0,2.0,197
2007-05-01,541,0,0,1.0,2.0,0.0,1.0,2.0,198
2007-06-01,541,0,0,1.0,2.0,0.0,1.0,2.0,199
2007-07-01,541,0,0,1.0,2.0,0.0,1.0,2.0,200
2007-08-01,541,0,0,1.0,2.0,0.0,1.0,2.0,201
2007-09-01,541,0,0,1.0,2.0,0.0,1.0,2.0,202
2007-10-01,541,0,0,1.0,2.0,0.0,1.0,2.0,203
2007-11-01,541,0,0,1.0,2.0,0.0,1.0,2.0,204
2007-12-01,541,0,0,1.0,2.0,0.0,1.0,2.0,205
2008-01-01,541,0,0,1.0,2.0,0.0,1.0,2.0,206
2008-02-01,541,0,0,1.0,2.0,0.0,1.0,2.0,207
2008-03-01,541,0,0,1.0,2.0,0.0,1.0,2.0,208
2008-04-01,541,0,0,1.0,2.0,0.0,1.0,2.0,209
2008-05-01,541,0,0,1.0,2.0,0.0,1.0,2.0,210
2008-06-01,541,0,0,1.0,2.0,0.0,1.0,2.0,211
2008-07-01,541,0,0,1.0,2.0,0.0,1.0,2.0,212
2008-08-01,541,0,0,1.0,2.0,0.0,1.0,2.0,213
2008-09-01,541,0,0,1.0,2.0,0.0,1.0,2.0,214
2008-10-01,541,0,0,1.0,2.0,0.0,1.0,2.0,215
2008-11-01,541,0,0,1.0,2.0,0.0,1.0,2.0,216
2008-12-01,541,0,0,1.0,2.0,0.0,1.0,2.0,217
2009-01-01,541,0,0,1.0,2.0,0.0,1.0,2.0,218
2009-02-01,541,0,0,1.0,2.0,0.0,1.0,2.0,219
2009-03-01,541,0,0,1.0,2.0,0.0,1.0,2.0,220
2009-04-01,541,0,0,1.0,2.0,0.0,1.0,2.0,221
2009-05-01,541,0,0,1.0,2.0,0.0,1.0,2.0,222
2009-06-01,541,0,0,1.0,2.0,0.0,1.0,2.0,223
2009-07-01,541,0,0,1.0,2.0,0.0,1.0,2.0,224
2009-08-01,541,0,0,1.0,2.0,0.0,1.0,2.0,225
2009-09-01,541,0,0,1.0,2.0,0.0,1.0,2.0,226
2009-10-01,541,0,0,1.0,2.0,0.0,1.0,2.0,227
2009-11-01,541,0,0,1.0,2.0,0.0,1.0,2.0,228
2009-12-01,541,0,0,1.0,2.0,0.0,1.0,2.0,229
2010-01-01,541,0,0,1.0,2.0,0.0,1.0,2.0,230
2010-02-01,541,0,0,1.0,2.0,0.0,1.0,2.0,231
2010-03-01,541,0,0,1.0,2.0,0.0,1.0,2.0,232
2010-04-01,541,0,0,1.0,2.0,0.0,1.0,2.0,233
2010-05-01,541,0,0,1.0,2.0,0.0,1.0,2.0,234
2010-06-01,541,0,0,1.0,2.0,0.0,1.0,2.0,235
2010-07-01,541,0,0,1.0,2.0,0.0,1.0,2.0,236
2010-08-01,541,0,0,1.0,2.0,0.0,1.0,2.0,237
2010-09-01,541,0,0,1.0,2.0,0.0,1.0,2.0,238
2010-10-01,541,0,0,1.0,2.0,0.0,1.0,2.0,239
2010-11-01,541,0,0,1.0,2.0,0.0,1.0,2.0,240
2010-12-01,541,0,0,1.0,2.0,0.0,1.0,2.0,241
2011-01-01,541,0,0,1.0,2.0,0.0,1.0,2.0,242
2011-02-01,541,0,0,1.0,2.0,0.0,1.0,2.0,243
2011-03-01,541,0,0,1.0,2.0,0.0,1.0,2.0,244
2011-04-01,541,0,0,1.0,2.0,0.0,1.0,2.0,245
2011-05-01,541,0,0,1.0,2.0,0.0,1.0,2.0,246
2011-06-01,541,0,0,1.0,2.0,0.0,1.0,2.0,247
2011-07-01,541,0,0,1.0,2.0,0.0,1.0,2.0,248
2011-08-01,541,0,0,1.0,2.0,0.0,1.0,2.0,249
2011-09-01,541,0,0,1.0,2.0,0.0,1.0,2.0,250
2011-10-01,541,0,0,1.0,2.0,0.0,1.0,2.0,251
2011-11-01,541,0,0,1.0,2.0,0.0,1.0,2.0,252
2011-12-01,541,0,0,1.0,2.0,0.0,1.0,2.0,253
2012-01-01,541,0,0,1.0,2.0,0.0,1.0,2.0,254
2012-02-01,541,0,0,1.0,2.0,0.0,1.0,2.0,255
2012-03-01,541,0,0,1.0,2.0,0.0,1.0,2.0,256
2012-04-01,541,0,0,1.0,2.0,0.0,1.0,2.0,257
2012-05-01,541,0,0,1.0,2.0,0.0,1.0,2.0,258
2012-06-01,541,0,0,1.0,2.0,0.0,1.0,2.0,259
2012-07-01,541,0,0,1.0,2.0,0.0,1.0,2.0,260
2012-08-01,541,0,0,1.0,2.0,0.0,1.0,2.0,261
2012-09-01,541,0,0,1.0,2.0,0.0,1.0,2.0,262
2012-10-01,541,0,0,1.0,2.0,0.0,1.0,2.0,263
2012-11-01,541,0,0,1.0,2.0,0.0,1.0,2.0,264
2012-12-01,541,0,0,1.0,2.0,0.0,1.0,2.0,265
2013-01-01,541,0,0,1.0,2.0,0.0,1.0,2.0,266
2013-02-01,541,0,0,1.0,2.0,0.0,1.0,2.0,267
2013-03-01,541,0,0,1.0,2.0,0.0,1.0,2.0,268
2013-04-01,541,0,0,1.0,2.0,0.0,1.0,2.0,269
2013-05-01,541,0,0,1.0,2.0,0.0,1.0,2.0,270
2013-06-01,541,0,0,1.0,2.0,0.0,1.0,2.0,271
2013-07-01,541,0,0,1.0,2.0,0.0,1.0,2.0,272
2013-08-01,541,0,0,1.0,2.0,0.0,1.0,2.0,273
2013-09-01,541,0,0,1.0,2.0,0.0,1.0,2.0,274
2013-10-01,541,0,0,1.0,2.0,0.0,1.0,2.0,275
2013-11-01,541,1,0,0.0,0.0,0.0,1.0,2.0,0
2013-12-01,541,1,0,0.0,0.0,1.0,0.0,0.0,0
2014-01-01,541,1,0,0.0,0.0,1.0,0.0,0.0,0
2014-02-01,541,1,0,0.0,0.0,1.0,0.0,0.0,0
2014-03-01,541,1,0,0.0,0.0,1.0,0.0,0.0,0
2014-04-01,541,1,0,0.0,0.0,1.0,0.0,0.0,0
2014-05-01,541,0,1,0.0,0.0,1.0,0.0,0.0,1
2014-06-01,541,0,0,0.0,0.0,0.0,0.0,0.0,2
2014-07-01,541,1,0,0.0,0.0,0.0,0.0,0.0,0
2014-08-01,541,1,0,0.0,0.0,1.0,0.0,0.0,0
2014-09-01,541,1,0,0.0,0.0,1.0,0.0,0.0,0
2014-10-01,541,1,0,0.0,0.0,1.0,0.0,0.0,0
2014-11-01,541,1,0,0.0,0.0,1.0,0.0,0.0,0
2014-12-01,541,1,0,0.0,0.0,1.0,0.0,0.0,0
2015-01-01,541,1,0,0.0,0.0,1.0,0.0,0.0,0
2015-02-01,541,1,0,0.0,0.0,1.0,0.0,0.0,0
2015-03-01,541,1,0,0.0,0.0,1.0,0.0,0.0,0
2015-04-01,541,1,0,0.0,0.0,1.0,0.0,0.0,0
2015-05-01,541,1,0,0.0,0.0,1.0,0.0,0.0,0
2015-06-01,541,1,0,0.0,0.0,1.0,0.0,0.0,0
2015-07-01,541,1,0,0.0,0.0,1.0,0.0,0.0,0
2015-08-01,541,1,0,0.0,0.0,1.0,0.0,0.0,0
2015-09-01,541,1,0,0.0,0.0,1.0,0.0,0.0,0
2015-10-01,541,1,0,0.0,0.0,1.0,0.0,0.0,0
2015-11-01,541,1,0,0.0,0.0,1.0,0.0,0.0,0
2015-12-01,541,1,0,0.0,0.0,1.0,0.0,0.0,0
2016-01-01,541,1,0,0.0,0.0,1.0,0.0,0.0,0
2016-02-01,541,1,0,0.0,0.0,1.0,0.0,0.0,0
2016-03-01,541,1,0,0.0,0.0,1.0,0.0,0.0,0
2016-04-01,541,1,0,0.0,0.0,1.0,0.0,0.0,0
2016-05-01,541,1,0,0.0,0.0,1.0,0.0,0.0,0
2016-06-01,541,1,0,0.0,0.0,1.0,0.0,0.0,0
2016-07-01,541,1,0,0.0,0.0,1.0,0.0,0.0,0
2016-08-01,541,1,0,0.0,0.0,1.0,0.0,0.0,0
2016-09-01,541,1,0,0.0,0.0,1.0,0.0,0.0,0
2016-10-01,541,1,0,0.0,0.0,1.0,0.0,0.0,0
2016-11-01,541,1,0,0.0,0.0,1.0,0.0,0.0,0
2016-12-01,541,0,1,0.0,0.0,1.0,0.0,0.0,1
2017-01-01,541,0,1,0.0,0.0,0.0,0.0,0.0,2
2017-02-01,541,0,0,0.0,0.0,0.0,0.0,0.0,3
2017-03-01,541,0,1,0.0,0.0,0.0,0.0,0.0,4
2017-04-01,541,0,0,0.0,0.0,0.0,0.0,0.0,5
2017-05-01,541,0,0,0.0,0.0,0.0,0.0,0.0,6
2017-06-01,541,1,0,0.0,0.0,0.0,0.0,0.0,0
2017-07-01,541,1,0,0.0,0.0,1.0,0.0,0.0,0
2017-08-01,541,1,0,0.0,0.0,1.0,0.0,0.0,0
2017-09-01,541,1,0,0.0,0.0,1.0,0.0,0.0,0
2017-10-01,541,1,0,0.0,0.0,1.0,0.0,0.0,0
2017-11-01,541,1,0,0.0,0.0,1.0,0.0,0.0,0
2017-12-01,541,1,0,0.0,0.0,1.0,0.0,0.0,0
2018-01-01,541,1,0,0.0,0.0,1.0,0.0,0.0,0
2018-02-01,541,1,0,0.0,0.0,1.0,0.0,0.0,0
2018-03-01,541,1,0,0.0,0.0,1.0,0.0,0.0,0
2018-04-01,541,1,0,0.0,0.0,1.0,0.0,0.0,0
2018-05-01,541,1,0,0.0,0.0,1.0,0.0,0.0,0
2018-06-01,541,1,0,0.0,0.0,1.0,0.0,0.0,0
2018-07-01,541,1,0,0.0,0.0,1.0,0.0,0.0,0
2018-08-01,541,1,0,0.0,0.0,1.0,0.0,0.0,0
2018-09-01,541,1,0,0.0,0.0,1.0,0.0,0.0,0
2018-10-01,541,1,0,0.0,0.0,1.0,0.0,0.0,0
2018-11-01,541,1,0,0.0,0.0,1.0,0.0,0.0,0
2018-12-01,541,1,0,0.0,0.0,1.0,0.0,0.0,0
2019-01-01,541,1,0,0.0,0.0,1.0,0.0,0.0,0
2019-02-01,541,1,0,0.0,0.0,1.0,0.0,0.0,0
2019-03-01,541,1,0,0.0,0.0,1.0,0.0,0.0,0
2019-04-01,541,1,0,0.0,0.0,1.0,0.0,0.0,0
2019-05-01,541,1,0,0.0,0.0,1.0,0.0,0.0,0
2019-06-01,541,1,0,0.0,0.0,1.0,0.0,0.0,0
2019-07-01,541,1,0,0.0,0.0,1.0,0.0,0.0,0
2019-08-01,541,1,0,0.0,0.0,1.0,0.0,0.0,0
2019-09-01,541,1,0,0.0,0.0,1.0,0.0,0.0,0
2019-10-01,541,1,0,0.0,0.0,1.0,0.0,0.0,0
2019-11-01,541,1,0,0.0,0.0,1.0,0.0,0.0,0
2019-12-01,541,1,0,0.0,0.0,1.0,0.0,0.0,0
2020-01-01,541,1,0,0.0,0.0,1.0,0.0,0.0,0
2020-02-01,541,1,0,0.0,0.0,1.0,0.0,0.0,0
2020-03-01,541,1,0,0.0,0.0,1.0,0.0,0.0,0
2020-04-01,541,1,0,0.0,0.0,1.0,0.0,0.0,0
2020-05-01,541,1,0,0.0,0.0,1.0,0.0,0.0,0
2020-06-01,541,1,0,0.0,0.0,1.0,0.0,0.0,0
2020-07-01,541,1,0,0.0,0.0,1.0,0.0,0.0,0
2020-08-01,541,1,0,0.0,0.0,1.0,0.0,0.0,0
2020-09-01,541,1,0,0.0,0.0,1.0,0.0,0.0,0
2020-10-01,541,0,1,0.0,0.0,1.0,0.0,0.0,1
1994-01-01,570,0,1,1.0,0.0,,,,1
1994-02-01,570,0,0,1.0,0.0,0.0,1.0,0.0,2
1989-02-01,600,0,0,0.0,0.0,,,,1
1989-03-01,600,0,0,0.0,0.0,0.0,0.0,0.0,2
2011-08-01,620,0,1,0.0,0.0,,,,1
2011-09-01,620,0,1,0.0,0.0,0.0,0.0,0.0,2
2011-10-01,620,0,1,0.0,0.0,0.0,0.0,0.0,3
2011-11-01,620,1,0,0.0,0.0,0.0,0.0,0.0,0
2011-12-01,620,1,0,0.0,0.0,1.0,0.0,0.0,0
2012-01-01,620,1,0,0.0,0.0,1.0,0.0,0.0,0
2012-02-01,620,1,0,0.0,0.0,1.0,0.0,0.0,0
2012-03-01,620,1,0,0.0,0.0,1.0,0.0,0.0,0
2012-04-01,620,1,0,0.0,0.0,1.0,0.0,0.0,0
2012-05-01,620,1,0,0.0,0.0,1.0,0.0,0.0,0
2012-06-01,620,0,1,-1.0,0.0,1.0,0.0,0.0,1
2012-07-01,620,1,0,0.0,0.0,0.0,-1.0,0.0,0
2012-08-01,620,1,0,0.0,0.0,1.0,0.0,0.0,0
2012-09-01,620,1,0,0.0,0.0,1.0,0.0,0.0,0
2012-10-01,620,1,0,0.0,0.0,1.0,0.0,0.0,0
2012-11-01,620,1,0,0.0,0.0,1.0,0.0,0.0,0
2012-12-01,620,1,0,0.0,0.0,1.0,0.0,0.0,0
2013-01-01,620,1,0,0.0,0.0,1.0,0.0,0.0,0
2013-02-01,620,1,0,0.0,0.0,1.0,0.0,0.0,0
2013-03-01,620,1,0,0.0,0.0,1.0,0.0,0.0,0
2013-04-01,620,1,0,0.0,0.0,1.0,0.0,0.0,0
2013-05-01,620,1,0,0.0,0.0,1.0,0.0,0.0,0
2013-06-01,620,1,0,0.0,0.0,1.0,0.0,0.0,0
2013-07-01,620,1,0,0.0,0.0,1.0,0.0,0.0,0
2013-08-01,620,1,0,0.0,0.0,1.0,0.0,0.0,0
2013-09-01,620,1,0,0.0,0.0,1.0,0.0,0.0,0
2013-10-01,620,1,0,0.0,0.0,1.0,0.0,0.0,0
2013-11-01,620,1,0,0.0,0.0,1.0,0.0,0.0,0
2013-12-01,620,1,0,0.0,0.0,1.0,0.0,0.0,0
2014-01-01,620,1,0,0.0,0.0,1.0,0.0,0.0,0
2014-02-01,620,1,0,0.0,0.0,1.0,0.0,0.0,0
2014-03-01,620,1,0,0.0,0.0,1.0,0.0,0.0,0
2014-04-01,620,1,0,0.0,0.0,1.0,0.0,0.0,0
2014-05-01,620,1,0,0.0,0.0,1.0,0.0,0.0,0
2014-06-01,620,1,0,0.0,0.0,1.0,0.0,0.0,0
2014-07-01,620,1,0,0.0,0.0,1.0,0.0,0.0,0
2014-08-01,620,1,0,0.0,0.0,1.0,0.0,0.0,0
2014-09-01,620,1,0,0.0,0.0,1.0,0.0,0.0,0
2014-10-01,620,1,0,0.0,0.0,1.0,0.0,0.0,0
2014-11-01,620,1,0,0.0,0.0,1.0,0.0,0.0,0
2014-12-01,620,1,0,0.0,0.0,1.0,0.0,0.0,0
2015-01-01,620,1,0,0.0,0.0,1.0,0.0,0.0,0
2015-02-01,620,1,0,0.0,0.0,1.0,0.0,0.0,0
2015-03-01,620,1,0,0.0,0.0,1.0,0.0,0.0,0
2015-04-01,620,1,0,0.0,0.0,1.0,0.0,0.0,0
2015-05-01,620,1,0,0.0,0.0,1.0,0.0,0.0,0
2015-06-01,620,1,0,0.0,0.0,1.0,0.0,0.0,0
2015-07-01,620,1,0,0.0,0.0,1.0,0.0,0.0,0
2015-08-01,620,1,0,0.0,0.0,1.0,0.0,0.0,0
2015-09-01,620,1,0,0.0,0.0,1.0,0.0,0.0,0
2015-10-01,620,1,0,0.0,0.0,1.0,0.0,0.0,0
2015-11-01,620,1,0,0.0,0.0,1.0,0.0,0.0,0
2015-12-01,620,1,0,0.0,0.0,1.0,0.0,0.0,0
2016-01-01,620,1,0,0.0,0.0,1.0,0.0,0.0,0
2016-02-01,620,1,0,0.0,0.0,1.0,0.0,0.0,0
2016-03-01,620,1,0,0.0,0.0,1.0,0.0,0.0,0
2016-04-01,620,1,0,0.0,0.0,1.0,0.0,0.0,0
2016-05-01,620,1,0,0.0,0.0,1.0,0.0,0.0,0
2016-06-01,620,1,0,0.0,0.0,1.0,0.0,0.0,0
2016-07-01,620,1,0,0.0,0.0,1.0,0.0,0.0,0
2016-08-01,620,1,0,0.0,0.0,1.0,0.0,0.0,0
2016-09-01,620,1,0,0.0,0.0,1.0,0.0,0.0,0
2016-10-01,620,1,0,0.0,0.0,1.0,0.0,0.0,0
2016-11-01,620,1,0,0.0,0.0,1.0,0.0,0.0,0
2016-12-01,620,1,0,0.0,0.0,1.0,0.0,0.0,0
2017-01-01,620,1,0,0.0,0.0,1.0,0.0,0.0,0
2017-02-01,620,1,0,0.0,0.0,1.0,0.0,0.0,0
2017-03-01,620,0,1,0.0,0.0,1.0,0.0,0.0,1
2017-04-01,620,0,0,0.0,0.0,0.0,0.0,0.0,2
2017-05-01,620,0,1,-1.0,0.0,0.0,0.0,0.0,3
2017-06-01,620,1,0,0.0,0.0,0.0,-1.0,0.0,0
2017-07-01,620,1,0,0.0,0.0,1.0,0.0,0.0,0
2017-08-01,620,1,0,0.0,0.0,1.0,0.0,0.0,0
2017-09-01,620,1,0,0.0,0.0,1.0,0.0,0.0,0
2017-10-01,620,1,0,0.0,0.0,1.0,0.0,0.0,0
2017-11-01,620,1,0,0.0,0.0,1.0,0.0,0.0,0
2017-12-01,620,1,0,0.0,0.0,1.0,0.0,0.0,0
2018-01-01,620,1,0,0.0,0.0,1.0,0.0,0.0,0
2018-02-01,620,1,0,0.0,0.0,1.0,0.0,0.0,0
2018-03-01,620,1,0,0.0,0.0,1.0,0.0,0.0,0
2018-04-01,620,1,0,0.0,0.0,1.0,0.0,0.0,0
2018-05-01,620,1,0,0.0,0.0,1.0,0.0,0.0,0
2018-06-01,620,1,0,0.0,0.0,1.0,0.0,0.0,0
2018-07-01,620,1,0,0.0,0.0,1.0,0.0,0.0,0
2018-08-01,620,0,1,1.0,0.0,1.0,0.0,0.0,1
2018-09-01,620,1,0,0.0,0.0,0.0,1.0,0.0,0
2018-10-01,620,1,0,0.0,0.0,1.0,0.0,0.0,0
2018-11-01,620,1,0,0.0,0.0,1.0,0.0,0.0,0
2018-12-01,620,1,0,0.0,0.0,1.0,0.0,0.0,0
2019-01-01,620,1,0,0.0,0.0,1.0,0.0,0.0,0
2019-02-01,620,1,0,0.0,0.0,1.0,0.0,0.0,0
2019-03-01,620,1,0,0.0,0.0,1.0,0.0,0.0,0
2019-04-01,620,1,0,0.0,0.0,1.0,0.0,0.0,0
2019-05-01,620,1,0,0.0,0.0,1.0,0.0,0.0,0
2019-06-01,620,1,0,0.0,0.0,1.0,0.0,0.0,0
2019-07-01,620,1,0,0.0,0.0,1.0,0.0,0.0,0
2019-08-01,620,0,1,0.0,0.0,1.0,0.0,0.0,1
1989-04-01,625,0,1,1.0,0.0,,,,1
1989-05-01,625,0,1,0.0,0.0,0.0,1.0,0.0,2
1989-06-01,625,0,1,0.0,0.0,0.0,0.0,0.0,3
1989-07-01,625,0,1,0.0,0.0,0.0,0.0,0.0,4
1989-08-01,625,0,1,0.0,0.0,0.0,0.0,0.0,5
1989-09-01,625,0,0,0.0,0.0,0.0,0.0,0.0,6
1989-10-01,625,0,0,0.0,0.0,0.0,0.0,0.0,7
1989-11-01,625,0,0,0.0,0.0,0.0,0.0,0.0,8
1989-12-01,625,1,0,0.0,0.0,0.0,0.0,0.0,0
1990-01-01,625,0,1,1.0,0.0,1.0,0.0,0.0,1
1990-02-01,625,1,0,0.0,0.0,0.0,1.0,0.0,0
1990-03-01,625,1,0,0.0,0.0,1.0,0.0,0.0,0
1990-04-01,625,1,0,0.0,0.0,1.0,0.0,0.0,0
1990-05-01,625,1,0,0.0,0.0,1.0,0.0,0.0,0
1990-06-01,625,1,0,0.0,0.0,1.0,0.0,0.0,0
1990-07-01,625,1,0,0.0,0.0,1.0,0.0,0.0,0
1990-08-01,625,1,0,0.0,0.0,1.0,0.0,0.0,0
1990-09-01,625,1,0,0.0,0.0,1.0,0.0,0.0,0
1990-10-01,625,1,0,0.0,0.0,1.0,0.0,0.0,0
1990-11-01,625,1,0,0.0,0.0,1.0,0.0,0.0,0
1990-12-01,625,1,0,0.0,0.0,1.0,0.0,0.0,0
1991-01-01,625,1,0,0.0,0.0,1.0,0.0,0.0,0
1991-02-01,625,1,0,0.0,0.0,1.0,0.0,0.0,0
1991-03-01,625,1,0,0.0,0.0,1.0,0.0,0.0,0
1991-04-01,625,1,0,0.0,0.0,1.0,0.0,0.0,0
1991-05-01,625,1,0,0.0,0.0,1.0,0.0,0.0,0
1991-06-01,625,1,0,0.0,0.0,1.0,0.0,0.0,0
1991-07-01,625,1,0,0.0,0.0,1.0,0.0,0.0,0
1991-08-01,625,1,0,0.0,0.0,1.0,0.0,0.0,0
1991-09-01,625,1,0,0.0,0.0,1.0,0.0,0.0,0
1991-10-01,625,1,0,0.0,0.0,1.0,0.0,0.0,0
1991-11-01,625,0,1,1.0,0.0,1.0,0.0,0.0,1
1991-12-01,625,1,0,0.0,0.0,0.0,1.0,0.0,0
1992-01-01,625,1,0,0.0,0.0,1.0,0.0,0.0,0
1992-02-01,625,1,0,0.0,0.0,1.0,0.0,0.0,0
1992-03-01,625,1,0,0.0,0.0,1.0,0.0,0.0,0
1992-04-01,625,1,0,0.0,0.0,1.0,0.0,0.0,0
1992-05-01,625,1,0,0.0,0.0,1.0,0.0,0.0,0
1992-06-01,625,1,0,0.0,0.0,1.0,0.0,0.0,0
1992-07-01,625,1,0,0.0,0.0,1.0,0.0,0.0,0
1992-08-01,625,1,0,0.0,0.0,1.0,0.0,0.0,0
1992-09-01,625,0,0,1.0,0.0,1.0,0.0,0.0,1
1992-10-01,625,1,0,0.0,0.0,0.0,1.0,0.0,0
1992-11-01,625,1,0,0.0,0.0,1.0,0.0,0.0,0
1992-12-01,625,1,0,0.0,0.0,1.0,0.0,0.0,0
1993-01-01,625,1,0,0.0,0.0,1.0,0.0,0.0,0
1993-02-01,625,1,0,0.0,0.0,1.0,0.0,0.0,0
1993-03-01,625,0,1,0.0,0.0,1.0,0.0,0.0,1
1993-04-01,625,0,1,0.0,0.0,0.0,0.0,0.0,2
1993-05-01,625,0,0,0.0,0.0,0.0,0.0,0.0,3
1993-06-01,625,1,0,0.0,0.0,0.0,0.0,0.0,0
1993-07-01,625,1,0,0.0,0.0,1.0,0.0,0.0,0
1993-08-01,625,1,0,0.0,0.0,1.0,0.0,0.0,0
1993-09-01,625,1,0,0.0,0.0,1.0,0.0,0.0,0
1993-10-01,625,1,0,0.0,0.0,1.0,0.0,0.0,0
1993-11-01,625,1,0,0.0,0.0,1.0,0.0,0.0,0
1993-12-01,625,1,0,0.0,0.0,1.0,0.0,0.0,0
1994-01-01,625,1,0,0.0,0.0,1.0,0.0,0.0,0
1994-02-01,625,1,0,0.0,0.0,1.0,0.0,0.0,0
1994-03-01,625,1,0,0.0,0.0,1.0,0.0,0.0,0
1994-04-01,625,1,0,0.0,0.0,1.0,0.0,0.0,0
1994-05-01,625,1,0,0.0,0.0,1.0,0.0,0.0,0
1994-06-01,625,1,0,0.0,0.0,1.0,0.0,0.0,0
1994-07-01,625,1,0,0.0,0.0,1.0,0.0,0.0,0
1994-08-01,625,1,0,0.0,0.0,1.0,0.0,0.0,0
1994-09-01,625,1,0,0.0,0.0,1.0,0.0,0.0,0
1994-10-01,625,1,0,0.0,0.0,1.0,0.0,0.0,0
1994-11-01,625,1,0,0.0,0.0,1.0,0.0,0.0,0
1994-12-01,625,1,0,0.0,0.0,1.0,0.0,0.0,0
1995-01-01,625,1,0,0.0,0.0,1.0,0.0,0.0,0
1995-02-01,625,1,0,0.0,0.0,1.0,0.0,0.0,0
1995-03-01,625,0,1,1.0,0.0,1.0,0.0,0.0,1
1995-04-01,625,0,1,0.0,0.0,0.0,1.0,0.0,2
1995-05-01,625,0,1,0.0,0.0,0.0,0.0,0.0,3
1995-06-01,625,0,1,0.0,0.0,0.0,0.0,0.0,4
1995-07-01,625,0,0,0.0,0.0,0.0,0.0,0.0,5
1995-08-01,625,1,0,0.0,0.0,0.0,0.0,0.0,0
1995-09-01,625,1,0,0.0,0.0,1.0,0.0,0.0,0
1995-10-01,625,1,0,0.0,0.0,1.0,0.0,0.0,0
1995-11-01,625,1,0,0.0,0.0,1.0,0.0,0.0,0
1995-12-01,625,1,0,0.0,0.0,1.0,0.0,0.0,0
1996-01-01,625,1,0,0.0,0.0,1.0,0.0,0.0,0
1996-02-01,625,0,0,0.0,0.0,1.0,0.0,0.0,1
1996-03-01,625,0,1,0.0,0.0,0.0,0.0,0.0,2
1996-04-01,625,1,0,0.0,0.0,0.0,0.0,0.0,0
1996-05-01,625,1,0,0.0,0.0,1.0,0.0,0.0,0
1996-06-01,625,1,0,0.0,0.0,1.0,0.0,0.0,0
1996-07-01,625,1,0,0.0,0.0,1.0,0.0,0.0,0
1996-08-01,625,1,0,0.0,0.0,1.0,0.0,0.0,0
1996-09-01,625,1,0,0.0,0.0,1.0,0.0,0.0,0
1996-10-01,625,1,0,0.0,0.0,1.0,0.0,0.0,0
1996-11-01,625,1,0,0.0,0.0,1.0,0.0,0.0,0
1996-12-01,625,1,0,0.0,0.0,1.0,0.0,0.0,0
1997-01-01,625,1,0,0.0,0.0,1.0,0.0,0.0,0
1997-02-01,625,1,0,0.0,0.0,1.0,0.0,0.0,0
1997-03-01,625,1,0,0.0,0.0,1.0,0.0,0.0,0
1997-04-01,625,1,0,0.0,0.0,1.0,0.0,0.0,0
1997-05-01,625,1,0,0.0,0.0,1.0,0.0,0.0,0
1997-06-01,625,1,0,0.0,0.0,1.0,0.0,0.0,0
1997-07-01,625,1,0,0.0,0.0,1.0,0.0,0.0,0
1997-08-01,625,1,0,0.0,0.0,1.0,0.0,0.0,0
1997-09-01,625,1,0,0.0,0.0,1.0,0.0,0.0,0
1997-10-01,625,1,0,0.0,0.0,1.0,0.0,0.0,0
1997-11-01,625,1,0,0.0,0.0,1.0,0.0,0.0,0
1997-12-01,625,1,0,0.0,0.0,1.0,0.0,0.0,0
1998-01-01,625,1,0,0.0,0.0,1.0,0.0,0.0,0
1998-02-01,625,1,0,0.0,0.0,1.0,0.0,0.0,0
1998-03-01,625,1,0,0.0,0.0,1.0,0.0,0.0,0
1998-04-01,625,1,0,0.0,0.0,1.0,0.0,0.0,0
1998-05-01,625,1,0,0.0,0.0,1.0,0.0,0.0,0
1998-06-01,625,1,0,0.0,0.0,1.0,0.0,0.0,0
1998-07-01,625,0,1,1.0,0.0,1.0,0.0,0.0,1
1998-08-01,625,0,1,0.0,0.0,0.0,1.0,0.0,2
1998-09-01,625,0,1,0.0,0.0,0.0,0.0,0.0,3
1998-10-01,625,0,1,0.0,0.0,0.0,0.0,0.0,4
1998-11-01,625,0,0,0.0,0.0,0.0,0.0,0.0,5
1998-12-01,625,0,0,0.0,0.0,0.0,0.0,0.0,6
1999-01-01,625,0,1,0.0,0.0,0.0,0.0,0.0,7
1999-02-01,625,0,0,0.0,0.0,0.0,0.0,0.0,8
1999-03-01,625,0,0,0.0,0.0,0.0,0.0,0.0,9
1999-04-01,625,0,1,0.0,0.0,0.0,0.0,0.0,10
1999-05-01,625,0,0,0.0,0.0,0.0,0.0,0.0,11
1999-06-01,625,0,0,0.0,0.0,0.0,0.0,0.0,12
1999-07-01,625,0,1,0.0,0.0,0.0,0.0,0.0,13
1999-08-01,625,0,1,0.0,0.0,0.0,0.0,0.0,14
1999-09-01,625,0,0,0.0,0.0,0.0,0.0,0.0,15
1999-10-01,625,0,1,0.0,0.0,0.0,0.0,0.0,16
1999-11-01,625,0,0,0.0,0.0,0.0,0.0,0.0,17
1999-12-01,625,0,0,0.0,0.0,0.0,0.0,0.0,18
2000-01-01,625,0,1,0.0,0.0,0.0,0.0,0.0,19
2000-02-01,625,0,1,1.0,0.0,0.0,0.0,0.0,20
2000-03-01,625,0,0,1.0,0.0,0.0,1.0,0.0,21
2000-04-01,625,0,0,0.0,0.0,0.0,1.0,0.0,22
2000-05-01,625,1,0,0.0,0.0,0.0,0.0,0.0,0
2000-06-01,625,1,0,0.0,0.0,1.0,0.0,0.0,0
2000-07-01,625,1,0,0.0,0.0,1.0,0.0,0.0,0
2000-08-01,625,1,0,0.0,0.0,1.0,0.0,0.0,0
2000-09-01,625,0,1,0.0,0.0,1.0,0.0,0.0,1
2000-10-01,625,0,1,-1.0,0.0,0.0,0.0,0.0,2
2000-11-01,625,1,0,0.0,0.0,0.0,-1.0,0.0,0
2000-12-01,625,1,0,0.0,0.0,1.0,0.0,0.0,0
2001-01-01,625,1,0,0.0,0.0,1.0,0.0,0.0,0
2001-02-01,625,1,0,0.0,0.0,1.0,0.0,0.0,0
2001-03-01,625,1,0,0.0,0.0,1.0,0.0,0.0,0
2001-04-01,625,1,0,0.0,0.0,1.0,0.0,0.0,0
2001-05-01,625,1,0,0.0,0.0,1.0,0.0,0.0,0
2001-06-01,625,0,1,0.0,0.0,1.0,0.0,0.0,1
2001-07-01,625,1,0,0.0,0.0,0.0,0.0,0.0,0
2001-08-01,625,1,0,0.0,0.0,1.0,0.0,0.0,0
2001-09-01,625,1,0,0.0,0.0,1.0,0.0,0.0,0
2001-10-01,625,1,0,0.0,0.0,1.0,0.0,0.0,0
2001-11-01,625,0,1,1.0,0.0,1.0,0.0,0.0,1
2001-12-01,625,0,1,1.0,0.0,0.0,1.0,0.0,2
2002-01-01,625,0,1,1.0,0.0,0.0,1.0,0.0,3
2002-02-01,625,0,0,1.0,0.0,0.0,1.0,0.0,4
2002-03-01,625,0,0,1.0,0.0,0.0,1.0,0.0,5
2002-04-01,625,0,0,1.0,0.0,0.0,1.0,0.0,6
2002-05-01,625,0,0,1.0,0.0,0.0,1.0,0.0,7
2002-06-01,625,0,1,1.0,0.0,0.0,1.0,0.0,8
2002-07-01,625,0,1,0.0,0.0,0.0,1.0,0.0,9
2002-08-01,625,0,0,0.0,0.0,0.0,0.0,0.0,10
2002-09-01,625,0,0,0.0,0.0,0.0,0.0,0.0,11
2002-10-01,625,0,1,1.0,0.0,0.0,0.0,0.0,12
2002-11-01,625,0,1,1.0,0.0,0.0,1.0,0.0,13
2002-12-01,625,0,1,0.0,0.0,0.0,1.0,0.0,14
2003-01-01,625,0,0,0.0,0.0,0.0,0.0,0.0,15
2003-02-01,625,0,0,0.0,0.0,0.0,0.0,0.0,16
2003-03-01,625,0,1,1.0,0.0,0.0,0.0,0.0,17
2003-04-01,625,0,0,1.0,0.0,0.0,1.0,0.0,18
2003-05-01,625,0,0,1.0,0.0,0.0,1.0,0.0,19
2003-06-01,625,0,1,1.0,0.0,0.0,1.0,0.0,20
2003-07-01,625,0,1,0.0,0.0,0.0,1.0,0.0,21
2003-08-01,625,0,0,0.0,0.0,0.0,0.0,0.0,22
2003-09-01,625,0,1,1.0,0.0,0.0,0.0,0.0,23
2003-10-01,625,0,0,0.0,0.0,0.0,1.0,0.0,24
2003-11-01,625,0,1,0.0,0.0,0.0,0.0,0.0,25
2003-12-01,625,0,1,1.0,0.0,0.0,0.0,0.0,26
2004-01-01,625,0,1,0.0,0.0,0.0,1.0,0.0,27
2004-02-01,625,0,1,1.0,0.0,0.0,0.0,0.0,28
2004-03-01,625,0,0,1.0,0.0,0.0,1.0,0.0,29
2004-04-01,625,0,1,1.0,0.0,0.0,1.0,0.0,30
2004-05-01,625,0,1,0.0,0.0,0.0,1.0,0.0,31
2004-06-01,625,0,1,1.0,0.0,0.0,0.0,0.0,32
2004-07-01,625,0,1,0.0,0.0,0.0,1.0,0.0,33
2004-08-01,625,0,1,0.0,2.0,0.0,0.0,0.0,34
2004-09-01,625,0,0,1.0,2.0,0.0,0.0,2.0,35
2004-10-01,625,0,0,1.0,2.0,0.0,1.0,2.0,36
2004-11-01,625,0,0,1.0,2.0,0.0,1.0,2.0,37
2004-12-01,625,0,1,1.0,2.0,0.0,1.0,2.0,38
2005-01-01,625,0,1,0.0,2.0,0.0,1.0,2.0,39
2005-02-01,625,0,0,1.0,2.0,0.0,0.0,2.0,40
2005-03-01,625,0,0,1.0,2.0,0.0,1.0,2.0,41
2005-04-01,625,1,0,0.0,0.0,0.0,1.0,2.0,0
2005-05-01,625,1,0,0.0,0.0,1.0,0.0,0.0,0
2005-06-01,625,1,0,0.0,0.0,1.0,0.0,0.0,0
2005-07-01,625,1,0,0.0,0.0,1.0,0.0,0.0,0
2005-08-01,625,1,0,0.0,0.0,1.0,0.0,0.0,0
2005-09-01,625,1,0,0.0,0.0,1.0,0.0,0.0,0
2005-10-01,625,1,0,0.0,0.0,1.0,0.0,0.0,0
2005-11-01,625,1,0,0.0,0.0,1.0,0.0,0.0,0
2005-12-01,625,1,0,0.0,0.0,1.0,0.0,0.0,0
2006-01-01,625,1,0,0.0,0.0,1.0,0.0,0.0,0
2006-02-01,625,1,0,0.0,0.0,1.0,0.0,0.0,0
2006-03-01,625,1,0,0.0,0.0,1.0,0.0,0.0,0
2006-04-01,625,0,1,0.0,2.0,1.0,0.0,0.0,1
2006-05-01,625,0,0,0.0,2.0,0.0,0.0,2.0,2
2006-06-01,625,0,1,1.0,2.0,0.0,0.0,2.0,3
2006-07-01,625,0,0,1.0,2.0,0.0,1.0,2.0,4
2006-08-01,625,0,0,1.0,2.0,0.0,1.0,2.0,5
2006-09-01,625,0,0,1.0,2.0,0.0,1.0,2.0,6
2006-10-01,625,0,0,1.0,2.0,0.0,1.0,2.0,7
2006-11-01,625,1,0,0.0,0.0,0.0,1.0,2.0,0
2006-12-01,625,1,0,0.0,0.0,1.0,0.0,0.0,0
2007-01-01,625,1,0,0.0,0.0,1.0,0.0,0.0,0
2007-02-01,625,1,0,0.0,0.0,1.0,0.0,0.0,0
2007-03-01,625,1,0,0.0,0.0,1.0,0.0,0.0,0
2007-04-01,625,1,0,0.0,0.0,1.0,0.0,0.0,0
2007-05-01,625,1,0,0.0,0.0,1.0,0.0,0.0,0
2007-06-01,625,1,0,0.0,0.0,1.0,0.0,0.0,0
2007-07-01,625,1,0,0.0,0.0,1.0,0.0,0.0,0
2007-08-01,625,1,0,0.0,0.0,1.0,0.0,0.0,0
2007-09-01,625,1,0,0.0,0.0,1.0,0.0,0.0,0
2007-10-01,625,1,0,0.0,0.0,1.0,0.0,0.0,0
2007-11-01,625,1,0,0.0,0.0,1.0,0.0,0.0,0
2007-12-01,625,1,0,0.0,0.0,1.0,0.0,0.0,0
2008-01-01,625,1,0,0.0,0.0,1.0,0.0,0.0,0
2008-02-01,625,1,0,0.0,0.0,1.0,0.0,0.0,0
2008-03-01,625,1,0,0.0,0.0,1.0,0.0,0.0,0
2008-04-01,625,1,0,0.0,0.0,1.0,0.0,0.0,0
2008-05-01,625,1,0,0.0,0.0,1.0,0.0,0.0,0
2008-06-01,625,1,0,0.0,0.0,1.0,0.0,0.0,0
2008-07-01,625,1,0,0.0,0.0,1.0,0.0,0.0,0
2008-08-01,625,1,0,0.0,0.0,1.0,0.0,0.0,0
2008-09-01,625,1,0,0.0,0.0,1.0,0.0,0.0,0
2008-10-01,625,1,0,0.0,0.0,1.0,0.0,0.0,0
2008-11-01,625,1,0,0.0,0.0,1.0,0.0,0.0,0
2008-12-01,625,1,0,0.0,0.0,1.0,0.0,0.0,0
2009-01-01,625,1,0,0.0,0.0,1.0,0.0,0.0,0
2009-02-01,625,1,0,0.0,0.0,1.0,0.0,0.0,0
2009-03-01,625,1,0,0.0,0.0,1.0,0.0,0.0,0
2009-04-01,625,1,0,0.0,0.0,1.0,0.0,0.0,0
2009-05-01,625,1,0,0.0,0.0,1.0,0.0,0.0,0
2009-06-01,625,1,0,0.0,0.0,1.0,0.0,0.0,0
2009-07-01,625,1,0,0.0,0.0,1.0,0.0,0.0,0
2009-08-01,625,1,0,0.0,0.0,1.0,0.0,0.0,0
2009-09-01,625,1,0,0.0,0.0,1.0,0.0,0.0,0
2009-10-01,625,1,0,0.0,0.0,1.0,0.0,0.0,0
2009-11-01,625,1,0,0.0,0.0,1.0,0.0,0.0,0
2009-12-01,625,1,0,0.0,0.0,1.0,0.0,0.0,0
2010-01-01,625,1,0,0.0,0.0,1.0,0.0,0.0,0
2010-02-01,625,1,0,0.0,0.0,1.0,0.0,0.0,0
2010-03-01,625,0,1,1.0,2.0,1.0,0.0,0.0,1
2010-04-01,625,0,0,1.0,2.0,0.0,1.0,2.0,2
2010-05-01,625,0,0,1.0,2.0,0.0,1.0,2.0,3
2010-06-01,625,0,0,1.0,2.0,0.0,1.0,2.0,4
2010-07-01,625,0,0,1.0,2.0,0.0,1.0,2.0,5
2010-08-01,625,1,0,0.0,0.0,0.0,1.0,2.0,0
2010-09-01,625,1,0,0.0,0.0,1.0,0.0,0.0,0
2010-10-01,625,1,0,0.0,0.0,1.0,0.0,0.0,0
2010-11-01,625,1,0,0.0,0.0,1.0,0.0,0.0,0
2010-12-01,625,1,0,0.0,0.0,1.0,0.0,0.0,0
2011-01-01,625,0,1,1.0,2.0,1.0,0.0,0.0,1
2011-02-01,625,0,0,1.0,2.0,0.0,1.0,2.0,2
2011-03-01,625,0,0,1.0,2.0,0.0,1.0,2.0,3
2011-04-01,625,0,0,1.0,2.0,0.0,1.0,2.0,4
2011-05-01,625,1,0,0.0,0.0,0.0,1.0,2.0,0
2011-06-01,625,1,0,0.0,0.0,1.0,0.0,0.0,0
2011-07-01,625,1,0,0.0,0.0,1.0,0.0,0.0,0
2011-08-01,625,1,0,0.0,0.0,1.0,0.0,0.0,0
2011-09-01,625,1,0,0.0,0.0,1.0,0.0,0.0,0
2011-10-01,625,1,0,0.0,0.0,1.0,0.0,0.0,0
2011-11-01,625,1,0,0.0,0.0,1.0,0.0,0.0,0
2011-12-01,625,1,0,0.0,0.0,1.0,0.0,0.0,0
2012-01-01,625,1,0,0.0,0.0,1.0,0.0,0.0,0
2012-02-01,625,1,0,0.0,0.0,1.0,0.0,0.0,0
2012-03-01,625,1,0,0.0,0.0,1.0,0.0,0.0,0
2012-04-01,625,1,0,0.0,0.0,1.0,0.0,0.0,0
2012-05-01,625,1,0,0.0,0.0,1.0,0.0,0.0,0
2012-06-01,625,1,0,0.0,0.0,1.0,0.0,0.0,0
2012-07-01,625,1,0,0.0,0.0,1.0,0.0,0.0,0
2012-08-01,625,1,0,0.0,0.0,1.0,0.0,0.0,0
2012-09-01,625,1,0,0.0,0.0,1.0,0.0,0.0,0
2012-10-01,625,1,0,0.0,0.0,1.0,0.0,0.0,0
2012-11-01,625,1,0,0.0,0.0,1.0,0.0,0.0,0
2012-12-01,625,1,0,0.0,0.0,1.0,0.0,0.0,0
2013-01-01,625,1,1,0.0,0.0,1.0,0.0,0.0,0
2013-02-01,625,0,0,1.0,2.0,1.0,0.0,0.0,1
2013-03-01,625,0,0,1.0,2.0,0.0,1.0,2.0,2
2013-04-01,625,0,0,1.0,2.0,0.0,1.0,2.0,3
2013-05-01,625,1,0,0.0,0.0,0.0,1.0,2.0,0
2013-06-01,625,1,0,0.0,0.0,1.0,0.0,0.0,0
2013-07-01,625,1,0,0.0,0.0,1.0,0.0,0.0,0
2013-08-01,625,0,1,0.0,2.0,1.0,0.0,0.0,1
2013-09-01,625,0,0,0.0,2.0,0.0,0.0,2.0,2
2013-10-01,625,1,1,0.0,0.0,0.0,0.0,2.0,0
2013-11-01,625,0,0,0.0,2.0,1.0,0.0,0.0,1
2013-12-01,625,1,0,0.0,0.0,0.0,0.0,2.0,0
2014-01-01,625,1,0,0.0,0.0,1.0,0.0,0.0,0
2014-02-01,625,1,0,0.0,0.0,1.0,0.0,0.0,0
2014-03-01,625,1,0,0.0,0.0,1.0,0.0,0.0,0
2014-04-01,625,1,0,0.0,0.0,1.0,0.0,0.0,0
2014-05-01,625,1,0,0.0,0.0,1.0,0.0,0.0,0
2014-06-01,625,1,0,0.0,0.0,1.0,0.0,0.0,0
2014-07-01,625,1,0,0.0,0.0,1.0,0.0,0.0,0
2014-08-01,625,0,1,0.0,2.0,1.0,0.0,0.0,1
2014-09-01,625,0,0,0.0,2.0,0.0,0.0,2.0,2
2014-10-01,625,0,0,0.0,2.0,0.0,0.0,2.0,3
2014-11-01,625,1,0,0.0,0.0,0.0,0.0,2.0,0
2014-12-01,625,1,0,0.0,0.0,1.0,0.0,0.0,0
2015-01-01,625,1,0,0.0,0.0,1.0,0.0,0.0,0
2015-02-01,625,1,0,0.0,0.0,1.0,0.0,0.0,0
2015-03-01,625,1,0,0.0,0.0,1.0,0.0,0.0,0
2015-04-01,625,1,0,0.0,0.0,1.0,0.0,0.0,0
2015-05-01,625,1,0,0.0,0.0,1.0,0.0,0.0,0
2015-06-01,625,1,0,0.0,0.0,1.0,0.0,0.0,0
2015-07-01,625,1,0,0.0,0.0,1.0,0.0,0.0,0
2015-08-01,625,1,0,0.0,0.0,1.0,0.0,0.0,0
2015-09-01,625,0,1,0.0,2.0,1.0,0.0,0.0,1
2015-10-01,625,0,1,0.0,2.0,0.0,0.0,2.0,2
2015-11-01,625,0,0,0.0,2.0,0.0,0.0,2.0,3
2015-12-01,625,0,0,0.0,2.0,0.0,0.0,2.0,4
2016-01-01,625,0,0,0.0,2.0,0.0,0.0,2.0,5
2016-02-01,625,0,0,0.0,2.0,0.0,0.0,2.0,6
2016-03-01,625,0,0,0.0,2.0,0.0,0.0,2.0,7
2016-04-01,625,0,1,0.0,2.0,0.0,0.0,2.0,8
2016-05-01,625,0,0,0.0,2.0,0.0,0.0,2.0,9
2016-06-01,625,0,1,0.0,2.0,0.0,0.0,2.0,10
2016-07-01,625,0,0,0.0,2.0,0.0,0.0,2.0,11
2016-08-01,625,0,0,0.0,2.0,0.0,0.0,2.0,12
2016-09-01,625,0,0,0.0,2.0,0.0,0.0,2.0,13
2016-10-01,625,0,1,0.0,2.0,0.0,0.0,2.0,14
2016-11-01,625,0,1,0.0,2.0,0.0,0.0,2.0,15
2016-12-01,625,0,1,0.0,2.0,0.0,0.0,2.0,16
2017-01-01,625,0,1,0.0,2.0,0.0,0.0,2.0,17
2017-02-01,625,0,0,0.0,2.0,0.0,0.0,2.0,18
2017-03-01,625,0,0,0.0,2.0,0.0,0.0,2.0,19
2017-04-01,625,0,0,0.0,2.0,0.0,0.0,2.0,20
2017-05-01,625,0,1,0.0,2.0,0.0,0.0,2.0,21
2017-06-01,625,0,0,0.0,2.0,0.0,0.0,2.0,22
2017-07-01,625,0,1,0.0,2.0,0.0,0.0,2.0,23
2017-08-01,625,0,0,0.0,2.0,0.0,0.0,2.0,24
2017-09-01,625,0,0,0.0,2.0,0.0,0.0,2.0,25
2017-10-01,625,0,1,0.0,2.0,0.0,0.0,2.0,26
2017-11-01,625,0,1,0.0,2.0,0.0,0.0,2.0,27
2017-12-01,625,0,0,0.0,2.0,0.0,0.0,2.0,28
2018-01-01,625,0,1,0.0,2.0,0.0,0.0,2.0,29
2018-02-01,625,0,1,0.0,2.0,0.0,0.0,2.0,30
2018-03-01,625,0,1,0.0,2.0,0.0,0.0,2.0,31
2018-04-01,625,0,0,0.0,2.0,0.0,0.0,2.0,32
2018-05-01,625,0,1,0.0,2.0,0.0,0.0,2.0,33
2018-06-01,625,0,0,0.0,2.0,0.0,0.0,2.0,34
2018-07-01,625,0,0,0.0,2.0,0.0,0.0,2.0,35
2018-08-01,625,0,1,0.0,2.0,0.0,0.0,2.0,36
2018-09-01,625,0,0,0.0,2.0,0.0,0.0,2.0,37
2018-10-01,625,0,0,0.0,2.0,0.0,0.0,2.0,38
2018-11-01,625,0,0,0.0,2.0,0.0,0.0,2.0,39
2018-12-01,625,1,0,0.0,0.0,0.0,0.0,2.0,0
2019-01-01,625,1,0,0.0,0.0,1.0,0.0,0.0,0
2019-02-01,625,1,0,0.0,0.0,1.0,0.0,0.0,0
2019-03-01,625,1,0,0.0,0.0,1.0,0.0,0.0,0
2019-04-01,625,0,1,0.0,0.0,1.0,0.0,0.0,1
2019-05-01,625,0,0,0.0,0.0,0.0,0.0,0.0,2
2019-06-01,625,0,0,0.0,0.0,0.0,0.0,0.0,3
2019-07-01,625,0,1,0.0,0.0,0.0,0.0,0.0,4
2019-08-01,625,0,0,0.0,0.0,0.0,0.0,0.0,5
2019-09-01,625,0,0,0.0,0.0,0.0,0.0,0.0,6
2019-10-01,625,0,1,1.0,0.0,0.0,0.0,0.0,7
2019-11-01,625,0,0,1.0,0.0,0.0,1.0,0.0,8
2019-12-01,625,0,0,1.0,0.0,0.0,1.0,0.0,9
2020-01-01,625,0,1,0.0,0.0,0.0,1.0,0.0,10
2020-02-01,625,0,0,0.0,0.0,0.0,0.0,0.0,11
2020-03-01,625,0,1,0.0,0.0,0.0,0.0,0.0,12
2020-04-01,625,0,0,0.0,0.0,0.0,0.0,0.0,13
2020-05-01,625,0,0,0.0,0.0,0.0,0.0,0.0,14
2020-06-01,625,0,0,0.0,0.0,0.0,0.0,0.0,15
2014-01-01,626,0,1,1.0,2.0,,,,1
2014-02-01,626,0,0,1.0,2.0,0.0,1.0,2.0,2
2014-03-01,626,0,0,1.0,2.0,0.0,1.0,2.0,3
2014-04-01,626,0,0,1.0,2.0,0.0,1.0,2.0,4
2014-05-01,626,0,1,1.0,2.0,0.0,1.0,2.0,5
2014-06-01,626,0,0,1.0,2.0,0.0,1.0,2.0,6
2014-07-01,626,0,0,1.0,2.0,0.0,1.0,2.0,7
2014-08-01,626,0,0,1.0,2.0,0.0,1.0,2.0,8
2014-09-01,626,0,0,1.0,2.0,0.0,1.0,2.0,9
2014-10-01,626,0,0,1.0,2.0,0.0,1.0,2.0,10
2014-11-01,626,0,0,1.0,2.0,0.0,1.0,2.0,11
2014-12-01,626,0,0,1.0,2.0,0.0,1.0,2.0,12
2015-01-01,626,0,1,1.0,2.0,0.0,1.0,2.0,13
2015-02-01,626,0,0,1.0,2.0,0.0,1.0,2.0,14
2015-03-01,626,0,0,1.0,2.0,0.0,1.0,2.0,15
2015-04-01,626,0,0,1.0,2.0,0.0,1.0,2.0,16
2015-05-01,626,0,0,1.0,2.0,0.0,1.0,2.0,17
2015-06-01,626,0,0,1.0,2.0,0.0,1.0,2.0,18
2015-07-01,626,0,0,1.0,2.0,0.0,1.0,2.0,19
2015-08-01,626,0,1,1.0,2.0,0.0,1.0,2.0,20
2015-09-01,626,0,0,1.0,2.0,0.0,1.0,2.0,21
2015-10-01,626,0,0,1.0,2.0,0.0,1.0,2.0,22
2015-11-01,626,0,0,1.0,2.0,0.0,1.0,2.0,23
2015-12-01,626,0,0,1.0,2.0,0.0,1.0,2.0,24
2016-01-01,626,0,0,1.0,2.0,0.0,1.0,2.0,25
2016-02-01,626,0,0,1.0,2.0,0.0,1.0,2.0,26
2016-03-01,626,0,0,1.0,2.0,0.0,1.0,2.0,27
2016-04-01,626,0,0,1.0,2.0,0.0,1.0,2.0,28
2016-05-01,626,0,0,1.0,2.0,0.0,1.0,2.0,29
2016-06-01,626,0,0,1.0,2.0,0.0,1.0,2.0,30
2016-07-01,626,0,0,1.0,2.0,0.0,1.0,2.0,31
2016-08-01,626,1,0,0.0,0.0,0.0,1.0,2.0,0
2016-09-01,626,1,0,0.0,0.0,1.0,0.0,0.0,0
2016-10-01,626,1,0,0.0,0.0,1.0,0.0,0.0,0
2016-11-01,626,1,0,0.0,0.0,1.0,0.0,0.0,0
2016-12-01,626,1,0,0.0,0.0,1.0,0.0,0.0,0
2017-01-01,626,1,0,0.0,0.0,1.0,0.0,0.0,0
2017-02-01,626,1,0,0.0,0.0,1.0,0.0,0.0,0
2017-03-01,626,1,0,0.0,0.0,1.0,0.0,0.0,0
2017-04-01,626,1,0,0.0,0.0,1.0,0.0,0.0,0
2017-05-01,626,0,1,0.0,0.0,1.0,0.0,0.0,1
2017-06-01,626,0,0,0.0,0.0,0.0,0.0,0.0,2
2017-07-01,626,0,0,0.0,0.0,0.0,0.0,0.0,3
2017-08-01,626,0,0,0.0,0.0,0.0,0.0,0.0,4
2017-09-01,626,0,0,0.0,0.0,0.0,0.0,0.0,5
2017-10-01,626,0,0,0.0,0.0,0.0,0.0,0.0,6
2017-11-01,626,0,1,0.0,0.0,0.0,0.0,0.0,7
2017-12-01,626,0,1,0.0,0.0,0.0,0.0,0.0,8
1993-03-01,640,0,1,0.0,0.0,,,,1
1993-04-01,640,0,0,0.0,0.0,0.0,0.0,0.0,2
1993-05-01,640,0,0,0.0,0.0,0.0,0.0,0.0,3
1993-06-01,640,0,0,0.0,0.0,0.0,0.0,0.0,4
1993-07-01,640,1,0,0.0,0.0,0.0,0.0,0.0,0
1993-08-01,640,1,0,0.0,0.0,1.0,0.0,0.0,0
1993-09-01,640,1,0,0.0,0.0,1.0,0.0,0.0,0
1993-10-01,640,1,0,0.0,0.0,1.0,0.0,0.0,0
1993-11-01,640,1,0,0.0,0.0,1.0,0.0,0.0,0
1993-12-01,640,1,0,0.0,0.0,1.0,0.0,0.0,0
1994-01-01,640,1,0,0.0,0.0,1.0,0.0,0.0,0
1994-02-01,640,1,0,0.0,0.0,1.0,0.0,0.0,0
1994-03-01,640,1,0,0.0,0.0,1.0,0.0,0.0,0
1994-04-01,640,1,0,0.0,0.0,1.0,0.0,0.0,0
1994-05-01,640,1,0,0.0,0.0,1.0,0.0,0.0,0
1994-06-01,640,1,0,0.0,0.0,1.0,0.0,0.0,0
1994-07-01,640,1,0,0.0,0.0,1.0,0.0,0.0,0
1994-08-01,640,1,0,0.0,0.0,1.0,0.0,0.0,0
1994-09-01,640,1,0,0.0,0.0,1.0,0.0,0.0,0
1994-10-01,640,1,0,0.0,0.0,1.0,0.0,0.0,0
1994-11-01,640,1,0,0.0,0.0,1.0,0.0,0.0,0
1994-12-01,640,1,0,0.0,0.0,1.0,0.0,0.0,0
1995-01-01,640,1,0,0.0,0.0,1.0,0.0,0.0,0
1995-02-01,640,1,0,0.0,0.0,1.0,0.0,0.0,0
1995-03-01,640,1,0,0.0,0.0,1.0,0.0,0.0,0
1995-04-01,640,1,0,0.0,0.0,1.0,0.0,0.0,0
1995-05-01,640,1,0,0.0,0.0,1.0,0.0,0.0,0
1995-06-01,640,1,0,0.0,0.0,1.0,0.0,0.0,0
1995-07-01,640,1,0,0.0,0.0,1.0,0.0,0.0,0
1995-08-01,640,1,0,0.0,0.0,1.0,0.0,0.0,0
1995-09-01,640,1,0,0.0,0.0,1.0,0.0,0.0,0
1995-10-01,640,1,0,0.0,0.0,1.0,0.0,0.0,0
1995-11-01,640,1,0,0.0,0.0,1.0,0.0,0.0,0
1995-12-01,640,1,0,0.0,0.0,1.0,0.0,0.0,0
1996-01-01,640,1,0,0.0,0.0,1.0,0.0,0.0,0
1996-02-01,640,1,0,0.0,0.0,1.0,0.0,0.0,0
1996-03-01,640,1,0,0.0,0.0,1.0,0.0,0.0,0
1996-04-01,640,1,0,0.0,0.0,1.0,0.0,0.0,0
1996-05-01,640,1,0,0.0,0.0,1.0,0.0,0.0,0
1996-06-01,640,1,0,0.0,0.0,1.0,0.0,0.0,0
1996-07-01,640,1,0,0.0,0.0,1.0,0.0,0.0,0
1996-08-01,640,1,0,0.0,0.0,1.0,0.0,0.0,0
1996-09-01,640,1,0,0.0,0.0,1.0,0.0,0.0,0
1996-10-01,640,1,0,0.0,0.0,1.0,0.0,0.0,0
1996-11-01,640,1,0,0.0,0.0,1.0,0.0,0.0,0
1996-12-01,640,1,0,0.0,0.0,1.0,0.0,0.0,0
1997-01-01,640,1,0,0.0,0.0,1.0,0.0,0.0,0
1997-02-01,640,1,0,0.0,0.0,1.0,0.0,0.0,0
1997-03-01,640,1,0,0.0,0.0,1.0,0.0,0.0,0
1997-04-01,640,1,0,0.0,0.0,1.0,0.0,0.0,0
1997-05-01,640,1,0,0.0,0.0,1.0,0.0,0.0,0
1997-06-01,640,1,0,0.0,0.0,1.0,0.0,0.0,0
1997-07-01,640,1,0,0.0,0.0,1.0,0.0,0.0,0
1997-08-01,640,1,0,0.0,0.0,1.0,0.0,0.0,0
1997-09-01,640,1,0,0.0,0.0,1.0,0.0,0.0,0
1997-10-01,640,1,0,0.0,0.0,1.0,0.0,0.0,0
1997-11-01,640,1,0,0.0,0.0,1.0,0.0,0.0,0
1997-12-01,640,1,0,0.0,0.0,1.0,0.0,0.0,0
1998-01-01,640,1,0,0.0,0.0,1.0,0.0,0.0,0
1998-02-01,640,1,0,0.0,0.0,1.0,0.0,0.0,0
1998-03-01,640,1,0,0.0,0.0,1.0,0.0,0.0,0
1998-04-01,640,1,0,0.0,0.0,1.0,0.0,0.0,0
1998-05-01,640,1,0,0.0,0.0,1.0,0.0,0.0,0
1998-06-01,640,1,0,0.0,0.0,1.0,0.0,0.0,0
1998-07-01,640,1,0,0.0,0.0,1.0,0.0,0.0,0
1998-08-01,640,1,1,0.0,0.0,1.0,0.0,0.0,0
1998-09-01,640,0,0,0.0,0.0,1.0,0.0,0.0,1
1998-10-01,640,1,0,0.0,0.0,0.0,0.0,0.0,0
1998-11-01,640,1,0,0.0,0.0,1.0,0.0,0.0,0
1998-12-01,640,1,0,0.0,0.0,1.0,0.0,0.0,0
1999-01-01,640,1,0,0.0,0.0,1.0,0.0,0.0,0
1999-02-01,640,1,0,0.0,0.0,1.0,0.0,0.0,0
1999-03-01,640,1,0,0.0,0.0,1.0,0.0,0.0,0
1999-04-01,640,1,0,0.0,0.0,1.0,0.0,0.0,0
1999-05-01,640,1,0,0.0,0.0,1.0,0.0,0.0,0
1999-06-01,640,1,0,0.0,0.0,1.0,0.0,0.0,0
1999-07-01,640,1,0,0.0,0.0,1.0,0.0,0.0,0
1999-08-01,640,1,0,0.0,0.0,1.0,0.0,0.0,0
1999-09-01,640,0,1,0.0,0.0,1.0,0.0,0.0,1
1999-10-01,640,0,0,0.0,0.0,0.0,0.0,0.0,2
1999-11-01,640,0,0,0.0,0.0,0.0,0.0,0.0,3
1999-12-01,640,0,0,0.0,0.0,0.0,0.0,0.0,4
2000-01-01,640,0,0,0.0,0.0,0.0,0.0,0.0,5
2000-02-01,640,0,0,0.0,0.0,0.0,0.0,0.0,6
2000-03-01,640,0,0,0.0,0.0,0.0,0.0,0.0,7
2000-04-01,640,0,0,0.0,0.0,0.0,0.0,0.0,8
2000-05-01,640,0,0,0.0,0.0,0.0,0.0,0.0,9
2000-06-01,640,0,0,0.0,0.0,0.0,0.0,0.0,10
2000-07-01,640,0,0,0.0,0.0,0.0,0.0,0.0,11
2000-08-01,640,0,0,0.0,0.0,0.0,0.0,0.0,12
2000-09-01,640,0,0,0.0,0.0,0.0,0.0,0.0,13
2000-10-01,640,0,0,0.0,0.0,0.0,0.0,0.0,14
2000-11-01,640,0,0,0.0,0.0,0.0,0.0,0.0,15
2000-12-01,640,0,0,0.0,0.0,0.0,0.0,0.0,16
2001-01-01,640,0,0,0.0,0.0,0.0,0.0,0.0,17
2001-02-01,640,0,0,0.0,0.0,0.0,0.0,0.0,18
2001-03-01,640,0,0,0.0,0.0,0.0,0.0,0.0,19
2001-04-01,640,0,0,0.0,0.0,0.0,0.0,0.0,20
2001-05-01,640,0,0,0.0,0.0,0.0,0.0,0.0,21
2001-06-01,640,0,0,0.0,0.0,0.0,0.0,0.0,22
2001-07-01,640,0,0,0.0,0.0,0.0,0.0,0.0,23
2001-08-01,640,0,0,0.0,0.0,0.0,0.0,0.0,24
2001-09-01,640,0,0,0.0,0.0,0.0,0.0,0.0,25
2001-10-01,640,0,0,0.0,0.0,0.0,0.0,0.0,26
2001-11-01,640,0,0,0.0,0.0,0.0,0.0,0.0,27
2001-12-01,640,0,0,0.0,0.0,0.0,0.0,0.0,28
2002-01-01,640,0,0,0.0,0.0,0.0,0.0,0.0,29
2002-02-01,640,0,0,0.0,0.0,0.0,0.0,0.0,30
2002-03-01,640,0,0,0.0,0.0,0.0,0.0,0.0,31
2002-04-01,640,0,0,0.0,0.0,0.0,0.0,0.0,32
2002-05-01,640,0,0,0.0,0.0,0.0,0.0,0.0,33
2002-06-01,640,0,0,0.0,0.0,0.0,0.0,0.0,34
2002-07-01,640,0,0,0.0,0.0,0.0,0.0,0.0,35
2002-08-01,640,0,0,0.0,0.0,0.0,0.0,0.0,36
2002-09-01,640,0,0,0.0,0.0,0.0,0.0,0.0,37
2002-10-01,640,0,0,0.0,0.0,0.0,0.0,0.0,38
2002-11-01,640,0,0,0.0,0.0,0.0,0.0,0.0,39
2002-12-01,640,0,0,0.0,0.0,0.0,0.0,0.0,40
2003-01-01,640,0,0,0.0,0.0,0.0,0.0,0.0,41
2003-02-01,640,0,0,0.0,0.0,0.0,0.0,0.0,42
2003-03-01,640,0,0,0.0,0.0,0.0,0.0,0.0,43
2003-04-01,640,0,0,0.0,0.0,0.0,0.0,0.0,44
2003-05-01,640,0,0,0.0,0.0,0.0,0.0,0.0,45
2003-06-01,640,0,0,0.0,0.0,0.0,0.0,0.0,46
2003-07-01,640,0,0,0.0,0.0,0.0,0.0,0.0,47
2003-08-01,640,0,0,0.0,0.0,0.0,0.0,0.0,48
2003-09-01,640,0,0,0.0,0.0,0.0,0.0,0.0,49
2003-10-01,640,1,0,0.0,0.0,0.0,0.0,0.0,0
2003-11-01,640,1,0,0.0,0.0,1.0,0.0,0.0,0
2003-12-01,640,0,1,0.0,0.0,1.0,0.0,0.0,1
2004-01-01,640,0,0,0.0,0.0,0.0,0.0,0.0,2
2004-02-01,640,0,0,0.0,0.0,0.0,0.0,0.0,3
2004-03-01,640,0,0,0.0,0.0,0.0,0.0,0.0,4
2004-04-01,640,0,0,0.0,0.0,0.0,0.0,0.0,5
2004-05-01,640,0,0,0.0,0.0,0.0,0.0,0.0,6
2004-06-01,640,0,0,0.0,0.0,0.0,0.0,0.0,7
2004-07-01,640,1,0,0.0,0.0,0.0,0.0,0.0,0
2004-08-01,640,1,0,0.0,0.0,1.0,0.0,0.0,0
2004-09-01,640,1,0,0.0,0.0,1.0,0.0,0.0,0
2004-10-01,640,1,0,0.0,0.0,1.0,0.0,0.0,0
2004-11-01,640,1,0,0.0,0.0,1.0,0.0,0.0,0
2004-12-01,640,1,0,0.0,0.0,1.0,0.0,0.0,0
2005-01-01,640,1,0,0.0,0.0,1.0,0.0,0.0,0
2005-02-01,640,1,0,0.0,0.0,1.0,0.0,0.0,0
2005-03-01,640,1,0,0.0,0.0,1.0,0.0,0.0,0
2005-04-01,640,1,0,0.0,0.0,1.0,0.0,0.0,0
2005-05-01,640,1,0,0.0,0.0,1.0,0.0,0.0,0
2005-06-01,640,1,0,0.0,0.0,1.0,0.0,0.0,0
2005-07-01,640,1,0,0.0,0.0,1.0,0.0,0.0,0
2005-08-01,640,0,1,0.0,0.0,1.0,0.0,0.0,1
2005-09-01,640,0,1,0.0,0.0,0.0,0.0,0.0,2
2005-10-01,640,0,0,0.0,0.0,0.0,0.0,0.0,3
2005-11-01,640,1,0,0.0,0.0,0.0,0.0,0.0,0
2005-12-01,640,1,0,0.0,0.0,1.0,0.0,0.0,0
2006-01-01,640,1,0,0.0,0.0,1.0,0.0,0.0,0
2006-02-01,640,1,0,0.0,0.0,1.0,0.0,0.0,0
2006-03-01,640,1,0,0.0,0.0,1.0,0.0,0.0,0
2006-04-01,640,1,0,0.0,0.0,1.0,0.0,0.0,0
2006-05-01,640,1,0,0.0,0.0,1.0,0.0,0.0,0
2006-06-01,640,1,0,0.0,0.0,1.0,0.0,0.0,0
2006-07-01,640,1,0,0.0,0.0,1.0,0.0,0.0,0
2006-08-01,640,1,0,0.0,0.0,1.0,0.0,0.0,0
2006-09-01,640,1,0,0.0,0.0,1.0,0.0,0.0,0
2006-10-01,640,1,0,0.0,0.0,1.0,0.0,0.0,0
2006-11-01,640,1,0,0.0,0.0,1.0,0.0,0.0,0
2006-12-01,640,1,0,0.0,0.0,1.0,0.0,0.0,0
2007-01-01,640,1,0,0.0,0.0,1.0,0.0,0.0,0
2007-02-01,640,1,0,0.0,0.0,1.0,0.0,0.0,0
2007-03-01,640,1,0,0.0,0.0,1.0,0.0,0.0,0
2007-04-01,640,1,0,0.0,0.0,1.0,0.0,0.0,0
2007-05-01,640,1,0,0.0,0.0,1.0,0.0,0.0,0
2007-06-01,640,1,0,0.0,0.0,1.0,0.0,0.0,0
2007-07-01,640,1,0,0.0,0.0,1.0,0.0,0.0,0
2007-08-01,640,1,0,0.0,0.0,1.0,0.0,0.0,0
2007-09-01,640,1,0,0.0,0.0,1.0,0.0,0.0,0
2007-10-01,640,1,0,0.0,0.0,1.0,0.0,0.0,0
2007-11-01,640,1,0,0.0,0.0,1.0,0.0,0.0,0
2007-12-01,640,1,0,0.0,0.0,1.0,0.0,0.0,0
2008-01-01,640,1,0,0.0,0.0,1.0,0.0,0.0,0
2008-02-01,640,1,0,0.0,0.0,1.0,0.0,0.0,0
2008-03-01,640,1,0,0.0,0.0,1.0,0.0,0.0,0
2008-04-01,640,1,0,0.0,0.0,1.0,0.0,0.0,0
2008-05-01,640,1,0,0.0,0.0,1.0,0.0,0.0,0
2008-06-01,640,1,0,0.0,0.0,1.0,0.0,0.0,0
2008-07-01,640,1,0,0.0,0.0,1.0,0.0,0.0,0
2008-08-01,640,1,0,0.0,0.0,1.0,0.0,0.0,0
2008-09-01,640,0,1,0.0,0.0,1.0,0.0,0.0,1
2008-10-01,640,0,0,0.0,0.0,0.0,0.0,0.0,2
2008-11-01,640,1,0,0.0,0.0,0.0,0.0,0.0,0
2008-12-01,640,0,1,0.0,0.0,1.0,0.0,0.0,1
2009-01-01,640,1,0,0.0,0.0,0.0,0.0,0.0,0
2009-02-01,640,1,0,0.0,0.0,1.0,0.0,0.0,0
2009-03-01,640,1,0,0.0,0.0,1.0,0.0,0.0,0
2009-04-01,640,0,1,0.0,0.0,1.0,0.0,0.0,1
2009-05-01,640,0,0,0.0,0.0,0.0,0.0,0.0,2
2009-06-01,640,0,1,0.0,0.0,0.0,0.0,0.0,3
2009-07-01,640,0,1,0.0,0.0,0.0,0.0,0.0,4
2009-08-01,640,0,0,0.0,0.0,0.0,0.0,0.0,5
2009-09-01,640,0,1,0.0,0.0,0.0,0.0,0.0,6
2009-10-01,640,0,0,0.0,0.0,0.0,0.0,0.0,7
2009-11-01,640,0,0,0.0,0.0,0.0,0.0,0.0,8
2009-12-01,640,0,0,0.0,0.0,0.0,0.0,0.0,9
2010-01-01,640,0,0,0.0,0.0,0.0,0.0,0.0,10
2010-02-01,640,0,0,0.0,0.0,0.0,0.0,0.0,11
2010-03-01,640,0,0,0.0,0.0,0.0,0.0,0.0,12
2010-04-01,640,0,0,0.0,0.0,0.0,0.0,0.0,13
2010-05-01,640,0,0,0.0,0.0,0.0,0.0,0.0,14
2010-06-01,640,0,0,0.0,0.0,0.0,0.0,0.0,15
2010-07-01,640,1,0,0.0,0.0,0.0,0.0,0.0,0
2010-08-01,640,0,1,0.0,0.0,1.0,0.0,0.0,1
2010-09-01,640,0,1,0.0,0.0,0.0,0.0,0.0,2
2010-10-01,640,0,0,0.0,0.0,0.0,0.0,0.0,3
2010-11-01,640,0,1,0.0,0.0,0.0,0.0,0.0,4
2010-12-01,640,0,0,0.0,0.0,0.0,0.0,0.0,5
2011-01-01,640,0,0,0.0,0.0,0.0,0.0,0.0,6
2011-02-01,640,0,0,0.0,0.0,0.0,0.0,0.0,7
2011-03-01,640,1,0,0.0,0.0,0.0,0.0,0.0,0
2011-04-01,640,1,0,0.0,0.0,1.0,0.0,0.0,0
2011-05-01,640,1,0,0.0,0.0,1.0,0.0,0.0,0
2011-06-01,640,1,0,0.0,0.0,1.0,0.0,0.0,0
2011-07-01,640,1,0,0.0,0.0,1.0,0.0,0.0,0
2011-08-01,640,0,1,0.0,0.0,1.0,0.0,0.0,1
2011-09-01,640,1,0,0.0,0.0,0.0,0.0,0.0,0
2011-10-01,640,1,0,0.0,0.0,1.0,0.0,0.0,0
2011-11-01,640,1,0,0.0,0.0,1.0,0.0,0.0,0
2011-12-01,640,1,0,0.0,0.0,1.0,0.0,0.0,0
2012-01-01,640,1,0,0.0,0.0,1.0,0.0,0.0,0
2012-02-01,640,1,0,0.0,0.0,1.0,0.0,0.0,0
2012-03-01,640,1,0,0.0,0.0,1.0,0.0,0.0,0
2012-04-01,640,1,0,0.0,0.0,1.0,0.0,0.0,0
2012-05-01,640,1,0,0.0,0.0,1.0,0.0,0.0,0
2012-06-01,640,1,0,0.0,0.0,1.0,0.0,0.0,0
2012-07-01,640,1,0,0.0,0.0,1.0,0.0,0.0,0
2012-08-01,640,1,0,0.0,0.0,1.0,0.0,0.0,0
2012-09-01,640,1,0,0.0,0.0,1.0,0.0,0.0,0
2012-10-01,640,1,0,0.0,0.0,1.0,0.0,0.0,0
2012-11-01,640,1,0,0.0,0.0,1.0,0.0,0.0,0
2012-12-01,640,1,0,0.0,0.0,1.0,0.0,0.0,0
2013-01-01,640,1,0,0.0,0.0,1.0,0.0,0.0,0
2013-02-01,640,1,0,0.0,0.0,1.0,0.0,0.0,0
2013-03-01,640,0,1,0.0,0.0,1.0,0.0,0.0,1
2013-04-01,640,0,0,0.0,0.0,0.0,0.0,0.0,2
2013-05-01,640,0,0,0.0,0.0,0.0,0.0,0.0,3
2013-06-01,640,0,0,0.0,0.0,0.0,0.0,0.0,4
2013-07-01,640,0,0,0.0,0.0,0.0,0.0,0.0,5
2013-08-01,640,0,0,0.0,0.0,0.0,0.0,0.0,6
2013-09-01,640,0,0,0.0,0.0,0.0,0.0,0.0,7
2013-10-01,640,0,0,0.0,0.0,0.0,0.0,0.0,8
2013-11-01,640,0,0,0.0,0.0,0.0,0.0,0.0,9
2013-12-01,640,0,0,0.0,0.0,0.0,0.0,0.0,10
2014-01-01,640,0,0,0.0,0.0,0.0,0.0,0.0,11
2014-02-01,640,0,0,0.0,0.0,0.0,0.0,0.0,12
2014-03-01,640,0,0,0.0,0.0,0.0,0.0,0.0,13
2014-04-01,640,0,0,0.0,0.0,0.0,0.0,0.0,14
2014-05-01,640,0,0,0.0,0.0,0.0,0.0,0.0,15
2014-06-01,640,0,0,0.0,0.0,0.0,0.0,0.0,16
2014-07-01,640,0,0,0.0,0.0,0.0,0.0,0.0,17
2014-08-01,640,0,0,0.0,0.0,0.0,0.0,0.0,18
2014-09-01,640,0,0,0.0,0.0,0.0,0.0,0.0,19
2014-10-01,640,0,0,0.0,0.0,0.0,0.0,0.0,20
2014-11-01,640,0,0,0.0,0.0,0.0,0.0,0.0,21
2014-12-01,640,0,0,0.0,0.0,0.0,0.0,0.0,22
2015-01-01,640,0,0,0.0,0.0,0.0,0.0,0.0,23
2015-02-01,640,0,0,0.0,0.0,0.0,0.0,0.0,24
2015-03-01,640,0,0,0.0,0.0,0.0,0.0,0.0,25
2015-04-01,640,0,0,0.0,0.0,0.0,0.0,0.0,26
2015-05-01,640,0,0,0.0,0.0,0.0,0.0,0.0,27
2015-06-01,640,0,0,0.0,0.0,0.0,0.0,0.0,28
2015-07-01,640,0,0,0.0,0.0,0.0,0.0,0.0,29
2015-08-01,640,1,0,0.0,0.0,0.0,0.0,0.0,0
2015-09-01,640,1,0,0.0,0.0,1.0,0.0,0.0,0
2015-10-01,640,0,1,0.0,0.0,1.0,0.0,0.0,1
2015-11-01,640,0,0,0.0,0.0,0.0,0.0,0.0,2
2004-04-01,645,0,1,1.0,0.0,,,,1
2004-05-01,645,0,1,0.0,0.0,0.0,1.0,0.0,2
2004-06-01,645,0,0,0.0,0.0,0.0,0.0,0.0,3
2004-07-01,645,0,0,0.0,0.0,0.0,0.0,0.0,4
2004-08-01,645,0,0,0.0,0.0,0.0,0.0,0.0,5
2004-09-01,645,1,0,0.0,0.0,0.0,0.0,0.0,0
2004-10-01,645,1,0,0.0,0.0,1.0,0.0,0.0,0
2004-11-01,645,1,0,0.0,0.0,1.0,0.0,0.0,0
2004-12-01,645,1,0,0.0,0.0,1.0,0.0,0.0,0
2005-01-01,645,1,0,0.0,0.0,1.0,0.0,0.0,0
2005-02-01,645,1,0,0.0,0.0,1.0,0.0,0.0,0
2005-03-01,645,1,0,0.0,0.0,1.0,0.0,0.0,0
2005-04-01,645,1,0,0.0,0.0,1.0,0.0,0.0,0
2005-05-01,645,1,0,0.0,0.0,1.0,0.0,0.0,0
2005-06-01,645,1,0,0.0,0.0,1.0,0.0,0.0,0
2005-07-01,645,1,0,0.0,0.0,1.0,0.0,0.0,0
2005-08-01,645,1,0,0.0,0.0,1.0,0.0,0.0,0
2005-09-01,645,1,0,0.0,0.0,1.0,0.0,0.0,0
2005-10-01,645,1,0,0.0,0.0,1.0,0.0,0.0,0
2005-11-01,645,1,0,0.0,0.0,1.0,0.0,0.0,0
2005-12-01,645,1,0,0.0,0.0,1.0,0.0,0.0,0
2006-01-01,645,1,0,0.0,0.0,1.0,0.0,0.0,0
2006-02-01,645,1,0,0.0,0.0,1.0,0.0,0.0,0
2006-03-01,645,1,0,0.0,0.0,1.0,0.0,0.0,0
2006-04-01,645,1,0,0.0,0.0,1.0,0.0,0.0,0
2006-05-01,645,1,0,0.0,0.0,1.0,0.0,0.0,0
2006-06-01,645,1,0,0.0,0.0,1.0,0.0,0.0,0
2006-07-01,645,1,0,0.0,0.0,1.0,0.0,0.0,0
2006-08-01,645,0,1,1.0,3.0,1.0,0.0,0.0,1
2006-09-01,645,0,0,1.0,3.0,0.0,1.0,3.0,2
2006-10-01,645,1,0,0.0,0.0,0.0,1.0,3.0,0
2006-11-01,645,1,0,0.0,0.0,1.0,0.0,0.0,0
2006-12-01,645,1,0,0.0,0.0,1.0,0.0,0.0,0
2007-01-01,645,1,0,0.0,0.0,1.0,0.0,0.0,0
2007-02-01,645,1,0,0.0,0.0,1.0,0.0,0.0,0
2007-03-01,645,1,0,0.0,0.0,1.0,0.0,0.0,0
2007-04-01,645,1,0,0.0,0.0,1.0,0.0,0.0,0
2007-05-01,645,1,0,0.0,0.0,1.0,0.0,0.0,0
2007-06-01,645,1,0,0.0,0.0,1.0,0.0,0.0,0
2007-07-01,645,1,0,0.0,0.0,1.0,0.0,0.0,0
2007-08-01,645,0,1,0.0,0.0,1.0,0.0,0.0,1
2007-09-01,645,0,0,0.0,0.0,0.0,0.0,0.0,2
2007-10-01,645,0,0,0.0,0.0,0.0,0.0,0.0,3
2007-11-01,645,0,0,0.0,0.0,0.0,0.0,0.0,4
2007-12-01,645,0,0,0.0,0.0,0.0,0.0,0.0,5
2008-01-01,645,0,0,0.0,0.0,0.0,0.0,0.0,6
2008-02-01,645,0,1,0.0,0.0,0.0,0.0,0.0,7
2008-03-01,645,0,0,0.0,0.0,0.0,0.0,0.0,8
2008-04-01,645,0,0,0.0,0.0,0.0,0.0,0.0,9
2008-05-01,645,0,0,0.0,0.0,0.0,0.0,0.0,10
2008-06-01,645,0,0,0.0,0.0,0.0,0.0,0.0,11
2008-07-01,645,0,0,0.0,0.0,0.0,0.0,0.0,12
2008-08-01,645,0,0,0.0,0.0,0.0,0.0,0.0,13
2008-09-01,645,1,0,0.0,0.0,0.0,0.0,0.0,0
2008-10-01,645,1,0,0.0,0.0,1.0,0.0,0.0,0
2008-11-01,645,1,0,0.0,0.0,1.0,0.0,0.0,0
2008-12-01,645,1,0,0.0,0.0,1.0,0.0,0.0,0
2009-01-01,645,1,0,0.0,0.0,1.0,0.0,0.0,0
2009-02-01,645,1,0,0.0,0.0,1.0,0.0,0.0,0
2009-03-01,645,1,0,0.0,0.0,1.0,0.0,0.0,0
2009-04-01,645,1,0,0.0,0.0,1.0,0.0,0.0,0
2009-05-01,645,1,0,0.0,0.0,1.0,0.0,0.0,0
2009-06-01,645,1,0,0.0,0.0,1.0,0.0,0.0,0
2009-07-01,645,1,0,0.0,0.0,1.0,0.0,0.0,0
2009-08-01,645,1,0,0.0,0.0,1.0,0.0,0.0,0
2009-09-01,645,1,0,0.0,0.0,1.0,0.0,0.0,0
2009-10-01,645,1,0,0.0,0.0,1.0,0.0,0.0,0
2009-11-01,645,1,0,0.0,0.0,1.0,0.0,0.0,0
2009-12-01,645,1,0,0.0,0.0,1.0,0.0,0.0,0
2010-01-01,645,1,0,0.0,0.0,1.0,0.0,0.0,0
2010-02-01,645,1,0,0.0,0.0,1.0,0.0,0.0,0
2010-03-01,645,1,0,0.0,0.0,1.0,0.0,0.0,0
2010-04-01,645,1,0,0.0,0.0,1.0,0.0,0.0,0
2010-05-01,645,1,0,0.0,0.0,1.0,0.0,0.0,0
2010-06-01,645,1,0,0.0,0.0,1.0,0.0,0.0,0
2010-07-01,645,1,0,0.0,0.0,1.0,0.0,0.0,0
2010-08-01,645,1,0,0.0,0.0,1.0,0.0,0.0,0
2010-09-01,645,1,0,0.0,0.0,1.0,0.0,0.0,0
2010-10-01,645,1,0,0.0,0.0,1.0,0.0,0.0,0
2010-11-01,645,1,0,0.0,0.0,1.0,0.0,0.0,0
2010-12-01,645,1,0,0.0,0.0,1.0,0.0,0.0,0
2011-01-01,645,1,0,0.0,0.0,1.0,0.0,0.0,0
2011-02-01,645,1,0,0.0,0.0,1.0,0.0,0.0,0
2011-03-01,645,1,0,0.0,0.0,1.0,0.0,0.0,0
2011-04-01,645,1,0,0.0,0.0,1.0,0.0,0.0,0
2011-05-01,645,1,0,0.0,0.0,1.0,0.0,0.0,0
2011-06-01,645,1,0,0.0,0.0,1.0,0.0,0.0,0
2011-07-01,645,1,0,0.0,0.0,1.0,0.0,0.0,0
2011-08-01,645,1,0,0.0,0.0,1.0,0.0,0.0,0
2011-09-01,645,1,0,0.0,0.0,1.0,0.0,0.0,0
2011-10-01,645,1,0,0.0,0.0,1.0,0.0,0.0,0
2011-11-01,645,1,0,0.0,0.0,1.0,0.0,0.0,0
2011-12-01,645,1,0,0.0,0.0,1.0,0.0,0.0,0
2012-01-01,645,1,0,0.0,0.0,1.0,0.0,0.0,0
2012-02-01,645,1,0,0.0,0.0,1.0,0.0,0.0,0
2012-03-01,645,1,0,0.0,0.0,1.0,0.0,0.0,0
2012-04-01,645,1,0,0.0,0.0,1.0,0.0,0.0,0
2012-05-01,645,1,0,0.0,0.0,1.0,0.0,0.0,0
2012-06-01,645,1,0,0.0,0.0,1.0,0.0,0.0,0
2012-07-01,645,1,0,0.0,0.0,1.0,0.0,0.0,0
2012-08-01,645,1,0,0.0,0.0,1.0,0.0,0.0,0
2012-09-01,645,1,0,0.0,0.0,1.0,0.0,0.0,0
2012-10-01,645,1,0,0.0,0.0,1.0,0.0,0.0,0
2012-11-01,645,1,0,0.0,0.0,1.0,0.0,0.0,0
2012-12-01,645,1,0,0.0,0.0,1.0,0.0,0.0,0
2013-01-01,645,1,0,0.0,0.0,1.0,0.0,0.0,0
2013-02-01,645,1,0,0.0,0.0,1.0,0.0,0.0,0
2013-03-01,645,1,0,0.0,0.0,1.0,0.0,0.0,0
2013-04-01,645,1,0,0.0,0.0,1.0,0.0,0.0,0
2013-05-01,645,1,0,0.0,0.0,1.0,0.0,0.0,0
2013-06-01,645,1,0,0.0,0.0,1.0,0.0,0.0,0
2013-07-01,645,1,0,0.0,0.0,1.0,0.0,0.0,0
2013-08-01,645,1,0,0.0,0.0,1.0,0.0,0.0,0
2013-09-01,645,1,0,0.0,0.0,1.0,0.0,0.0,0
2013-10-01,645,1,0,0.0,0.0,1.0,0.0,0.0,0
2013-11-01,645,1,0,0.0,0.0,1.0,0.0,0.0,0
2013-12-01,645,1,0,0.0,0.0,1.0,0.0,0.0,0
2014-01-01,645,1,0,0.0,0.0,1.0,0.0,0.0,0
2014-02-01,645,0,1,0.0,0.0,1.0,0.0,0.0,1
2014-03-01,645,1,0,0.0,0.0,0.0,0.0,0.0,0
2014-04-01,645,1,0,0.0,0.0,1.0,0.0,0.0,0
2014-05-01,645,1,0,0.0,0.0,1.0,0.0,0.0,0
2014-06-01,645,0,1,0.0,0.0,1.0,0.0,0.0,1
2011-11-01,651,0,1,0.0,0.0,,,,1
2012-02-01,652,0,1,0.0,0.0,,,,1
2012-03-01,652,1,0,0.0,0.0,0.0,0.0,0.0,0
2012-04-01,652,0,1,1.0,2.0,1.0,0.0,0.0,1
2012-05-01,652,0,0,1.0,2.0,0.0,1.0,2.0,2
2012-06-01,652,1,0,0.0,0.0,0.0,1.0,2.0,0
2012-07-01,652,1,0,0.0,0.0,1.0,0.0,0.0,0
2012-08-01,652,1,0,0.0,0.0,1.0,0.0,0.0,0
2012-09-01,652,1,0,0.0,0.0,1.0,0.0,0.0,0
2012-10-01,652,0,1,1.0,0.0,1.0,0.0,0.0,1
2012-11-01,652,1,0,0.0,0.0,0.0,1.0,0.0,0
2012-12-01,652,1,0,0.0,0.0,1.0,0.0,0.0,0
2013-01-01,652,0,1,1.0,0.0,1.0,0.0,0.0,1
2013-02-01,652,0,0,1.0,0.0,0.0,1.0,0.0,2
2013-03-01,652,0,0,1.0,0.0,0.0,1.0,0.0,3
2013-04-01,652,0,1,0.0,0.0,0.0,1.0,0.0,4
2013-05-01,652,0,0,1.0,0.0,0.0,0.0,0.0,5
2013-06-01,652,0,0,1.0,0.0,0.0,1.0,0.0,6
2013-07-01,652,1,0,0.0,0.0,0.0,1.0,0.0,0
2013-08-01,652,0,1,0.0,0.0,1.0,0.0,0.0,1
2013-09-01,652,0,1,0.0,0.0,0.0,0.0,0.0,2
2013-10-01,652,0,1,0.0,0.0,0.0,0.0,0.0,3
2013-11-01,652,1,0,0.0,0.0,0.0,0.0,0.0,0
2013-12-01,652,1,0,0.0,0.0,1.0,0.0,0.0,0
2014-01-01,652,1,0,0.0,0.0,1.0,0.0,0.0,0
2014-02-01,652,0,1,1.0,0.0,1.0,0.0,0.0,1
2014-03-01,652,1,0,0.0,0.0,0.0,1.0,0.0,0
2014-04-01,652,0,1,0.0,0.0,1.0,0.0,0.0,1
2014-05-01,652,0,1,0.0,0.0,0.0,0.0,0.0,2
2014-06-01,652,1,0,0.0,0.0,0.0,0.0,0.0,0
2014-07-01,652,0,1,0.0,0.0,1.0,0.0,0.0,1
2014-08-01,652,1,0,0.0,0.0,0.0,0.0,0.0,0
2014-09-01,652,1,0,0.0,0.0,1.0,0.0,0.0,0
2014-10-01,652,1,0,0.0,0.0,1.0,0.0,0.0,0
2014-11-01,652,1,0,0.0,0.0,1.0,0.0,0.0,0
2014-12-01,652,1,0,0.0,0.0,1.0,0.0,0.0,0
2015-01-01,652,1,0,0.0,0.0,1.0,0.0,0.0,0
2015-02-01,652,1,0,0.0,0.0,1.0,0.0,0.0,0
2015-03-01,652,0,1,1.0,0.0,1.0,0.0,0.0,1
2015-04-01,652,1,0,0.0,0.0,0.0,1.0,0.0,0
2015-05-01,652,1,0,0.0,0.0,1.0,0.0,0.0,0
2015-06-01,652,1,0,0.0,0.0,1.0,0.0,0.0,0
2015-07-01,652,1,0,0.0,0.0,1.0,0.0,0.0,0
2015-08-01,652,0,1,1.0,0.0,1.0,0.0,0.0,1
2015-09-01,652,0,1,1.0,0.0,0.0,1.0,0.0,2
2015-10-01,652,1,0,0.0,0.0,0.0,1.0,0.0,0
2015-11-01,652,1,0,0.0,0.0,1.0,0.0,0.0,0
2015-12-01,652,1,0,0.0,0.0,1.0,0.0,0.0,0
2016-01-01,652,1,0,0.0,0.0,1.0,0.0,0.0,0
2016-02-01,652,1,0,0.0,0.0,1.0,0.0,0.0,0
2016-03-01,652,1,0,0.0,0.0,1.0,0.0,0.0,0
2016-04-01,652,0,1,1.0,0.0,1.0,0.0,0.0,1
2016-05-01,652,0,1,1.0,0.0,0.0,1.0,0.0,2
2016-06-01,652,0,1,1.0,0.0,0.0,1.0,0.0,3
2016-07-01,652,0,1,0.0,0.0,0.0,1.0,0.0,4
2016-08-01,652,0,1,1.0,0.0,0.0,0.0,0.0,5
2016-09-01,652,0,1,1.0,0.0,0.0,1.0,0.0,6
2016-10-01,652,0,1,1.0,0.0,0.0,1.0,0.0,7
2016-11-01,652,0,1,1.0,0.0,0.0,1.0,0.0,8
2016-12-01,652,0,1,1.0,0.0,0.0,1.0,0.0,9
2017-01-01,652,0,1,0.0,0.0,0.0,1.0,0.0,10
2017-02-01,652,1,0,0.0,0.0,0.0,0.0,0.0,0
2017-03-01,652,0,1,0.0,0.0,1.0,0.0,0.0,1
2017-04-01,652,1,0,0.0,0.0,0.0,0.0,0.0,0
2017-05-01,652,1,0,0.0,0.0,1.0,0.0,0.0,0
2017-06-01,652,0,1,0.0,0.0,1.0,0.0,0.0,1
2017-07-01,652,0,1,0.0,0.0,0.0,0.0,0.0,2
2017-08-01,652,1,0,0.0,0.0,0.0,0.0,0.0,0
2017-09-01,652,1,0,0.0,0.0,1.0,0.0,0.0,0
2017-10-01,652,1,0,0.0,0.0,1.0,0.0,0.0,0
2017-11-01,652,0,1,1.0,0.0,1.0,0.0,0.0,1
2017-12-01,652,1,0,0.0,0.0,0.0,1.0,0.0,0
2018-01-01,652,1,0,0.0,0.0,1.0,0.0,0.0,0
2018-02-01,652,0,1,0.0,0.0,1.0,0.0,0.0,1
2018-03-01,652,0,0,0.0,0.0,0.0,0.0,0.0,2
2018-04-01,652,0,1,0.0,0.0,0.0,0.0,0.0,3
2018-05-01,652,0,1,0.0,0.0,0.0,0.0,0.0,4
2018-06-01,652,1,0,0.0,0.0,0.0,0.0,0.0,0
2018-07-01,652,0,1,1.0,0.0,1.0,0.0,0.0,1
2018-08-01,652,1,0,0.0,0.0,0.0,1.0,0.0,0
2018-09-01,652,1,0,0.0,0.0,1.0,0.0,0.0,0
2018-10-01,652,1,0,0.0,0.0,1.0,0.0,0.0,0
2018-11-01,652,1,0,0.0,0.0,1.0,0.0,0.0,0
2018-12-01,652,1,0,0.0,0.0,1.0,0.0,0.0,0
2019-01-01,652,1,0,0.0,0.0,1.0,0.0,0.0,0
2019-02-01,652,1,0,0.0,0.0,1.0,0.0,0.0,0
2019-03-01,652,1,0,0.0,0.0,1.0,0.0,0.0,0
2019-04-01,652,1,0,0.0,0.0,1.0,0.0,0.0,0
2019-05-01,652,1,0,0.0,0.0,1.0,0.0,0.0,0
2019-06-01,652,1,0,0.0,0.0,1.0,0.0,0.0,0
2019-07-01,652,1,0,0.0,0.0,1.0,0.0,0.0,0
2019-08-01,652,0,1,1.0,0.0,1.0,0.0,0.0,1
2019-09-01,652,1,0,0.0,0.0,0.0,1.0,0.0,0
2019-10-01,652,0,1,1.0,0.0,1.0,0.0,0.0,1
1989-04-01,660,0,1,1.0,0.0,,,,1
1989-05-01,660,1,0,0.0,0.0,0.0,1.0,0.0,0
1989-06-01,660,1,0,0.0,0.0,1.0,0.0,0.0,0
1989-07-01,660,1,0,0.0,0.0,1.0,0.0,0.0,0
1989-08-01,660,1,0,0.0,0.0,1.0,0.0,0.0,0
1989-09-01,660,1,0,0.0,0.0,1.0,0.0,0.0,0
1989-10-01,660,1,0,0.0,0.0,1.0,0.0,0.0,0
1989-11-01,660,1,0,0.0,0.0,1.0,0.0,0.0,0
1989-12-01,660,1,0,0.0,0.0,1.0,0.0,0.0,0
1990-01-01,660,1,0,0.0,0.0,1.0,0.0,0.0,0
1990-02-01,660,1,0,0.0,0.0,1.0,0.0,0.0,0
1990-03-01,660,1,0,0.0,0.0,1.0,0.0,0.0,0
1990-04-01,660,1,0,0.0,0.0,1.0,0.0,0.0,0
1990-05-01,660,1,0,0.0,0.0,1.0,0.0,0.0,0
1990-06-01,660,1,0,0.0,0.0,1.0,0.0,0.0,0
1990-07-01,660,1,0,0.0,0.0,1.0,0.0,0.0,0
1990-08-01,660,1,0,0.0,0.0,1.0,0.0,0.0,0
1990-09-01,660,1,0,0.0,0.0,1.0,0.0,0.0,0
1990-10-01,660,1,0,0.0,0.0,1.0,0.0,0.0,0
1990-11-01,660,1,0,0.0,0.0,1.0,0.0,0.0,0
1990-12-01,660,1,0,0.0,0.0,1.0,0.0,0.0,0
1991-01-01,660,1,0,0.0,0.0,1.0,0.0,0.0,0
1991-02-01,660,1,0,0.0,0.0,1.0,0.0,0.0,0
1991-03-01,660,1,0,0.0,0.0,1.0,0.0,0.0,0
1991-04-01,660,1,0,0.0,0.0,1.0,0.0,0.0,0
1991-05-01,660,1,0,0.0,0.0,1.0,0.0,0.0,0
1991-06-01,660,1,0,0.0,0.0,1.0,0.0,0.0,0
1991-07-01,660,1,0,0.0,0.0,1.0,0.0,0.0,0
1991-08-01,660,1,0,0.0,0.0,1.0,0.0,0.0,0
1991-09-01,660,1,0,0.0,0.0,1.0,0.0,0.0,0
1991-10-01,660,1,0,0.0,0.0,1.0,0.0,0.0,0
1991-11-01,660,1,0,0.0,0.0,1.0,0.0,0.0,0
1991-12-01,660,1,0,0.0,0.0,1.0,0.0,0.0,0
1992-01-01,660,1,0,0.0,0.0,1.0,0.0,0.0,0
1992-02-01,660,1,0,0.0,0.0,1.0,0.0,0.0,0
1992-03-01,660,1,0,0.0,0.0,1.0,0.0,0.0,0
1992-04-01,660,1,0,0.0,0.0,1.0,0.0,0.0,0
1992-05-01,660,1,0,0.0,0.0,1.0,0.0,0.0,0
1992-06-01,660,1,0,0.0,0.0,1.0,0.0,0.0,0
1992-07-01,660,1,0,0.0,0.0,1.0,0.0,0.0,0
1992-08-01,660,1,0,0.0,0.0,1.0,0.0,0.0,0
1992-09-01,660,1,0,0.0,0.0,1.0,0.0,0.0,0
1992-10-01,660,1,0,0.0,0.0,1.0,0.0,0.0,0
1992-11-01,660,1,0,0.0,0.0,1.0,0.0,0.0,0
1992-12-01,660,1,0,0.0,0.0,1.0,0.0,0.0,0
1993-01-01,660,1,0,0.0,0.0,1.0,0.0,0.0,0
1993-02-01,660,1,0,0.0,0.0,1.0,0.0,0.0,0
1993-03-01,660,1,0,0.0,0.0,1.0,0.0,0.0,0
1993-04-01,660,1,0,0.0,0.0,1.0,0.0,0.0,0
1993-05-01,660,1,0,0.0,0.0,1.0,0.0,0.0,0
1993-06-01,660,1,0,0.0,0.0,1.0,0.0,0.0,0
1993-07-01,660,0,1,1.0,3.0,1.0,0.0,0.0,1
1993-08-01,660,0,0,1.0,3.0,0.0,1.0,3.0,2
1993-09-01,660,0,0,1.0,3.0,0.0,1.0,3.0,3
1993-10-01,660,0,0,1.0,3.0,0.0,1.0,3.0,4
1993-11-01,660,0,0,1.0,3.0,0.0,1.0,3.0,5
1993-12-01,660,0,0,1.0,3.0,0.0,1.0,3.0,6
1994-01-01,660,0,0,1.0,3.0,0.0,1.0,3.0,7
1994-02-01,660,0,0,1.0,3.0,0.0,1.0,3.0,8
1994-03-01,660,0,0,1.0,3.0,0.0,1.0,3.0,9
1994-04-01,660,0,0,1.0,3.0,0.0,1.0,3.0,10
1994-05-01,660,0,0,1.0,3.0,0.0,1.0,3.0,11
1994-06-01,660,0,0,1.0,3.0,0.0,1.0,3.0,12
1994-07-01,660,0,0,1.0,3.0,0.0,1.0,3.0,13
1994-08-01,660,0,0,1.0,3.0,0.0,1.0,3.0,14
1994-09-01,660,0,0,1.0,3.0,0.0,1.0,3.0,15
1994-10-01,660,0,0,1.0,3.0,0.0,1.0,3.0,16
1994-11-01,660,0,0,1.0,3.0,0.0,1.0,3.0,17
1994-12-01,660,0,0,1.0,3.0,0.0,1.0,3.0,18
1995-01-01,660,0,0,1.0,3.0,0.0,1.0,3.0,19
1995-02-01,660,0,0,1.0,3.0,0.0,1.0,3.0,20
1995-03-01,660,0,0,1.0,3.0,0.0,1.0,3.0,21
1995-04-01,660,0,0,1.0,3.0,0.0,1.0,3.0,22
1995-05-01,660,1,0,0.0,0.0,0.0,1.0,3.0,0
1995-06-01,660,1,0,0.0,0.0,1.0,0.0,0.0,0
1995-07-01,660,1,0,0.0,0.0,1.0,0.0,0.0,0
1995-08-01,660,1,0,0.0,0.0,1.0,0.0,0.0,0
1995-09-01,660,1,0,0.0,0.0,1.0,0.0,0.0,0
1995-10-01,660,1,0,0.0,0.0,1.0,0.0,0.0,0
1995-11-01,660,1,0,0.0,0.0,1.0,0.0,0.0,0
1995-12-01,660,1,0,0.0,0.0,1.0,0.0,0.0,0
1996-01-01,660,1,0,0.0,0.0,1.0,0.0,0.0,0
1996-02-01,660,1,0,0.0,0.0,1.0,0.0,0.0,0
1996-03-01,660,1,0,0.0,0.0,1.0,0.0,0.0,0
1996-04-01,660,0,1,1.0,0.0,1.0,0.0,0.0,1
1996-05-01,660,0,0,1.0,0.0,0.0,1.0,0.0,2
1996-06-01,660,0,0,1.0,0.0,0.0,1.0,0.0,3
1996-07-01,660,0,0,1.0,0.0,0.0,1.0,0.0,4
1996-08-01,660,0,0,1.0,0.0,0.0,1.0,0.0,5
1996-09-01,660,0,0,1.0,0.0,0.0,1.0,0.0,6
1996-10-01,660,0,0,1.0,0.0,0.0,1.0,0.0,7
1996-11-01,660,0,0,1.0,0.0,0.0,1.0,0.0,8
1996-12-01,660,0,0,1.0,0.0,0.0,1.0,0.0,9
1997-01-01,660,0,0,1.0,0.0,0.0,1.0,0.0,10
1997-02-01,660,0,0,1.0,0.0,0.0,1.0,0.0,11
1997-03-01,660,0,0,1.0,0.0,0.0,1.0,0.0,12
1997-04-01,660,0,0,1.0,0.0,0.0,1.0,0.0,13
1997-05-01,660,0,0,1.0,0.0,0.0,1.0,0.0,14
1997-06-01,660,0,0,1.0,0.0,0.0,1.0,0.0,15
1997-07-01,660,0,0,1.0,0.0,0.0,1.0,0.0,16
1997-08-01,660,0,0,1.0,0.0,0.0,1.0,0.0,17
1997-09-01,660,0,0,1.0,0.0,0.0,1.0,0.0,18
1997-10-01,660,0,0,1.0,0.0,0.0,1.0,0.0,19
1997-11-01,660,0,0,1.0,0.0,0.0,1.0,0.0,20
1997-12-01,660,0,0,1.0,0.0,0.0,1.0,0.0,21
1998-01-01,660,0,0,1.0,0.0,0.0,1.0,0.0,22
1998-02-01,660,0,0,1.0,0.0,0.0,1.0,0.0,23
1998-03-01,660,0,0,1.0,0.0,0.0,1.0,0.0,24
1998-04-01,660,0,0,1.0,0.0,0.0,1.0,0.0,25
1998-05-01,660,0,0,1.0,0.0,0.0,1.0,0.0,26
1998-06-01,660,0,0,1.0,0.0,0.0,1.0,0.0,27
1998-07-01,660,0,0,1.0,0.0,0.0,1.0,0.0,28
1998-08-01,660,0,0,1.0,0.0,0.0,1.0,0.0,29
1998-09-01,660,0,0,1.0,0.0,0.0,1.0,0.0,30
1998-10-01,660,0,0,1.0,0.0,0.0,1.0,0.0,31
1998-11-01,660,0,0,1.0,0.0,0.0,1.0,0.0,32
1998-12-01,660,0,0,1.0,0.0,0.0,1.0,0.0,33
1999-01-01,660,0,0,1.0,0.0,0.0,1.0,0.0,34
1999-02-01,660,0,0,1.0,0.0,0.0,1.0,0.0,35
1999-03-01,660,0,0,1.0,0.0,0.0,1.0,0.0,36
1999-04-01,660,0,0,1.0,0.0,0.0,1.0,0.0,37
1999-05-01,660,0,0,1.0,0.0,0.0,1.0,0.0,38
1999-06-01,660,0,0,1.0,0.0,0.0,1.0,0.0,39
1999-07-01,660,0,0,1.0,0.0,0.0,1.0,0.0,40
1999-08-01,660,0,0,1.0,0.0,0.0,1.0,0.0,41
1999-09-01,660,0,0,1.0,0.0,0.0,1.0,0.0,42
1999-10-01,660,0,0,1.0,0.0,0.0,1.0,0.0,43
1999-11-01,660,0,0,1.0,0.0,0.0,1.0,0.0,44
1999-12-01,660,0,1,0.0,0.0,0.0,1.0,0.0,45
2000-01-01,660,0,0,1.0,0.0,0.0,0.0,0.0,46
2000-02-01,660,0,0,1.0,0.0,0.0,1.0,0.0,47
2000-03-01,660,1,0,0.0,0.0,0.0,1.0,0.0,0
2000-04-01,660,1,0,0.0,0.0,1.0,0.0,0.0,0
2000-05-01,660,1,0,0.0,0.0,1.0,0.0,0.0,0
2000-06-01,660,0,1,1.0,2.0,1.0,0.0,0.0,1
2000-07-01,660,0,0,1.0,2.0,0.0,1.0,2.0,2
2000-08-01,660,0,0,1.0,2.0,0.0,1.0,2.0,3
2000-09-01,660,0,0,1.0,2.0,0.0,1.0,2.0,4
2000-10-01,660,0,0,1.0,2.0,0.0,1.0,2.0,5
2000-11-01,660,0,0,1.0,2.0,0.0,1.0,2.0,6
2000-12-01,660,0,0,1.0,2.0,0.0,1.0,2.0,7
2001-01-01,660,0,0,1.0,2.0,0.0,1.0,2.0,8
2001-02-01,660,0,0,1.0,2.0,0.0,1.0,2.0,9
2001-03-01,660,0,0,1.0,2.0,0.0,1.0,2.0,10
2001-04-01,660,0,0,1.0,2.0,0.0,1.0,2.0,11
2001-05-01,660,0,0,1.0,2.0,0.0,1.0,2.0,12
2001-06-01,660,0,0,1.0,2.0,0.0,1.0,2.0,13
2001-07-01,660,0,0,1.0,2.0,0.0,1.0,2.0,14
2001-08-01,660,0,0,1.0,2.0,0.0,1.0,2.0,15
2001-09-01,660,0,0,1.0,2.0,0.0,1.0,2.0,16
2001-10-01,660,0,0,1.0,2.0,0.0,1.0,2.0,17
2001-11-01,660,0,0,1.0,2.0,0.0,1.0,2.0,18
2001-12-01,660,0,1,0.0,0.0,0.0,1.0,2.0,19
2002-01-01,660,0,0,0.0,0.0,0.0,0.0,0.0,20
2002-02-01,660,0,0,1.0,2.0,0.0,0.0,0.0,21
2002-03-01,660,0,0,1.0,2.0,0.0,1.0,2.0,22
2002-04-01,660,0,0,1.0,2.0,0.0,1.0,2.0,23
2002-05-01,660,0,0,1.0,2.0,0.0,1.0,2.0,24
2002-06-01,660,0,0,1.0,2.0,0.0,1.0,2.0,25
2002-07-01,660,0,0,1.0,2.0,0.0,1.0,2.0,26
2002-08-01,660,0,0,1.0,2.0,0.0,1.0,2.0,27
2002-09-01,660,0,0,1.0,2.0,0.0,1.0,2.0,28
2002-10-01,660,0,0,1.0,2.0,0.0,1.0,2.0,29
2002-11-01,660,0,0,1.0,2.0,0.0,1.0,2.0,30
2002-12-01,660,0,0,1.0,2.0,0.0,1.0,2.0,31
2003-01-01,660,0,0,1.0,2.0,0.0,1.0,2.0,32
2003-02-01,660,0,0,1.0,2.0,0.0,1.0,2.0,33
2003-03-01,660,0,0,1.0,2.0,0.0,1.0,2.0,34
2003-04-01,660,0,0,1.0,2.0,0.0,1.0,2.0,35
2003-05-01,660,0,0,1.0,2.0,0.0,1.0,2.0,36
2003-06-01,660,0,0,1.0,2.0,0.0,1.0,2.0,37
2003-07-01,660,0,0,1.0,2.0,0.0,1.0,2.0,38
2003-08-01,660,0,0,1.0,2.0,0.0,1.0,2.0,39
2003-09-01,660,0,0,1.0,2.0,0.0,1.0,2.0,40
2003-10-01,660,0,0,1.0,2.0,0.0,1.0,2.0,41
2003-11-01,660,0,0,1.0,2.0,0.0,1.0,2.0,42
2003-12-01,660,0,0,1.0,2.0,0.0,1.0,2.0,43
2004-01-01,660,0,0,1.0,2.0,0.0,1.0,2.0,44
2004-02-01,660,0,0,1.0,2.0,0.0,1.0,2.0,45
2004-03-01,660,0,0,1.0,2.0,0.0,1.0,2.0,46
2004-04-01,660,0,0,1.0,2.0,0.0,1.0,2.0,47
2004-05-01,660,0,0,1.0,2.0,0.0,1.0,2.0,48
2004-06-01,660,0,0,1.0,2.0,0.0,1.0,2.0,49
2004-07-01,660,0,0,1.0,2.0,0.0,1.0,2.0,50
2004-08-01,660,0,0,1.0,2.0,0.0,1.0,2.0,51
2004-09-01,660,0,0,1.0,2.0,0.0,1.0,2.0,52
2004-10-01,660,0,0,1.0,2.0,0.0,1.0,2.0,53
2004-11-01,660,0,0,1.0,2.0,0.0,1.0,2.0,54
2004-12-01,660,0,0,1.0,2.0,0.0,1.0,2.0,55
2005-01-01,660,0,0,1.0,2.0,0.0,1.0,2.0,56
2005-02-01,660,0,0,1.0,2.0,0.0,1.0,2.0,57
2005-03-01,660,0,0,1.0,2.0,0.0,1.0,2.0,58
2005-04-01,660,0,0,1.0,2.0,0.0,1.0,2.0,59
2005-05-01,660,0,0,1.0,2.0,0.0,1.0,2.0,60
2005-06-01,660,0,0,1.0,2.0,0.0,1.0,2.0,61
2005-07-01,660,0,0,1.0,2.0,0.0,1.0,2.0,62
2005-08-01,660,0,0,1.0,2.0,0.0,1.0,2.0,63
2005-09-01,660,0,0,1.0,2.0,0.0,1.0,2.0,64
2005-10-01,660,0,0,1.0,2.0,0.0,1.0,2.0,65
2005-11-01,660,0,0,1.0,2.0,0.0,1.0,2.0,66
2005-12-01,660,0,0,1.0,2.0,0.0,1.0,2.0,67
2006-01-01,660,0,0,1.0,2.0,0.0,1.0,2.0,68
2006-02-01,660,0,0,1.0,2.0,0.0,1.0,2.0,69
2006-03-01,660,0,0,1.0,2.0,0.0,1.0,2.0,70
2006-04-01,660,0,0,1.0,2.0,0.0,1.0,2.0,71
2006-05-01,660,0,1,1.0,2.0,0.0,1.0,2.0,72
2006-06-01,660,0,0,1.0,2.0,0.0,1.0,2.0,73
2006-07-01,660,0,0,1.0,2.0,0.0,1.0,2.0,74
2006-08-01,660,1,0,0.0,0.0,0.0,1.0,2.0,0
2006-09-01,660,1,0,0.0,0.0,1.0,0.0,0.0,0
2006-10-01,660,1,0,0.0,0.0,1.0,0.0,0.0,0
2006-11-01,660,1,0,0.0,0.0,1.0,0.0,0.0,0
2006-12-01,660,1,0,0.0,0.0,1.0,0.0,0.0,0
2007-01-01,660,1,0,0.0,0.0,1.0,0.0,0.0,0
2007-02-01,660,1,0,0.0,0.0,1.0,0.0,0.0,0
2007-03-01,660,1,0,0.0,0.0,1.0,0.0,0.0,0
2007-04-01,660,1,0,0.0,0.0,1.0,0.0,0.0,0
2007-05-01,660,0,1,1.0,0.0,1.0,0.0,0.0,1
2007-06-01,660,0,0,1.0,0.0,0.0,1.0,0.0,2
2007-07-01,660,1,0,0.0,0.0,0.0,1.0,0.0,0
2007-08-01,660,0,1,1.0,0.0,1.0,0.0,0.0,1
2007-09-01,660,1,0,0.0,0.0,0.0,1.0,0.0,0
2007-10-01,660,1,0,0.0,0.0,1.0,0.0,0.0,0
2007-11-01,660,1,0,0.0,0.0,1.0,0.0,0.0,0
2007-12-01,660,1,0,0.0,0.0,1.0,0.0,0.0,0
2008-01-01,660,1,0,0.0,0.0,1.0,0.0,0.0,0
2008-02-01,660,1,0,0.0,0.0,1.0,0.0,0.0,0
2008-03-01,660,1,0,0.0,0.0,1.0,0.0,0.0,0
2008-04-01,660,1,0,0.0,0.0,1.0,0.0,0.0,0
2008-05-01,660,1,0,0.0,0.0,1.0,0.0,0.0,0
2008-06-01,660,1,0,0.0,0.0,1.0,0.0,0.0,0
2008-07-01,660,1,0,0.0,0.0,1.0,0.0,0.0,0
2008-08-01,660,1,0,0.0,0.0,1.0,0.0,0.0,0
2008-09-01,660,1,0,0.0,0.0,1.0,0.0,0.0,0
2008-10-01,660,1,0,0.0,0.0,1.0,0.0,0.0,0
2008-11-01,660,1,0,0.0,0.0,1.0,0.0,0.0,0
2008-12-01,660,1,0,0.0,0.0,1.0,0.0,0.0,0
2009-01-01,660,1,0,0.0,0.0,1.0,0.0,0.0,0
2009-02-01,660,1,0,0.0,0.0,1.0,0.0,0.0,0
2009-03-01,660,1,0,0.0,0.0,1.0,0.0,0.0,0
2009-04-01,660,1,0,0.0,0.0,1.0,0.0,0.0,0
2009-05-01,660,1,0,0.0,0.0,1.0,0.0,0.0,0
2009-06-01,660,1,0,0.0,0.0,1.0,0.0,0.0,0
2009-07-01,660,1,0,0.0,0.0,1.0,0.0,0.0,0
2009-08-01,660,1,0,0.0,0.0,1.0,0.0,0.0,0
2009-09-01,660,1,0,0.0,0.0,1.0,0.0,0.0,0
2009-10-01,660,1,0,0.0,0.0,1.0,0.0,0.0,0
2009-11-01,660,1,0,0.0,0.0,1.0,0.0,0.0,0
2009-12-01,660,1,0,0.0,0.0,1.0,0.0,0.0,0
2010-01-01,660,1,0,0.0,0.0,1.0,0.0,0.0,0
2010-02-01,660,1,0,0.0,0.0,1.0,0.0,0.0,0
2010-03-01,660,1,0,0.0,0.0,1.0,0.0,0.0,0
2010-04-01,660,1,0,0.0,0.0,1.0,0.0,0.0,0
2010-05-01,660,1,0,0.0,0.0,1.0,0.0,0.0,0
2010-06-01,660,1,0,0.0,0.0,1.0,0.0,0.0,0
2010-07-01,660,1,0,0.0,0.0,1.0,0.0,0.0,0
2010-08-01,660,1,0,0.0,0.0,1.0,0.0,0.0,0
2010-09-01,660,1,0,0.0,0.0,1.0,0.0,0.0,0
2010-10-01,660,1,0,0.0,0.0,1.0,0.0,0.0,0
2010-11-01,660,1,0,0.0,0.0,1.0,0.0,0.0,0
2010-12-01,660,1,0,0.0,0.0,1.0,0.0,0.0,0
2011-01-01,660,1,0,0.0,0.0,1.0,0.0,0.0,0
2011-02-01,660,1,0,0.0,0.0,1.0,0.0,0.0,0
2011-03-01,660,1,0,0.0,0.0,1.0,0.0,0.0,0
2011-04-01,660,1,0,0.0,0.0,1.0,0.0,0.0,0
2011-05-01,660,1,0,0.0,0.0,1.0,0.0,0.0,0
2011-06-01,660,1,0,0.0,0.0,1.0,0.0,0.0,0
2011-07-01,660,1,0,0.0,0.0,1.0,0.0,0.0,0
2011-08-01,660,1,0,0.0,0.0,1.0,0.0,0.0,0
2011-09-01,660,1,0,0.0,0.0,1.0,0.0,0.0,0
2011-10-01,660,1,0,0.0,0.0,1.0,0.0,0.0,0
2011-11-01,660,1,0,0.0,0.0,1.0,0.0,0.0,0
2011-12-01,660,1,0,0.0,0.0,1.0,0.0,0.0,0
2012-01-01,660,1,0,0.0,0.0,1.0,0.0,0.0,0
2012-02-01,660,1,0,0.0,0.0,1.0,0.0,0.0,0
2012-03-01,660,1,0,0.0,0.0,1.0,0.0,0.0,0
2012-04-01,660,1,0,0.0,0.0,1.0,0.0,0.0,0
2012-05-01,660,1,0,0.0,0.0,1.0,0.0,0.0,0
2012-06-01,660,1,0,0.0,0.0,1.0,0.0,0.0,0
2012-07-01,660,1,0,0.0,0.0,1.0,0.0,0.0,0
2012-08-01,660,1,0,0.0,0.0,1.0,0.0,0.0,0
2012-09-01,660,1,0,0.0,0.0,1.0,0.0,0.0,0
2012-10-01,660,1,0,0.0,0.0,1.0,0.0,0.0,0
2012-11-01,660,1,0,0.0,0.0,1.0,0.0,0.0,0
2012-12-01,660,1,0,0.0,0.0,1.0,0.0,0.0,0
2013-01-01,660,1,0,0.0,0.0,1.0,0.0,0.0,0
2013-02-01,660,1,0,0.0,0.0,1.0,0.0,0.0,0
2013-03-01,660,1,0,0.0,0.0,1.0,0.0,0.0,0
2013-04-01,660,1,0,0.0,0.0,1.0,0.0,0.0,0
2013-05-01,660,1,0,0.0,0.0,1.0,0.0,0.0,0
2013-06-01,660,1,0,0.0,0.0,1.0,0.0,0.0,0
2013-07-01,660,1,0,0.0,0.0,1.0,0.0,0.0,0
2013-08-01,660,1,0,0.0,0.0,1.0,0.0,0.0,0
2013-09-01,660,1,0,0.0,0.0,1.0,0.0,0.0,0
2013-10-01,660,1,0,0.0,0.0,1.0,0.0,0.0,0
2013-11-01,660,1,0,0.0,0.0,1.0,0.0,0.0,0
2013-12-01,660,1,0,0.0,0.0,1.0,0.0,0.0,0
2014-01-01,660,1,0,0.0,0.0,1.0,0.0,0.0,0
2014-02-01,660,1,0,0.0,0.0,1.0,0.0,0.0,0
2014-03-01,660,1,0,0.0,0.0,1.0,0.0,0.0,0
2014-04-01,660,1,0,0.0,0.0,1.0,0.0,0.0,0
2014-05-01,660,1,0,0.0,0.0,1.0,0.0,0.0,0
2014-06-01,660,1,0,0.0,0.0,1.0,0.0,0.0,0
2014-07-01,660,1,0,0.0,0.0,1.0,0.0,0.0,0
2014-08-01,660,0,1,1.0,3.0,1.0,0.0,0.0,1
2014-09-01,660,1,0,0.0,0.0,0.0,1.0,3.0,0
2014-10-01,660,0,1,1.0,3.0,1.0,0.0,0.0,1
2014-11-01,660,0,0,1.0,3.0,0.0,1.0,3.0,2
1993-07-01,666,0,1,0.0,0.0,,,,1
1993-08-01,666,1,0,0.0,0.0,0.0,0.0,0.0,0
1993-09-01,666,0,1,0.0,0.0,1.0,0.0,0.0,1
1993-10-01,666,0,0,0.0,0.0,0.0,0.0,0.0,2
1993-11-01,666,0,0,0.0,0.0,0.0,0.0,0.0,3
1993-12-01,666,0,0,0.0,0.0,0.0,0.0,0.0,4
1994-01-01,666,0,0,0.0,0.0,0.0,0.0,0.0,5
1994-02-01,666,0,0,0.0,0.0,0.0,0.0,0.0,6
1994-03-01,666,1,0,0.0,0.0,0.0,0.0,0.0,0
1994-04-01,666,1,0,0.0,0.0,1.0,0.0,0.0,0
1994-05-01,666,1,0,0.0,0.0,1.0,0.0,0.0,0
1994-06-01,666,1,0,0.0,0.0,1.0,0.0,0.0,0
1994-07-01,666,1,0,0.0,0.0,1.0,0.0,0.0,0
1994-08-01,666,1,0,0.0,0.0,1.0,0.0,0.0,0
1994-09-01,666,1,0,0.0,0.0,1.0,0.0,0.0,0
1994-10-01,666,1,0,0.0,0.0,1.0,0.0,0.0,0
1994-11-01,666,1,0,0.0,0.0,1.0,0.0,0.0,0
1994-12-01,666,1,0,0.0,0.0,1.0,0.0,0.0,0
1995-01-01,666,1,0,0.0,0.0,1.0,0.0,0.0,0
1995-02-01,666,1,0,0.0,0.0,1.0,0.0,0.0,0
1995-03-01,666,1,0,0.0,0.0,1.0,0.0,0.0,0
1995-04-01,666,1,0,0.0,0.0,1.0,0.0,0.0,0
1995-05-01,666,1,0,0.0,0.0,1.0,0.0,0.0,0
1995-06-01,666,1,0,0.0,0.0,1.0,0.0,0.0,0
1995-07-01,666,1,0,0.0,0.0,1.0,0.0,0.0,0
1995-08-01,666,1,0,0.0,0.0,1.0,0.0,0.0,0
1995-09-01,666,1,0,0.0,0.0,1.0,0.0,0.0,0
1995-10-01,666,1,0,0.0,0.0,1.0,0.0,0.0,0
1995-11-01,666,1,0,0.0,0.0,1.0,0.0,0.0,0
1995-12-01,666,1,0,0.0,0.0,1.0,0.0,0.0,0
1996-01-01,666,1,0,0.0,0.0,1.0,0.0,0.0,0
1996-02-01,666,1,0,0.0,0.0,1.0,0.0,0.0,0
1996-03-01,666,1,0,0.0,0.0,1.0,0.0,0.0,0
1996-04-01,666,0,1,1.0,0.0,1.0,0.0,0.0,1
1996-05-01,666,1,0,0.0,0.0,0.0,1.0,0.0,0
1996-06-01,666,1,0,0.0,0.0,1.0,0.0,0.0,0
1996-07-01,666,1,0,0.0,0.0,1.0,0.0,0.0,0
1996-08-01,666,1,0,0.0,0.0,1.0,0.0,0.0,0
1996-09-01,666,1,0,0.0,0.0,1.0,0.0,0.0,0
1996-10-01,666,1,0,0.0,0.0,1.0,0.0,0.0,0
1996-11-01,666,1,0,0.0,0.0,1.0,0.0,0.0,0
1996-12-01,666,1,0,0.0,0.0,1.0,0.0,0.0,0
1997-01-01,666,1,0,0.0,0.0,1.0,0.0,0.0,0
1997-02-01,666,1,0,0.0,0.0,1.0,0.0,0.0,0
1997-03-01,666,1,0,0.0,0.0,1.0,0.0,0.0,0
1997-04-01,666,1,0,0.0,0.0,1.0,0.0,0.0,0
1997-05-01,666,1,0,0.0,0.0,1.0,0.0,0.0,0
1997-06-01,666,1,0,0.0,0.0,1.0,0.0,0.0,0
1997-07-01,666,1,0,0.0,0.0,1.0,0.0,0.0,0
1997-08-01,666,1,0,0.0,0.0,1.0,0.0,0.0,0
1997-09-01,666,1,0,0.0,0.0,1.0,0.0,0.0,0
1997-10-01,666,1,0,0.0,0.0,1.0,0.0,0.0,0
1997-11-01,666,1,0,0.0,0.0,1.0,0.0,0.0,0
1997-12-01,666,1,0,0.0,0.0,1.0,0.0,0.0,0
1998-01-01,666,1,0,0.0,0.0,1.0,0.0,0.0,0
1998-02-01,666,1,0,0.0,0.0,1.0,0.0,0.0,0
1998-03-01,666,1,0,0.0,0.0,1.0,0.0,0.0,0
1998-04-01,666,1,0,0.0,0.0,1.0,0.0,0.0,0
1998-05-01,666,1,0,0.0,0.0,1.0,0.0,0.0,0
1998-06-01,666,1,0,0.0,0.0,1.0,0.0,0.0,0
1998-07-01,666,1,0,0.0,0.0,1.0,0.0,0.0,0
1998-08-01,666,1,0,0.0,0.0,1.0,0.0,0.0,0
1998-09-01,666,1,0,0.0,0.0,1.0,0.0,0.0,0
1998-10-01,666,1,0,0.0,0.0,1.0,0.0,0.0,0
1998-11-01,666,1,0,0.0,0.0,1.0,0.0,0.0,0
1998-12-01,666,1,0,0.0,0.0,1.0,0.0,0.0,0
1999-01-01,666,1,0,0.0,0.0,1.0,0.0,0.0,0
1999-02-01,666,1,0,0.0,0.0,1.0,0.0,0.0,0
1999-03-01,666,1,0,0.0,0.0,1.0,0.0,0.0,0
1999-04-01,666,1,0,0.0,0.0,1.0,0.0,0.0,0
1999-05-01,666,1,0,0.0,0.0,1.0,0.0,0.0,0
1999-06-01,666,1,0,0.0,0.0,1.0,0.0,0.0,0
1999-07-01,666,1,0,0.0,0.0,1.0,0.0,0.0,0
1999-08-01,666,1,0,0.0,0.0,1.0,0.0,0.0,0
1999-09-01,666,1,0,0.0,0.0,1.0,0.0,0.0,0
1999-10-01,666,1,0,0.0,0.0,1.0,0.0,0.0,0
1999-11-01,666,1,0,0.0,0.0,1.0,0.0,0.0,0
1999-12-01,666,0,1,1.0,0.0,1.0,0.0,0.0,1
2000-01-01,666,1,0,0.0,0.0,0.0,1.0,0.0,0
2000-02-01,666,1,0,0.0,0.0,1.0,0.0,0.0,0
2000-03-01,666,1,0,0.0,0.0,1.0,0.0,0.0,0
2000-04-01,666,1,0,0.0,0.0,1.0,0.0,0.0,0
2000-05-01,666,1,0,0.0,0.0,1.0,0.0,0.0,0
2000-06-01,666,1,0,0.0,0.0,1.0,0.0,0.0,0
2000-07-01,666,1,0,0.0,0.0,1.0,0.0,0.0,0
2000-08-01,666,1,0,0.0,0.0,1.0,0.0,0.0,0
2000-09-01,666,1,0,0.0,0.0,1.0,0.0,0.0,0
2000-10-01,666,1,0,0.0,0.0,1.0,0.0,0.0,0
2000-11-01,666,1,0,0.0,0.0,1.0,0.0,0.0,0
2000-12-01,666,1,0,0.0,0.0,1.0,0.0,0.0,0
2001-01-01,666,1,0,0.0,0.0,1.0,0.0,0.0,0
2001-02-01,666,1,0,0.0,0.0,1.0,0.0,0.0,0
2001-03-01,666,1,0,0.0,0.0,1.0,0.0,0.0,0
2001-04-01,666,1,0,0.0,0.0,1.0,0.0,0.0,0
2001-05-01,666,0,1,0.0,0.0,1.0,0.0,0.0,1
2001-06-01,666,0,1,1.0,0.0,0.0,0.0,0.0,2
2001-07-01,666,0,0,1.0,0.0,0.0,1.0,0.0,3
2001-08-01,666,0,0,1.0,0.0,0.0,1.0,0.0,4
2001-09-01,666,0,1,0.0,0.0,0.0,1.0,0.0,5
2001-10-01,666,1,0,0.0,0.0,0.0,0.0,0.0,0
2001-11-01,666,1,0,0.0,0.0,1.0,0.0,0.0,0
2001-12-01,666,0,1,0.0,0.0,1.0,0.0,0.0,1
2002-01-01,666,0,0,0.0,0.0,0.0,0.0,0.0,2
2002-02-01,666,0,1,0.0,0.0,0.0,0.0,0.0,3
2002-03-01,666,1,0,0.0,0.0,0.0,0.0,0.0,0
2002-04-01,666,1,0,0.0,0.0,1.0,0.0,0.0,0
2002-05-01,666,1,0,0.0,0.0,1.0,0.0,0.0,0
2002-06-01,666,1,0,0.0,0.0,1.0,0.0,0.0,0
2002-07-01,666,1,0,0.0,0.0,1.0,0.0,0.0,0
2002-08-01,666,1,0,0.0,0.0,1.0,0.0,0.0,0
2002-09-01,666,1,0,0.0,0.0,1.0,0.0,0.0,0
2002-10-01,666,1,0,0.0,0.0,1.0,0.0,0.0,0
2002-11-01,666,1,0,0.0,0.0,1.0,0.0,0.0,0
2002-12-01,666,1,0,0.0,0.0,1.0,0.0,0.0,0
2003-01-01,666,1,0,0.0,0.0,1.0,0.0,0.0,0
2003-02-01,666,1,0,0.0,0.0,1.0,0.0,0.0,0
2003-03-01,666,1,0,0.0,0.0,1.0,0.0,0.0,0
2003-04-01,666,1,0,0.0,0.0,1.0,0.0,0.0,0
2003-05-01,666,1,0,0.0,0.0,1.0,0.0,0.0,0
2003-06-01,666,0,1,1.0,0.0,1.0,0.0,0.0,1
2003-07-01,666,0,0,1.0,0.0,0.0,1.0,0.0,2
2003-08-01,666,0,0,1.0,0.0,0.0,1.0,0.0,3
2003-09-01,666,1,0,0.0,0.0,0.0,1.0,0.0,0
2003-10-01,666,1,0,0.0,0.0,1.0,0.0,0.0,0
2003-11-01,666,1,0,0.0,0.0,1.0,0.0,0.0,0
2003-12-01,666,1,0,0.0,0.0,1.0,0.0,0.0,0
2004-01-01,666,1,0,0.0,0.0,1.0,0.0,0.0,0
2004-02-01,666,1,0,0.0,0.0,1.0,0.0,0.0,0
2004-03-01,666,1,0,0.0,0.0,1.0,0.0,0.0,0
2004-04-01,666,1,0,0.0,0.0,1.0,0.0,0.0,0
2004-05-01,666,1,0,0.0,0.0,1.0,0.0,0.0,0
2004-06-01,666,1,0,0.0,0.0,1.0,0.0,0.0,0
2004-07-01,666,1,0,0.0,0.0,1.0,0.0,0.0,0
2004-08-01,666,1,0,0.0,0.0,1.0,0.0,0.0,0
2004-09-01,666,1,0,0.0,0.0,1.0,0.0,0.0,0
2004-10-01,666,1,0,0.0,0.0,1.0,0.0,0.0,0
2004-11-01,666,1,0,0.0,0.0,1.0,0.0,0.0,0
2004-12-01,666,1,0,0.0,0.0,1.0,0.0,0.0,0
2005-01-01,666,1,0,0.0,0.0,1.0,0.0,0.0,0
2005-02-01,666,0,1,0.0,0.0,1.0,0.0,0.0,1
2005-03-01,666,0,0,0.0,0.0,0.0,0.0,0.0,2
2005-04-01,666,0,0,0.0,0.0,0.0,0.0,0.0,3
2005-05-01,666,0,0,0.0,0.0,0.0,0.0,0.0,4
2005-06-01,666,0,0,0.0,0.0,0.0,0.0,0.0,5
2005-07-01,666,0,1,0.0,0.0,0.0,0.0,0.0,6
2005-08-01,666,0,0,0.0,0.0,0.0,0.0,0.0,7
2005-09-01,666,0,1,0.0,0.0,0.0,0.0,0.0,8
2005-10-01,666,0,0,0.0,0.0,0.0,0.0,0.0,9
2005-11-01,666,0,0,0.0,0.0,0.0,0.0,0.0,10
2005-12-01,666,0,0,0.0,0.0,0.0,0.0,0.0,11
2006-01-01,666,1,0,0.0,0.0,0.0,0.0,0.0,0
2006-02-01,666,1,0,0.0,0.0,1.0,0.0,0.0,0
2006-03-01,666,1,0,0.0,0.0,1.0,0.0,0.0,0
2006-04-01,666,1,0,0.0,0.0,1.0,0.0,0.0,0
2006-05-01,666,1,0,0.0,0.0,1.0,0.0,0.0,0
2006-06-01,666,1,0,0.0,0.0,1.0,0.0,0.0,0
2006-07-01,666,0,1,0.0,0.0,1.0,0.0,0.0,1
2006-08-01,666,1,0,0.0,0.0,0.0,0.0,0.0,0
2006-09-01,666,1,0,0.0,0.0,1.0,0.0,0.0,0
2006-10-01,666,1,0,0.0,0.0,1.0,0.0,0.0,0
2006-11-01,666,0,1,0.0,0.0,1.0,0.0,0.0,1
2006-12-01,666,0,0,0.0,0.0,0.0,0.0,0.0,2
2007-01-01,666,0,0,0.0,0.0,0.0,0.0,0.0,3
2007-02-01,666,0,0,0.0,0.0,0.0,0.0,0.0,4
2007-03-01,666,0,0,0.0,0.0,0.0,0.0,0.0,5
2007-04-01,666,0,0,0.0,0.0,0.0,0.0,0.0,6
2007-05-01,666,0,0,0.0,0.0,0.0,0.0,0.0,7
2007-06-01,666,1,0,0.0,0.0,0.0,0.0,0.0,0
2007-07-01,666,1,0,0.0,0.0,1.0,0.0,0.0,0
2007-08-01,666,1,0,0.0,0.0,1.0,0.0,0.0,0
2007-09-01,666,1,0,0.0,0.0,1.0,0.0,0.0,0
2007-10-01,666,1,0,0.0,0.0,1.0,0.0,0.0,0
2007-11-01,666,1,0,0.0,0.0,1.0,0.0,0.0,0
2007-12-01,666,1,0,0.0,0.0,1.0,0.0,0.0,0
2008-01-01,666,0,1,0.0,0.0,1.0,0.0,0.0,1
2008-02-01,666,1,0,0.0,0.0,0.0,0.0,0.0,0
2008-03-01,666,1,0,0.0,0.0,1.0,0.0,0.0,0
2008-04-01,666,1,0,0.0,0.0,1.0,0.0,0.0,0
2008-05-01,666,1,0,0.0,0.0,1.0,0.0,0.0,0
2008-06-01,666,0,1,1.0,0.0,1.0,0.0,0.0,1
2008-07-01,666,0,0,1.0,0.0,0.0,1.0,0.0,2
2008-08-01,666,0,0,1.0,0.0,0.0,1.0,0.0,3
2008-09-01,666,0,0,1.0,0.0,0.0,1.0,0.0,4
2008-10-01,666,0,0,1.0,0.0,0.0,1.0,0.0,5
2008-11-01,666,0,0,1.0,0.0,0.0,1.0,0.0,6
2008-12-01,666,0,0,1.0,0.0,0.0,1.0,0.0,7
2009-01-01,666,0,1,0.0,0.0,0.0,1.0,0.0,8
2009-02-01,666,1,0,0.0,0.0,0.0,0.0,0.0,0
2009-03-01,666,1,0,0.0,0.0,1.0,0.0,0.0,0
2009-04-01,666,1,0,0.0,0.0,1.0,0.0,0.0,0
2009-05-01,666,1,0,0.0,0.0,1.0,0.0,0.0,0
2009-06-01,666,1,0,0.0,0.0,1.0,0.0,0.0,0
2009-07-01,666,1,0,0.0,0.0,1.0,0.0,0.0,0
2009-08-01,666,1,0,0.0,0.0,1.0,0.0,0.0,0
2009-09-01,666,1,0,0.0,0.0,1.0,0.0,0.0,0
2009-10-01,666,1,0,0.0,0.0,1.0,0.0,0.0,0
2009-11-01,666,1,0,0.0,0.0,1.0,0.0,0.0,0
2009-12-01,666,1,0,0.0,0.0,1.0,0.0,0.0,0
2010-01-01,666,1,0,0.0,0.0,1.0,0.0,0.0,0
2010-02-01,666,1,0,0.0,0.0,1.0,0.0,0.0,0
2010-03-01,666,1,0,0.0,0.0,1.0,0.0,0.0,0
2010-04-01,666,1,0,0.0,0.0,1.0,0.0,0.0,0
2010-05-01,666,1,0,0.0,0.0,1.0,0.0,0.0,0
2010-06-01,666,1,0,0.0,0.0,1.0,0.0,0.0,0
2010-07-01,666,1,0,0.0,0.0,1.0,0.0,0.0,0
2010-08-01,666,1,0,0.0,0.0,1.0,0.0,0.0,0
2010-09-01,666,1,0,0.0,0.0,1.0,0.0,0.0,0
2010-10-01,666,1,0,0.0,0.0,1.0,0.0,0.0,0
2010-11-01,666,1,0,0.0,0.0,1.0,0.0,0.0,0
2010-12-01,666,1,0,0.0,0.0,1.0,0.0,0.0,0
2011-01-01,666,1,0,0.0,0.0,1.0,0.0,0.0,0
2011-02-01,666,1,0,0.0,0.0,1.0,0.0,0.0,0
2011-03-01,666,1,0,0.0,0.0,1.0,0.0,0.0,0
2011-04-01,666,1,0,0.0,0.0,1.0,0.0,0.0,0
2011-05-01,666,1,0,0.0,0.0,1.0,0.0,0.0,0
2011-06-01,666,1,0,0.0,0.0,1.0,0.0,0.0,0
2011-07-01,666,1,0,0.0,0.0,1.0,0.0,0.0,0
2011-08-01,666,0,1,-1.0,0.0,1.0,0.0,0.0,1
2011-09-01,666,0,0,-1.0,0.0,0.0,-1.0,0.0,2
2011-10-01,666,0,0,-1.0,0.0,0.0,-1.0,0.0,3
2011-11-01,666,0,0,-1.0,0.0,0.0,-1.0,0.0,4
2011-12-01,666,0,0,-1.0,0.0,0.0,-1.0,0.0,5
2012-01-01,666,0,0,-1.0,0.0,0.0,-1.0,0.0,6
2012-02-01,666,0,0,-1.0,0.0,0.0,-1.0,0.0,7
2012-03-01,666,0,0,-1.0,0.0,0.0,-1.0,0.0,8
2012-04-01,666,1,0,0.0,0.0,0.0,-1.0,0.0,0
2012-05-01,666,1,0,0.0,0.0,1.0,0.0,0.0,0
2012-06-01,666,1,0,0.0,0.0,1.0,0.0,0.0,0
2012-07-01,666,1,0,0.0,0.0,1.0,0.0,0.0,0
2012-08-01,666,1,0,0.0,0.0,1.0,0.0,0.0,0
2012-09-01,666,1,0,0.0,0.0,1.0,0.0,0.0,0
2012-10-01,666,1,0,0.0,0.0,1.0,0.0,0.0,0
2012-11-01,666,0,1,0.0,0.0,1.0,0.0,0.0,1
2012-12-01,666,1,0,0.0,0.0,0.0,0.0,0.0,0
2013-01-01,666,1,0,0.0,0.0,1.0,0.0,0.0,0
2013-02-01,666,1,0,0.0,0.0,1.0,0.0,0.0,0
2013-03-01,666,1,0,0.0,0.0,1.0,0.0,0.0,0
2013-04-01,666,1,0,0.0,0.0,1.0,0.0,0.0,0
2013-05-01,666,1,0,0.0,0.0,1.0,0.0,0.0,0
2013-06-01,666,1,0,0.0,0.0,1.0,0.0,0.0,0
2013-07-01,666,1,0,0.0,0.0,1.0,0.0,0.0,0
2013-08-01,666,1,0,0.0,0.0,1.0,0.0,0.0,0
2013-09-01,666,1,0,0.0,0.0,1.0,0.0,0.0,0
2013-10-01,666,1,0,0.0,0.0,1.0,0.0,0.0,0
2013-11-01,666,1,0,0.0,0.0,1.0,0.0,0.0,0
2013-12-01,666,1,0,0.0,0.0,1.0,0.0,0.0,0
2014-01-01,666,1,0,0.0,0.0,1.0,0.0,0.0,0
2014-02-01,666,1,0,0.0,0.0,1.0,0.0,0.0,0
2014-03-01,666,1,0,0.0,0.0,1.0,0.0,0.0,0
2014-04-01,666,1,0,0.0,0.0,1.0,0.0,0.0,0
2014-05-01,666,1,0,0.0,0.0,1.0,0.0,0.0,0
2014-06-01,666,1,0,0.0,0.0,1.0,0.0,0.0,0
2014-07-01,666,0,1,1.0,0.0,1.0,0.0,0.0,1
2014-08-01,666,0,1,-1.0,0.0,0.0,1.0,0.0,2
1994-04-01,678,0,1,1.0,0.0,,,,1
1994-05-01,678,0,1,0.0,0.0,0.0,1.0,0.0,2
1994-06-01,678,0,1,1.0,0.0,0.0,0.0,0.0,3
1994-07-01,678,1,0,0.0,0.0,0.0,1.0,0.0,0
1994-08-01,678,1,0,0.0,0.0,1.0,0.0,0.0,0
1994-09-01,678,1,0,0.0,0.0,1.0,0.0,0.0,0
1994-10-01,678,1,0,0.0,0.0,1.0,0.0,0.0,0
1994-11-01,678,1,0,0.0,0.0,1.0,0.0,0.0,0
1994-12-01,678,1,0,0.0,0.0,1.0,0.0,0.0,0
1995-01-01,678,1,0,0.0,0.0,1.0,0.0,0.0,0
1995-02-01,678,1,0,0.0,0.0,1.0,0.0,0.0,0
1995-03-01,678,1,0,0.0,0.0,1.0,0.0,0.0,0
1995-04-01,678,1,0,0.0,0.0,1.0,0.0,0.0,0
1995-05-01,678,1,0,0.0,0.0,1.0,0.0,0.0,0
1995-06-01,678,1,0,0.0,0.0,1.0,0.0,0.0,0
1995-07-01,678,1,0,0.0,0.0,1.0,0.0,0.0,0
1995-08-01,678,1,0,0.0,0.0,1.0,0.0,0.0,0
1995-09-01,678,1,0,0.0,0.0,1.0,0.0,0.0,0
1995-10-01,678,1,0,0.0,0.0,1.0,0.0,0.0,0
1995-11-01,678,1,0,0.0,0.0,1.0,0.0,0.0,0
1995-12-01,678,1,0,0.0,0.0,1.0,0.0,0.0,0
1996-01-01,678,1,0,0.0,0.0,1.0,0.0,0.0,0
1996-02-01,678,1,0,0.0,0.0,1.0,0.0,0.0,0
1996-03-01,678,1,0,0.0,0.0,1.0,0.0,0.0,0
1996-04-01,678,1,0,0.0,0.0,1.0,0.0,0.0,0
1996-05-01,678,1,0,0.0,0.0,1.0,0.0,0.0,0
1996-06-01,678,1,0,0.0,0.0,1.0,0.0,0.0,0
1996-07-01,678,1,0,0.0,0.0,1.0,0.0,0.0,0
1996-08-01,678,1,0,0.0,0.0,1.0,0.0,0.0,0
1996-09-01,678,1,0,0.0,0.0,1.0,0.0,0.0,0
1996-10-01,678,1,0,0.0,0.0,1.0,0.0,0.0,0
1996-11-01,678,1,0,0.0,0.0,1.0,0.0,0.0,0
1996-12-01,678,1,0,0.0,0.0,1.0,0.0,0.0,0
1997-01-01,678,1,0,0.0,0.0,1.0,0.0,0.0,0
1997-02-01,678,1,0,0.0,0.0,1.0,0.0,0.0,0
1997-03-01,678,1,0,0.0,0.0,1.0,0.0,0.0,0
1997-04-01,678,1,0,0.0,0.0,1.0,0.0,0.0,0
1997-05-01,678,1,0,0.0,0.0,1.0,0.0,0.0,0
1997-06-01,678,1,0,0.0,0.0,1.0,0.0,0.0,0
1997-07-01,678,1,0,0.0,0.0,1.0,0.0,0.0,0
1997-08-01,678,1,0,0.0,0.0,1.0,0.0,0.0,0
1997-09-01,678,1,0,0.0,0.0,1.0,0.0,0.0,0
1997-10-01,678,1,0,0.0,0.0,1.0,0.0,0.0,0
1997-11-01,678,1,0,0.0,0.0,1.0,0.0,0.0,0
1997-12-01,678,1,0,0.0,0.0,1.0,0.0,0.0,0
1998-01-01,678,1,0,0.0,0.0,1.0,0.0,0.0,0
1998-02-01,678,1,0,0.0,0.0,1.0,0.0,0.0,0
1998-03-01,678,1,0,0.0,0.0,1.0,0.0,0.0,0
1998-04-01,678,1,0,0.0,0.0,1.0,0.0,0.0,0
1998-05-01,678,1,0,0.0,0.0,1.0,0.0,0.0,0
1998-06-01,678,1,0,0.0,0.0,1.0,0.0,0.0,0
1998-07-01,678,1,0,0.0,0.0,1.0,0.0,0.0,0
1998-08-01,678,1,0,0.0,0.0,1.0,0.0,0.0,0
1998-09-01,678,1,0,0.0,0.0,1.0,0.0,0.0,0
1998-10-01,678,1,0,0.0,0.0,1.0,0.0,0.0,0
1998-11-01,678,1,0,0.0,0.0,1.0,0.0,0.0,0
1998-12-01,678,1,0,0.0,0.0,1.0,0.0,0.0,0
1999-01-01,678,1,0,0.0,0.0,1.0,0.0,0.0,0
1999-02-01,678,1,0,0.0,0.0,1.0,0.0,0.0,0
1999-03-01,678,1,0,0.0,0.0,1.0,0.0,0.0,0
1999-04-01,678,1,0,0.0,0.0,1.0,0.0,0.0,0
1999-05-01,678,1,0,0.0,0.0,1.0,0.0,0.0,0
1999-06-01,678,1,0,0.0,0.0,1.0,0.0,0.0,0
1999-07-01,678,1,0,0.0,0.0,1.0,0.0,0.0,0
1999-08-01,678,1,0,0.0,0.0,1.0,0.0,0.0,0
1999-09-01,678,1,0,0.0,0.0,1.0,0.0,0.0,0
1999-10-01,678,1,0,0.0,0.0,1.0,0.0,0.0,0
1999-11-01,678,1,0,0.0,0.0,1.0,0.0,0.0,0
1999-12-01,678,1,0,0.0,0.0,1.0,0.0,0.0,0
2000-01-01,678,1,0,0.0,0.0,1.0,0.0,0.0,0
2000-02-01,678,1,0,0.0,0.0,1.0,0.0,0.0,0
2000-03-01,678,1,0,0.0,0.0,1.0,0.0,0.0,0
2000-04-01,678,1,0,0.0,0.0,1.0,0.0,0.0,0
2000-05-01,678,1,0,0.0,0.0,1.0,0.0,0.0,0
2000-06-01,678,1,0,0.0,0.0,1.0,0.0,0.0,0
2000-07-01,678,1,0,0.0,0.0,1.0,0.0,0.0,0
2000-08-01,678,1,0,0.0,0.0,1.0,0.0,0.0,0
2000-09-01,678,1,0,0.0,0.0,1.0,0.0,0.0,0
2000-10-01,678,1,0,0.0,0.0,1.0,0.0,0.0,0
2000-11-01,678,1,0,0.0,0.0,1.0,0.0,0.0,0
2000-12-01,678,1,0,0.0,0.0,1.0,0.0,0.0,0
2001-01-01,678,1,0,0.0,0.0,1.0,0.0,0.0,0
2001-02-01,678,1,0,0.0,0.0,1.0,0.0,0.0,0
2001-03-01,678,1,0,0.0,0.0,1.0,0.0,0.0,0
2001-04-01,678,1,0,0.0,0.0,1.0,0.0,0.0,0
2001-05-01,678,1,0,0.0,0.0,1.0,0.0,0.0,0
2001-06-01,678,1,0,0.0,0.0,1.0,0.0,0.0,0
2001-07-01,678,1,0,0.0,0.0,1.0,0.0,0.0,0
2001-08-01,678,1,0,0.0,0.0,1.0,0.0,0.0,0
2001-09-01,678,1,0,0.0,0.0,1.0,0.0,0.0,0
2001-10-01,678,1,0,0.0,0.0,1.0,0.0,0.0,0
2001-11-01,678,1,0,0.0,0.0,1.0,0.0,0.0,0
2001-12-01,678,0,1,0.0,0.0,1.0,0.0,0.0,1
2002-01-01,678,1,0,0.0,0.0,0.0,0.0,0.0,0
2002-02-01,678,1,0,0.0,0.0,1.0,0.0,0.0,0
2002-03-01,678,1,0,0.0,0.0,1.0,0.0,0.0,0
2002-04-01,678,1,0,0.0,0.0,1.0,0.0,0.0,0
2002-05-01,678,1,0,0.0,0.0,1.0,0.0,0.0,0
2002-06-01,678,1,0,0.0,0.0,1.0,0.0,0.0,0
2002-07-01,678,1,0,0.0,0.0,1.0,0.0,0.0,0
2002-08-01,678,1,0,0.0,0.0,1.0,0.0,0.0,0
2002-09-01,678,1,0,0.0,0.0,1.0,0.0,0.0,0
2002-10-01,678,1,0,0.0,0.0,1.0,0.0,0.0,0
2002-11-01,678,1,0,0.0,0.0,1.0,0.0,0.0,0
2002-12-01,678,1,0,0.0,0.0,1.0,0.0,0.0,0
2003-01-01,678,1,0,0.0,0.0,1.0,0.0,0.0,0
2003-02-01,678,1,0,0.0,0.0,1.0,0.0,0.0,0
2003-03-01,678,1,0,0.0,0.0,1.0,0.0,0.0,0
2003-04-01,678,1,0,0.0,0.0,1.0,0.0,0.0,0
2003-05-01,678,1,0,0.0,0.0,1.0,0.0,0.0,0
2003-06-01,678,1,0,0.0,0.0,1.0,0.0,0.0,0
2003-07-01,678,1,0,0.0,0.0,1.0,0.0,0.0,0
2003-08-01,678,1,0,0.0,0.0,1.0,0.0,0.0,0
2003-09-01,678,1,0,0.0,0.0,1.0,0.0,0.0,0
2003-10-01,678,1,0,0.0,0.0,1.0,0.0,0.0,0
2003-11-01,678,1,0,0.0,0.0,1.0,0.0,0.0,0
2003-12-01,678,1,0,0.0,0.0,1.0,0.0,0.0,0
2004-01-01,678,1,0,0.0,0.0,1.0,0.0,0.0,0
2004-02-01,678,1,0,0.0,0.0,1.0,0.0,0.0,0
2004-03-01,678,1,0,0.0,0.0,1.0,0.0,0.0,0
2004-04-01,678,1,0,0.0,0.0,1.0,0.0,0.0,0
2004-05-01,678,1,0,0.0,0.0,1.0,0.0,0.0,0
2004-06-01,678,1,0,0.0,0.0,1.0,0.0,0.0,0
2004-07-01,678,1,0,0.0,0.0,1.0,0.0,0.0,0
2004-08-01,678,1,0,0.0,0.0,1.0,0.0,0.0,0
2004-09-01,678,1,0,0.0,0.0,1.0,0.0,0.0,0
2004-10-01,678,1,0,0.0,0.0,1.0,0.0,0.0,0
2004-11-01,678,1,0,0.0,0.0,1.0,0.0,0.0,0
2004-12-01,678,1,0,0.0,0.0,1.0,0.0,0.0,0
2005-01-01,678,1,0,0.0,0.0,1.0,0.0,0.0,0
2005-02-01,678,1,0,0.0,0.0,1.0,0.0,0.0,0
2005-03-01,678,1,0,0.0,0.0,1.0,0.0,0.0,0
2005-04-01,678,1,0,0.0,0.0,1.0,0.0,0.0,0
2005-05-01,678,1,0,0.0,0.0,1.0,0.0,0.0,0
2005-06-01,678,1,0,0.0,0.0,1.0,0.0,0.0,0
2005-07-01,678,1,0,0.0,0.0,1.0,0.0,0.0,0
2005-08-01,678,1,0,0.0,0.0,1.0,0.0,0.0,0
2005-09-01,678,1,0,0.0,0.0,1.0,0.0,0.0,0
2005-10-01,678,1,0,0.0,0.0,1.0,0.0,0.0,0
2005-11-01,678,1,0,0.0,0.0,1.0,0.0,0.0,0
2005-12-01,678,1,0,0.0,0.0,1.0,0.0,0.0,0
2006-01-01,678,1,0,0.0,0.0,1.0,0.0,0.0,0
2006-02-01,678,1,0,0.0,0.0,1.0,0.0,0.0,0
2006-03-01,678,1,0,0.0,0.0,1.0,0.0,0.0,0
2006-04-01,678,1,0,0.0,0.0,1.0,0.0,0.0,0
2006-05-01,678,1,0,0.0,0.0,1.0,0.0,0.0,0
2006-06-01,678,1,0,0.0,0.0,1.0,0.0,0.0,0
2006-07-01,678,1,0,0.0,0.0,1.0,0.0,0.0,0
2006-08-01,678,1,0,0.0,0.0,1.0,0.0,0.0,0
2006-09-01,678,1,0,0.0,0.0,1.0,0.0,0.0,0
2006-10-01,678,1,0,0.0,0.0,1.0,0.0,0.0,0
2006-11-01,678,1,0,0.0,0.0,1.0,0.0,0.0,0
2006-12-01,678,1,0,0.0,0.0,1.0,0.0,0.0,0
2007-01-01,678,1,0,0.0,0.0,1.0,0.0,0.0,0
2007-02-01,678,1,0,0.0,0.0,1.0,0.0,0.0,0
2007-03-01,678,1,0,0.0,0.0,1.0,0.0,0.0,0
2007-04-01,678,1,0,0.0,0.0,1.0,0.0,0.0,0
2007-05-01,678,1,0,0.0,0.0,1.0,0.0,0.0,0
2007-06-01,678,0,1,1.0,0.0,1.0,0.0,0.0,1
2007-07-01,678,0,0,1.0,0.0,0.0,1.0,0.0,2
2007-08-01,678,0,0,1.0,0.0,0.0,1.0,0.0,3
2007-09-01,678,0,0,1.0,0.0,0.0,1.0,0.0,4
2007-10-01,678,0,0,1.0,0.0,0.0,1.0,0.0,5
2007-11-01,678,0,0,1.0,0.0,0.0,1.0,0.0,6
2007-12-01,678,0,0,1.0,0.0,0.0,1.0,0.0,7
2008-01-01,678,0,0,1.0,0.0,0.0,1.0,0.0,8
2008-02-01,678,1,0,0.0,0.0,0.0,1.0,0.0,0
2008-03-01,678,1,0,0.0,0.0,1.0,0.0,0.0,0
2008-04-01,678,1,0,0.0,0.0,1.0,0.0,0.0,0
2008-05-01,678,1,0,0.0,0.0,1.0,0.0,0.0,0
2008-06-01,678,1,0,0.0,0.0,1.0,0.0,0.0,0
2008-07-01,678,1,0,0.0,0.0,1.0,0.0,0.0,0
2008-08-01,678,1,0,0.0,0.0,1.0,0.0,0.0,0
2008-09-01,678,1,0,0.0,0.0,1.0,0.0,0.0,0
2008-10-01,678,1,0,0.0,0.0,1.0,0.0,0.0,0
2008-11-01,678,1,0,0.0,0.0,1.0,0.0,0.0,0
2008-12-01,678,1,0,0.0,0.0,1.0,0.0,0.0,0
2009-01-01,678,0,1,1.0,0.0,1.0,0.0,0.0,1
2009-02-01,678,1,0,0.0,0.0,0.0,1.0,0.0,0
2009-03-01,678,1,0,0.0,0.0,1.0,0.0,0.0,0
2009-04-01,678,1,0,0.0,0.0,1.0,0.0,0.0,0
2009-05-01,678,1,0,0.0,0.0,1.0,0.0,0.0,0
2009-06-01,678,1,0,0.0,0.0,1.0,0.0,0.0,0
2009-07-01,678,1,0,0.0,0.0,1.0,0.0,0.0,0
2009-08-01,678,1,0,0.0,0.0,1.0,0.0,0.0,0
2009-09-01,678,0,1,0.0,0.0,1.0,0.0,0.0,1
2009-10-01,678,1,0,0.0,0.0,0.0,0.0,0.0,0
2009-11-01,678,1,0,0.0,0.0,1.0,0.0,0.0,0
2009-12-01,678,1,0,0.0,0.0,1.0,0.0,0.0,0
2010-01-01,678,1,0,0.0,0.0,1.0,0.0,0.0,0
2010-02-01,678,1,0,0.0,0.0,1.0,0.0,0.0,0
2010-03-01,678,1,0,0.0,0.0,1.0,0.0,0.0,0
2010-04-01,678,1,0,0.0,0.0,1.0,0.0,0.0,0
2010-05-01,678,1,0,0.0,0.0,1.0,0.0,0.0,0
2010-06-01,678,1,0,0.0,0.0,1.0,0.0,0.0,0
2010-07-01,678,1,0,0.0,0.0,1.0,0.0,0.0,0
2010-08-01,678,1,0,0.0,0.0,1.0,0.0,0.0,0
2010-09-01,678,1,0,0.0,0.0,1.0,0.0,0.0,0
2010-10-01,678,1,0,0.0,0.0,1.0,0.0,0.0,0
2010-11-01,678,1,0,0.0,0.0,1.0,0.0,0.0,0
2010-12-01,678,1,0,0.0,0.0,1.0,0.0,0.0,0
2011-01-01,678,1,0,0.0,0.0,1.0,0.0,0.0,0
2011-02-01,678,1,0,0.0,0.0,1.0,0.0,0.0,0
2011-03-01,678,1,0,0.0,0.0,1.0,0.0,0.0,0
2011-04-01,678,1,0,0.0,0.0,1.0,0.0,0.0,0
2011-05-01,678,0,1,1.0,0.0,1.0,0.0,0.0,1
2011-06-01,678,0,1,1.0,0.0,0.0,1.0,0.0,2
2011-07-01,678,1,0,0.0,0.0,0.0,1.0,0.0,0
2011-08-01,678,1,0,0.0,0.0,1.0,0.0,0.0,0
2011-09-01,678,1,0,0.0,0.0,1.0,0.0,0.0,0
2011-10-01,678,1,0,0.0,0.0,1.0,0.0,0.0,0
2011-11-01,678,1,0,0.0,0.0,1.0,0.0,0.0,0
2011-12-01,678,1,0,0.0,0.0,1.0,0.0,0.0,0
2012-01-01,678,1,0,0.0,0.0,1.0,0.0,0.0,0
2012-02-01,678,1,0,0.0,0.0,1.0,0.0,0.0,0
2012-03-01,678,1,0,0.0,0.0,1.0,0.0,0.0,0
2012-04-01,678,1,0,0.0,0.0,1.0,0.0,0.0,0
2012-05-01,678,1,0,0.0,0.0,1.0,0.0,0.0,0
2012-06-01,678,1,0,0.0,0.0,1.0,0.0,0.0,0
2012-07-01,678,1,0,0.0,0.0,1.0,0.0,0.0,0
2012-08-01,678,1,0,0.0,0.0,1.0,0.0,0.0,0
2012-09-01,678,1,0,0.0,0.0,1.0,0.0,0.0,0
2012-10-01,678,1,0,0.0,0.0,1.0,0.0,0.0,0
2012-11-01,678,1,0,0.0,0.0,1.0,0.0,0.0,0
2012-12-01,678,1,0,0.0,0.0,1.0,0.0,0.0,0
2013-01-01,678,1,0,0.0,0.0,1.0,0.0,0.0,0
2013-02-01,678,1,0,0.0,0.0,1.0,0.0,0.0,0
2013-03-01,678,1,0,0.0,0.0,1.0,0.0,0.0,0
2013-04-01,678,1,0,0.0,0.0,1.0,0.0,0.0,0
2013-05-01,678,1,0,0.0,0.0,1.0,0.0,0.0,0
2013-06-01,678,1,0,0.0,0.0,1.0,0.0,0.0,0
2013-07-01,678,1,0,0.0,0.0,1.0,0.0,0.0,0
2013-08-01,678,1,0,0.0,0.0,1.0,0.0,0.0,0
2013-09-01,678,1,0,0.0,0.0,1.0,0.0,0.0,0
2013-10-01,678,1,0,0.0,0.0,1.0,0.0,0.0,0
2013-11-01,678,1,0,0.0,0.0,1.0,0.0,0.0,0
2013-12-01,678,1,0,0.0,0.0,1.0,0.0,0.0,0
2014-01-01,678,1,0,0.0,0.0,1.0,0.0,0.0,0
2014-02-01,678,0,1,0.0,0.0,1.0,0.0,0.0,1
2014-03-01,678,0,0,0.0,0.0,0.0,0.0,0.0,2
2014-04-01,678,1,0,0.0,0.0,0.0,0.0,0.0,0
2014-05-01,678,1,0,0.0,0.0,1.0,0.0,0.0,0
2014-06-01,678,0,1,-1.0,0.0,1.0,0.0,0.0,1
2014-07-01,678,0,0,-1.0,0.0,0.0,-1.0,0.0,2
2014-08-01,678,1,0,0.0,0.0,0.0,-1.0,0.0,0
2014-09-01,678,1,0,0.0,0.0,1.0,0.0,0.0,0
2014-10-01,678,1,0,0.0,0.0,1.0,0.0,0.0,0
2014-11-01,678,1,0,0.0,0.0,1.0,0.0,0.0,0
2014-12-01,678,1,0,0.0,0.0,1.0,0.0,0.0,0
2015-01-01,678,1,0,0.0,0.0,1.0,0.0,0.0,0
2015-02-01,678,1,0,0.0,0.0,1.0,0.0,0.0,0
2015-03-01,678,1,0,0.0,0.0,1.0,0.0,0.0,0
2015-04-01,678,1,0,0.0,0.0,1.0,0.0,0.0,0
2015-05-01,678,0,1,0.0,0.0,1.0,0.0,0.0,1
2015-06-01,678,1,0,0.0,0.0,0.0,0.0,0.0,0
2015-07-01,678,0,1,0.0,0.0,1.0,0.0,0.0,1
2015-08-01,678,1,0,0.0,0.0,0.0,0.0,0.0,0
2015-09-01,678,1,0,0.0,0.0,1.0,0.0,0.0,0
2015-10-01,678,1,0,0.0,0.0,1.0,0.0,0.0,0
2015-11-01,678,1,0,0.0,0.0,1.0,0.0,0.0,0
2015-12-01,678,0,1,1.0,0.0,1.0,0.0,0.0,1
2016-01-01,678,0,0,1.0,0.0,0.0,1.0,0.0,2
2016-02-01,678,1,0,0.0,0.0,0.0,1.0,0.0,0
2016-03-01,678,1,1,0.0,0.0,1.0,0.0,0.0,0
2016-04-01,678,0,1,1.0,0.0,1.0,0.0,0.0,1
2016-05-01,678,0,0,1.0,0.0,0.0,1.0,0.0,2
2016-06-01,678,0,0,1.0,0.0,0.0,1.0,0.0,3
2016-07-01,678,0,0,1.0,0.0,0.0,1.0,0.0,4
2016-08-01,678,0,0,1.0,0.0,0.0,1.0,0.0,5
2016-09-01,678,1,0,0.0,0.0,0.0,1.0,0.0,0
2016-10-01,678,0,1,1.0,0.0,1.0,0.0,0.0,1
2016-11-01,678,0,1,1.0,0.0,0.0,1.0,0.0,2
2016-12-01,678,1,0,0.0,0.0,0.0,1.0,0.0,0
2017-01-01,678,1,0,0.0,0.0,1.0,0.0,0.0,0
2017-02-01,678,1,0,0.0,0.0,1.0,0.0,0.0,0
2017-03-01,678,1,0,0.0,0.0,1.0,0.0,0.0,0
2017-04-01,678,1,0,0.0,0.0,1.0,0.0,0.0,0
2017-05-01,678,1,0,0.0,0.0,1.0,0.0,0.0,0
2017-06-01,678,1,0,0.0,0.0,1.0,0.0,0.0,0
2017-07-01,678,1,0,0.0,0.0,1.0,0.0,0.0,0
2017-08-01,678,1,0,0.0,0.0,1.0,0.0,0.0,0
2017-09-01,678,1,0,0.0,0.0,1.0,0.0,0.0,0
2017-10-01,678,1,0,0.0,0.0,1.0,0.0,0.0,0
2017-11-01,678,1,0,0.0,0.0,1.0,0.0,0.0,0
2017-12-01,678,1,0,0.0,0.0,1.0,0.0,0.0,0
2018-01-01,678,1,0,0.0,0.0,1.0,0.0,0.0,0
2018-02-01,678,1,0,0.0,0.0,1.0,0.0,0.0,0
2018-03-01,678,1,0,0.0,0.0,1.0,0.0,0.0,0
2018-04-01,678,1,0,0.0,0.0,1.0,0.0,0.0,0
2018-05-01,678,1,0,0.0,0.0,1.0,0.0,0.0,0
2018-06-01,678,1,0,0.0,0.0,1.0,0.0,0.0,0
2018-07-01,678,1,0,0.0,0.0,1.0,0.0,0.0,0
2018-08-01,678,1,0,0.0,0.0,1.0,0.0,0.0,0
2018-09-01,678,1,0,0.0,0.0,1.0,0.0,0.0,0
2018-10-01,678,1,0,0.0,0.0,1.0,0.0,0.0,0
2018-11-01,678,1,0,0.0,0.0,1.0,0.0,0.0,0
2018-12-01,678,1,0,0.0,0.0,1.0,0.0,0.0,0
2019-01-01,678,1,0,0.0,0.0,1.0,0.0,0.0,0
2019-02-01,678,1,0,0.0,0.0,1.0,0.0,0.0,0
2019-03-01,678,1,0,0.0,0.0,1.0,0.0,0.0,0
2019-04-01,678,1,0,0.0,0.0,1.0,0.0,0.0,0
2019-05-01,678,1,0,0.0,0.0,1.0,0.0,0.0,0
2019-06-01,678,1,0,0.0,0.0,1.0,0.0,0.0,0
2019-07-01,678,1,0,0.0,0.0,1.0,0.0,0.0,0
2019-08-01,678,1,0,0.0,0.0,1.0,0.0,0.0,0
2019-09-01,678,1,0,0.0,0.0,1.0,0.0,0.0,0
2019-10-01,678,1,0,0.0,0.0,1.0,0.0,0.0,0
2019-11-01,678,1,0,0.0,0.0,1.0,0.0,0.0,0
2019-12-01,678,1,0,0.0,0.0,1.0,0.0,0.0,0
2020-01-01,678,1,0,0.0,0.0,1.0,0.0,0.0,0
2020-02-01,678,1,0,0.0,0.0,1.0,0.0,0.0,0
2020-03-01,678,1,0,0.0,0.0,1.0,0.0,0.0,0
2020-04-01,678,0,1,1.0,0.0,1.0,0.0,0.0,1
2020-05-01,678,0,0,1.0,0.0,0.0,1.0,0.0,2
1989-07-01,700,0,1,0.0,0.0,,,,1
1989-08-01,700,1,0,0.0,0.0,0.0,0.0,0.0,0
1989-09-01,700,1,0,0.0,0.0,1.0,0.0,0.0,0
1989-10-01,700,1,0,0.0,0.0,1.0,0.0,0.0,0
1989-11-01,700,1,0,0.0,0.0,1.0,0.0,0.0,0
1989-12-01,700,1,0,0.0,0.0,1.0,0.0,0.0,0
1990-01-01,700,1,0,0.0,0.0,1.0,0.0,0.0,0
1990-02-01,700,1,0,0.0,0.0,1.0,0.0,0.0,0
1990-03-01,700,1,0,0.0,0.0,1.0,0.0,0.0,0
1990-04-01,700,1,0,0.0,0.0,1.0,0.0,0.0,0
1990-05-01,700,1,0,0.0,0.0,1.0,0.0,0.0,0
1990-06-01,700,1,0,0.0,0.0,1.0,0.0,0.0,0
1990-07-01,700,1,0,0.0,0.0,1.0,0.0,0.0,0
1990-08-01,700,1,0,0.0,0.0,1.0,0.0,0.0,0
1990-09-01,700,1,0,0.0,0.0,1.0,0.0,0.0,0
1990-10-01,700,1,0,0.0,0.0,1.0,0.0,0.0,0
1990-11-01,700,1,0,0.0,0.0,1.0,0.0,0.0,0
1990-12-01,700,1,0,0.0,0.0,1.0,0.0,0.0,0
1991-01-01,700,1,0,0.0,0.0,1.0,0.0,0.0,0
1991-02-01,700,1,0,0.0,0.0,1.0,0.0,0.0,0
1991-03-01,700,0,1,0.0,0.0,1.0,0.0,0.0,1
1991-04-01,700,0,0,0.0,0.0,0.0,0.0,0.0,2
1991-05-01,700,1,0,0.0,0.0,0.0,0.0,0.0,0
1991-06-01,700,1,0,0.0,0.0,1.0,0.0,0.0,0
1991-07-01,700,1,0,0.0,0.0,1.0,0.0,0.0,0
1991-08-01,700,1,0,0.0,0.0,1.0,0.0,0.0,0
1991-09-01,700,1,0,0.0,0.0,1.0,0.0,0.0,0
1991-10-01,700,1,0,0.0,0.0,1.0,0.0,0.0,0
1991-11-01,700,1,0,0.0,0.0,1.0,0.0,0.0,0
1991-12-01,700,1,0,0.0,0.0,1.0,0.0,0.0,0
1992-01-01,700,1,0,0.0,0.0,1.0,0.0,0.0,0
1992-02-01,700,1,0,0.0,0.0,1.0,0.0,0.0,0
1992-03-01,700,1,0,0.0,0.0,1.0,0.0,0.0,0
1992-04-01,700,1,0,0.0,0.0,1.0,0.0,0.0,0
1992-05-01,700,1,0,0.0,0.0,1.0,0.0,0.0,0
1992-06-01,700,1,0,0.0,0.0,1.0,0.0,0.0,0
1992-07-01,700,1,0,0.0,0.0,1.0,0.0,0.0,0
1992-08-01,700,0,1,0.0,0.0,1.0,0.0,0.0,1
1992-09-01,700,1,0,0.0,0.0,0.0,0.0,0.0,0
1992-10-01,700,1,0,0.0,0.0,1.0,0.0,0.0,0
1992-11-01,700,1,0,0.0,0.0,1.0,0.0,0.0,0
1992-12-01,700,1,0,0.0,0.0,1.0,0.0,0.0,0
1993-01-01,700,1,0,0.0,0.0,1.0,0.0,0.0,0
1993-02-01,700,0,1,1.0,0.0,1.0,0.0,0.0,1
1993-03-01,700,1,0,0.0,0.0,0.0,1.0,0.0,0
1993-04-01,700,1,0,0.0,0.0,1.0,0.0,0.0,0
1993-05-01,700,1,0,0.0,0.0,1.0,0.0,0.0,0
1993-06-01,700,1,0,0.0,0.0,1.0,0.0,0.0,0
1993-07-01,700,1,0,0.0,0.0,1.0,0.0,0.0,0
1993-08-01,700,1,0,0.0,0.0,1.0,0.0,0.0,0
1993-09-01,700,1,0,0.0,0.0,1.0,0.0,0.0,0
1993-10-01,700,1,0,0.0,0.0,1.0,0.0,0.0,0
1993-11-01,700,1,0,0.0,0.0,1.0,0.0,0.0,0
1993-12-01,700,1,0,0.0,0.0,1.0,0.0,0.0,0
1994-01-01,700,0,1,0.0,0.0,1.0,0.0,0.0,1
1994-02-01,700,0,1,1.0,0.0,0.0,0.0,0.0,2
1994-03-01,700,1,1,0.0,0.0,0.0,1.0,0.0,0
1994-04-01,700,0,0,0.0,0.0,1.0,0.0,0.0,1
1994-05-01,700,0,1,0.0,0.0,0.0,0.0,0.0,2
1994-06-01,700,1,0,0.0,0.0,0.0,0.0,0.0,0
1994-07-01,700,1,0,0.0,0.0,1.0,0.0,0.0,0
1994-08-01,700,1,0,0.0,0.0,1.0,0.0,0.0,0
1994-09-01,700,1,0,0.0,0.0,1.0,0.0,0.0,0
1994-10-01,700,0,1,1.0,0.0,1.0,0.0,0.0,1
1994-11-01,700,1,0,0.0,0.0,0.0,1.0,0.0,0
1994-12-01,700,1,0,0.0,0.0,1.0,0.0,0.0,0
1995-01-01,700,0,1,0.0,0.0,1.0,0.0,0.0,1
1995-02-01,700,1,0,0.0,0.0,0.0,0.0,0.0,0
1995-03-01,700,1,0,0.0,0.0,1.0,0.0,0.0,0
1995-04-01,700,1,0,0.0,0.0,1.0,0.0,0.0,0
1995-05-01,700,1,0,0.0,0.0,1.0,0.0,0.0,0
1995-06-01,700,0,1,0.0,0.0,1.0,0.0,0.0,1
1995-07-01,700,1,0,0.0,0.0,0.0,0.0,0.0,0
1995-08-01,700,1,0,0.0,0.0,1.0,0.0,0.0,0
1995-09-01,700,1,0,0.0,0.0,1.0,0.0,0.0,0
1995-10-01,700,1,0,0.0,0.0,1.0,0.0,0.0,0
1995-11-01,700,1,0,0.0,0.0,1.0,0.0,0.0,0
1995-12-01,700,1,0,0.0,0.0,1.0,0.0,0.0,0
1996-01-01,700,1,0,0.0,0.0,1.0,0.0,0.0,0
1996-02-01,700,1,0,0.0,0.0,1.0,0.0,0.0,0
1996-03-01,700,1,0,0.0,0.0,1.0,0.0,0.0,0
1996-04-01,700,1,0,0.0,0.0,1.0,0.0,0.0,0
1996-05-01,700,1,0,0.0,0.0,1.0,0.0,0.0,0
1996-06-01,700,1,0,0.0,0.0,1.0,0.0,0.0,0
1996-07-01,700,1,0,0.0,0.0,1.0,0.0,0.0,0
1996-08-01,700,1,0,0.0,0.0,1.0,0.0,0.0,0
1996-09-01,700,1,0,0.0,0.0,1.0,0.0,0.0,0
1996-10-01,700,1,0,0.0,0.0,1.0,0.0,0.0,0
1996-11-01,700,1,0,0.0,0.0,1.0,0.0,0.0,0
1996-12-01,700,1,0,0.0,0.0,1.0,0.0,0.0,0
1997-01-01,700,1,0,0.0,0.0,1.0,0.0,0.0,0
1997-02-01,700,1,0,0.0,0.0,1.0,0.0,0.0,0
1997-03-01,700,1,0,0.0,0.0,1.0,0.0,0.0,0
1997-04-01,700,0,1,0.0,0.0,1.0,0.0,0.0,1
1997-05-01,700,1,0,0.0,0.0,0.0,0.0,0.0,0
1997-06-01,700,1,0,0.0,0.0,1.0,0.0,0.0,0
1997-07-01,700,1,0,0.0,0.0,1.0,0.0,0.0,0
1997-08-01,700,1,0,0.0,0.0,1.0,0.0,0.0,0
1997-09-01,700,1,0,0.0,0.0,1.0,0.0,0.0,0
1997-10-01,700,1,0,0.0,0.0,1.0,0.0,0.0,0
1997-11-01,700,1,0,0.0,0.0,1.0,0.0,0.0,0
1997-12-01,700,1,0,0.0,0.0,1.0,0.0,0.0,0
1998-01-01,700,1,0,0.0,0.0,1.0,0.0,0.0,0
1998-02-01,700,0,1,0.0,0.0,1.0,0.0,0.0,1
1998-03-01,700,1,0,0.0,0.0,0.0,0.0,0.0,0
1998-04-01,700,0,1,1.0,0.0,1.0,0.0,0.0,1
1998-05-01,700,1,0,0.0,0.0,0.0,1.0,0.0,0
1998-06-01,700,1,0,0.0,0.0,1.0,0.0,0.0,0
1998-07-01,700,1,0,0.0,0.0,1.0,0.0,0.0,0
1998-08-01,700,1,0,0.0,0.0,1.0,0.0,0.0,0
1998-09-01,700,1,0,0.0,0.0,1.0,0.0,0.0,0
1998-10-01,700,0,1,1.0,0.0,1.0,0.0,0.0,1
1998-11-01,700,0,0,1.0,0.0,0.0,1.0,0.0,2
1998-12-01,700,1,0,0.0,0.0,0.0,1.0,0.0,0
1999-01-01,700,1,0,0.0,0.0,1.0,0.0,0.0,0
1999-02-01,700,1,0,0.0,0.0,1.0,0.0,0.0,0
1999-03-01,700,1,0,0.0,0.0,1.0,0.0,0.0,0
1999-04-01,700,1,0,0.0,0.0,1.0,0.0,0.0,0
1999-05-01,700,1,0,0.0,0.0,1.0,0.0,0.0,0
1999-06-01,700,0,1,0.0,0.0,1.0,0.0,0.0,1
1999-07-01,700,1,0,0.0,0.0,0.0,0.0,0.0,0
1999-08-01,700,1,0,0.0,0.0,1.0,0.0,0.0,0
1999-09-01,700,1,0,0.0,0.0,1.0,0.0,0.0,0
1999-10-01,700,1,0,0.0,0.0,1.0,0.0,0.0,0
1999-11-01,700,1,0,0.0,0.0,1.0,0.0,0.0,0
1999-12-01,700,1,0,0.0,0.0,1.0,0.0,0.0,0
2000-01-01,700,1,0,0.0,0.0,1.0,0.0,0.0,0
2000-02-01,700,1,0,0.0,0.0,1.0,0.0,0.0,0
2000-03-01,700,1,0,0.0,0.0,1.0,0.0,0.0,0
2000-04-01,700,1,1,0.0,0.0,1.0,0.0,0.0,0
2000-05-01,700,0,0,0.0,0.0,1.0,0.0,0.0,1
2000-06-01,700,0,1,0.0,0.0,0.0,0.0,0.0,2
2000-07-01,700,1,0,0.0,0.0,0.0,0.0,0.0,0
2000-08-01,700,1,0,0.0,0.0,1.0,0.0,0.0,0
2000-09-01,700,1,0,0.0,0.0,1.0,0.0,0.0,0
2000-10-01,700,0,1,0.0,0.0,1.0,0.0,0.0,1
2000-11-01,700,0,0,0.0,0.0,0.0,0.0,0.0,2
2000-12-01,700,1,0,0.0,0.0,0.0,0.0,0.0,0
2001-01-01,700,0,1,0.0,0.0,1.0,0.0,0.0,1
2001-02-01,700,1,0,0.0,0.0,0.0,0.0,0.0,0
2001-03-01,700,0,1,0.0,0.0,1.0,0.0,0.0,1
2001-04-01,700,0,1,0.0,0.0,0.0,0.0,0.0,2
2001-05-01,700,0,1,0.0,0.0,0.0,0.0,0.0,3
2001-06-01,700,1,0,0.0,0.0,0.0,0.0,0.0,0
2001-07-01,700,1,0,0.0,0.0,1.0,0.0,0.0,0
2001-08-01,700,1,0,0.0,0.0,1.0,0.0,0.0,0
2001-09-01,700,1,0,0.0,0.0,1.0,0.0,0.0,0
2001-10-01,700,1,0,0.0,0.0,1.0,0.0,0.0,0
2001-11-01,700,1,0,0.0,0.0,1.0,0.0,0.0,0
2001-12-01,700,1,0,0.0,0.0,1.0,0.0,0.0,0
2002-01-01,700,1,0,0.0,0.0,1.0,0.0,0.0,0
2002-02-01,700,1,0,0.0,0.0,1.0,0.0,0.0,0
2002-03-01,700,1,0,0.0,0.0,1.0,0.0,0.0,0
2002-04-01,700,1,0,0.0,0.0,1.0,0.0,0.0,0
2002-05-01,700,1,0,0.0,0.0,1.0,0.0,0.0,0
2002-06-01,700,1,0,0.0,0.0,1.0,0.0,0.0,0
2002-07-01,700,1,0,0.0,0.0,1.0,0.0,0.0,0
2002-08-01,700,1,0,0.0,0.0,1.0,0.0,0.0,0
2002-09-01,700,1,0,0.0,0.0,1.0,0.0,0.0,0
2002-10-01,700,1,0,0.0,0.0,1.0,0.0,0.0,0
2002-11-01,700,1,0,0.0,0.0,1.0,0.0,0.0,0
2002-12-01,700,1,0,0.0,0.0,1.0,0.0,0.0,0
2003-01-01,700,1,0,0.0,0.0,1.0,0.0,0.0,0
2003-02-01,700,1,0,0.0,0.0,1.0,0.0,0.0,0
2003-03-01,700,1,0,0.0,0.0,1.0,0.0,0.0,0
2003-04-01,700,1,0,0.0,0.0,1.0,0.0,0.0,0
2003-05-01,700,1,0,0.0,0.0,1.0,0.0,0.0,0
2003-06-01,700,1,0,0.0,0.0,1.0,0.0,0.0,0
2003-07-01,700,1,0,0.0,0.0,1.0,0.0,0.0,0
2003-08-01,700,1,0,0.0,0.0,1.0,0.0,0.0,0
2003-09-01,700,1,0,0.0,0.0,1.0,0.0,0.0,0
2003-10-01,700,1,0,0.0,0.0,1.0,0.0,0.0,0
2003-11-01,700,1,0,0.0,0.0,1.0,0.0,0.0,0
2003-12-01,700,1,0,0.0,0.0,1.0,0.0,0.0,0
2004-01-01,700,1,0,0.0,0.0,1.0,0.0,0.0,0
2004-02-01,700,1,0,0.0,0.0,1.0,0.0,0.0,0
2004-03-01,700,1,0,0.0,0.0,1.0,0.0,0.0,0
2004-04-01,700,1,0,0.0,0.0,1.0,0.0,0.0,0
2004-05-01,700,1,0,0.0,0.0,1.0,0.0,0.0,0
2004-06-01,700,1,0,0.0,0.0,1.0,0.0,0.0,0
2004-07-01,700,1,0,0.0,0.0,1.0,0.0,0.0,0
2004-08-01,700,1,0,0.0,0.0,1.0,0.0,0.0,0
2004-09-01,700,1,0,0.0,0.0,1.0,0.0,0.0,0
2004-10-01,700,1,0,0.0,0.0,1.0,0.0,0.0,0
2004-11-01,700,1,0,0.0,0.0,1.0,0.0,0.0,0
2004-12-01,700,1,0,0.0,0.0,1.0,0.0,0.0,0
2005-01-01,700,1,0,0.0,0.0,1.0,0.0,0.0,0
2005-02-01,700,1,0,0.0,0.0,1.0,0.0,0.0,0
2005-03-01,700,1,0,0.0,0.0,1.0,0.0,0.0,0
2005-04-01,700,1,0,0.0,0.0,1.0,0.0,0.0,0
2005-05-01,700,1,0,0.0,0.0,1.0,0.0,0.0,0
2005-06-01,700,1,0,0.0,0.0,1.0,0.0,0.0,0
2005-07-01,700,1,0,0.0,0.0,1.0,0.0,0.0,0
2005-08-01,700,1,0,0.0,0.0,1.0,0.0,0.0,0
2005-09-01,700,1,0,0.0,0.0,1.0,0.0,0.0,0
2005-10-01,700,1,0,0.0,0.0,1.0,0.0,0.0,0
2005-11-01,700,1,0,0.0,0.0,1.0,0.0,0.0,0
2005-12-01,700,1,0,0.0,0.0,1.0,0.0,0.0,0
2006-01-01,700,1,0,0.0,0.0,1.0,0.0,0.0,0
2006-02-01,700,1,0,0.0,0.0,1.0,0.0,0.0,0
2006-03-01,700,1,0,0.0,0.0,1.0,0.0,0.0,0
2006-04-01,700,1,0,0.0,0.0,1.0,0.0,0.0,0
2006-05-01,700,1,0,0.0,0.0,1.0,0.0,0.0,0
2006-06-01,700,1,0,0.0,0.0,1.0,0.0,0.0,0
2006-07-01,700,1,0,0.0,0.0,1.0,0.0,0.0,0
2006-08-01,700,1,0,0.0,0.0,1.0,0.0,0.0,0
2006-09-01,700,1,0,0.0,0.0,1.0,0.0,0.0,0
2006-10-01,700,0,1,1.0,0.0,1.0,0.0,0.0,1
2006-11-01,700,0,0,1.0,0.0,0.0,1.0,0.0,2
2006-12-01,700,0,0,1.0,0.0,0.0,1.0,0.0,3
2007-01-01,700,0,0,1.0,0.0,0.0,1.0,0.0,4
2007-02-01,700,0,0,1.0,0.0,0.0,1.0,0.0,5
2007-03-01,700,1,0,0.0,0.0,0.0,1.0,0.0,0
2007-04-01,700,1,0,0.0,0.0,1.0,0.0,0.0,0
2007-05-01,700,1,0,0.0,0.0,1.0,0.0,0.0,0
2007-06-01,700,1,0,0.0,0.0,1.0,0.0,0.0,0
2007-07-01,700,1,0,0.0,0.0,1.0,0.0,0.0,0
2007-08-01,700,1,0,0.0,0.0,1.0,0.0,0.0,0
2007-09-01,700,1,0,0.0,0.0,1.0,0.0,0.0,0
2007-10-01,700,1,0,0.0,0.0,1.0,0.0,0.0,0
2007-11-01,700,1,0,0.0,0.0,1.0,0.0,0.0,0
2007-12-01,700,1,0,0.0,0.0,1.0,0.0,0.0,0
2008-01-01,700,1,0,0.0,0.0,1.0,0.0,0.0,0
2008-02-01,700,1,0,0.0,0.0,1.0,0.0,0.0,0
2008-03-01,700,1,0,0.0,0.0,1.0,0.0,0.0,0
2008-04-01,700,1,0,0.0,0.0,1.0,0.0,0.0,0
2008-05-01,700,1,0,0.0,0.0,1.0,0.0,0.0,0
2008-06-01,700,1,0,0.0,0.0,1.0,0.0,0.0,0
2008-07-01,700,1,0,0.0,0.0,1.0,0.0,0.0,0
2008-08-01,700,1,0,0.0,0.0,1.0,0.0,0.0,0
2008-09-01,700,0,1,0.0,0.0,1.0,0.0,0.0,1
2008-10-01,700,1,0,0.0,0.0,0.0,0.0,0.0,0
2008-11-01,700,1,0,0.0,0.0,1.0,0.0,0.0,0
2008-12-01,700,1,0,0.0,0.0,1.0,0.0,0.0,0
2009-01-01,700,1,0,0.0,0.0,1.0,0.0,0.0,0
2009-02-01,700,1,0,0.0,0.0,1.0,0.0,0.0,0
2009-03-01,700,1,0,0.0,0.0,1.0,0.0,0.0,0
2009-04-01,700,1,0,0.0,0.0,1.0,0.0,0.0,0
2009-05-01,700,1,0,0.0,0.0,1.0,0.0,0.0,0
2009-06-01,700,1,0,0.0,0.0,1.0,0.0,0.0,0
2009-07-01,700,1,0,0.0,0.0,1.0,0.0,0.0,0
2009-08-01,700,0,1,0.0,0.0,1.0,0.0,0.0,1
2009-09-01,700,0,1,0.0,0.0,0.0,0.0,0.0,2
2009-10-01,700,1,0,0.0,0.0,0.0,0.0,0.0,0
2009-11-01,700,1,0,0.0,0.0,1.0,0.0,0.0,0
2009-12-01,700,1,0,0.0,0.0,1.0,0.0,0.0,0
2010-01-01,700,1,0,0.0,0.0,1.0,0.0,0.0,0
2010-02-01,700,1,0,0.0,0.0,1.0,0.0,0.0,0
2010-03-01,700,1,0,0.0,0.0,1.0,0.0,0.0,0
2010-04-01,700,1,0,0.0,0.0,1.0,0.0,0.0,0
2010-05-01,700,1,0,0.0,0.0,1.0,0.0,0.0,0
2010-06-01,700,1,0,0.0,0.0,1.0,0.0,0.0,0
2010-07-01,700,1,0,0.0,0.0,1.0,0.0,0.0,0
2010-08-01,700,1,0,0.0,0.0,1.0,0.0,0.0,0
2010-09-01,700,1,0,0.0,0.0,1.0,0.0,0.0,0
2010-10-01,700,1,0,0.0,0.0,1.0,0.0,0.0,0
2010-11-01,700,1,0,0.0,0.0,1.0,0.0,0.0,0
2010-12-01,700,1,0,0.0,0.0,1.0,0.0,0.0,0
2011-01-01,700,1,0,0.0,0.0,1.0,0.0,0.0,0
2011-02-01,700,1,0,0.0,0.0,1.0,0.0,0.0,0
2011-03-01,700,1,0,0.0,0.0,1.0,0.0,0.0,0
2011-04-01,700,1,0,0.0,0.0,1.0,0.0,0.0,0
2011-05-01,700,1,0,0.0,0.0,1.0,0.0,0.0,0
2011-06-01,700,1,0,0.0,0.0,1.0,0.0,0.0,0
2011-07-01,700,1,0,0.0,0.0,1.0,0.0,0.0,0
2011-08-01,700,1,0,0.0,0.0,1.0,0.0,0.0,0
2011-09-01,700,1,0,0.0,0.0,1.0,0.0,0.0,0
2011-10-01,700,1,0,0.0,0.0,1.0,0.0,0.0,0
2011-11-01,700,1,0,0.0,0.0,1.0,0.0,0.0,0
2011-12-01,700,1,0,0.0,0.0,1.0,0.0,0.0,0
2012-01-01,700,1,0,0.0,0.0,1.0,0.0,0.0,0
2012-02-01,700,1,0,0.0,0.0,1.0,0.0,0.0,0
2012-03-01,700,1,0,0.0,0.0,1.0,0.0,0.0,0
2012-04-01,700,1,0,0.0,0.0,1.0,0.0,0.0,0
2012-05-01,700,1,0,0.0,0.0,1.0,0.0,0.0,0
2012-06-01,700,1,0,0.0,0.0,1.0,0.0,0.0,0
2012-07-01,700,1,0,0.0,0.0,1.0,0.0,0.0,0
2012-08-01,700,1,0,0.0,0.0,1.0,0.0,0.0,0
2012-09-01,700,1,0,0.0,0.0,1.0,0.0,0.0,0
2012-10-01,700,1,0,0.0,0.0,1.0,0.0,0.0,0
2012-11-01,700,1,0,0.0,0.0,1.0,0.0,0.0,0
2012-12-01,700,1,0,0.0,0.0,1.0,0.0,0.0,0
2013-01-01,700,1,0,0.0,0.0,1.0,0.0,0.0,0
2013-02-01,700,1,0,0.0,0.0,1.0,0.0,0.0,0
2013-03-01,700,1,0,0.0,0.0,1.0,0.0,0.0,0
2013-04-01,700,1,0,0.0,0.0,1.0,0.0,0.0,0
2013-05-01,700,1,0,0.0,0.0,1.0,0.0,0.0,0
2013-06-01,700,1,0,0.0,0.0,1.0,0.0,0.0,0
2013-07-01,700,1,0,0.0,0.0,1.0,0.0,0.0,0
2013-08-01,700,1,0,0.0,0.0,1.0,0.0,0.0,0
2013-09-01,700,1,0,0.0,0.0,1.0,0.0,0.0,0
2013-10-01,700,1,0,0.0,0.0,1.0,0.0,0.0,0
2013-11-01,700,1,0,0.0,0.0,1.0,0.0,0.0,0
2013-12-01,700,1,0,0.0,0.0,1.0,0.0,0.0,0
2014-01-01,700,1,0,0.0,0.0,1.0,0.0,0.0,0
2014-02-01,700,1,0,0.0,0.0,1.0,0.0,0.0,0
2014-03-01,700,1,0,0.0,0.0,1.0,0.0,0.0,0
2014-04-01,700,1,0,0.0,0.0,1.0,0.0,0.0,0
2014-05-01,700,1,0,0.0,0.0,1.0,0.0,0.0,0
2014-06-01,700,1,0,0.0,0.0,1.0,0.0,0.0,0
2014-07-01,700,1,0,0.0,0.0,1.0,0.0,0.0,0
2014-08-01,700,1,0,0.0,0.0,1.0,0.0,0.0,0
2014-09-01,700,1,0,0.0,0.0,1.0,0.0,0.0,0
2014-10-01,700,1,0,0.0,0.0,1.0,0.0,0.0,0
2014-11-01,700,1,0,0.0,0.0,1.0,0.0,0.0,0
2014-12-01,700,1,0,0.0,0.0,1.0,0.0,0.0,0
2015-01-01,700,1,0,0.0,0.0,1.0,0.0,0.0,0
2015-02-01,700,1,0,0.0,0.0,1.0,0.0,0.0,0
2015-03-01,700,1,0,0.0,0.0,1.0,0.0,0.0,0
2015-04-01,700,1,0,0.0,0.0,1.0,0.0,0.0,0
2015-05-01,700,1,0,0.0,0.0,1.0,0.0,0.0,0
2015-06-01,700,1,0,0.0,0.0,1.0,0.0,0.0,0
2015-07-01,700,1,0,0.0,0.0,1.0,0.0,0.0,0
2015-08-01,700,1,0,0.0,0.0,1.0,0.0,0.0,0
2015-09-01,700,1,0,0.0,0.0,1.0,0.0,0.0,0
2015-10-01,700,1,0,0.0,0.0,1.0,0.0,0.0,0
2015-11-01,700,1,0,0.0,0.0,1.0,0.0,0.0,0
2015-12-01,700,1,0,0.0,0.0,1.0,0.0,0.0,0
2016-01-01,700,1,0,0.0,0.0,1.0,0.0,0.0,0
2016-02-01,700,1,0,0.0,0.0,1.0,0.0,0.0,0
2016-03-01,700,1,0,0.0,0.0,1.0,0.0,0.0,0
2016-04-01,700,1,0,0.0,0.0,1.0,0.0,0.0,0
2016-05-01,700,1,0,0.0,0.0,1.0,0.0,0.0,0
2016-06-01,700,1,0,0.0,0.0,1.0,0.0,0.0,0
2016-07-01,700,1,0,0.0,0.0,1.0,0.0,0.0,0
2016-08-01,700,1,0,0.0,0.0,1.0,0.0,0.0,0
2016-09-01,700,1,0,0.0,0.0,1.0,0.0,0.0,0
2016-10-01,700,1,0,0.0,0.0,1.0,0.0,0.0,0
2016-11-01,700,1,0,0.0,0.0,1.0,0.0,0.0,0
2016-12-01,700,1,0,0.0,0.0,1.0,0.0,0.0,0
2017-01-01,700,1,0,0.0,0.0,1.0,0.0,0.0,0
2017-02-01,700,1,0,0.0,0.0,1.0,0.0,0.0,0
2017-03-01,700,1,0,0.0,0.0,1.0,0.0,0.0,0
2017-04-01,700,1,0,0.0,0.0,1.0,0.0,0.0,0
2017-05-01,700,1,0,0.0,0.0,1.0,0.0,0.0,0
2017-06-01,700,1,0,0.0,0.0,1.0,0.0,0.0,0
2017-07-01,700,1,0,0.0,0.0,1.0,0.0,0.0,0
2017-08-01,700,1,0,0.0,0.0,1.0,0.0,0.0,0
2017-09-01,700,1,0,0.0,0.0,1.0,0.0,0.0,0
2017-10-01,700,1,0,0.0,0.0,1.0,0.0,0.0,0
2017-11-01,700,1,0,0.0,0.0,1.0,0.0,0.0,0
2017-12-01,700,1,0,0.0,0.0,1.0,0.0,0.0,0
2018-01-01,700,1,0,0.0,0.0,1.0,0.0,0.0,0
2018-02-01,700,1,0,0.0,0.0,1.0,0.0,0.0,0
2018-03-01,700,1,0,0.0,0.0,1.0,0.0,0.0,0
2018-04-01,700,1,0,0.0,0.0,1.0,0.0,0.0,0
2018-05-01,700,1,0,0.0,0.0,1.0,0.0,0.0,0
2018-06-01,700,0,1,0.0,0.0,1.0,0.0,0.0,1
2018-07-01,700,1,0,0.0,0.0,0.0,0.0,0.0,0
2018-08-01,700,1,0,0.0,0.0,1.0,0.0,0.0,0
2018-09-01,700,1,0,0.0,0.0,1.0,0.0,0.0,0
2018-10-01,700,1,0,0.0,0.0,1.0,0.0,0.0,0
2018-11-01,700,1,0,0.0,0.0,1.0,0.0,0.0,0
2018-12-01,700,1,0,0.0,0.0,1.0,0.0,0.0,0
2019-01-01,700,1,0,0.0,0.0,1.0,0.0,0.0,0
2019-02-01,700,1,0,0.0,0.0,1.0,0.0,0.0,0
2019-03-01,700,1,0,0.0,0.0,1.0,0.0,0.0,0
2019-04-01,700,1,0,0.0,0.0,1.0,0.0,0.0,0
2019-05-01,700,1,0,0.0,0.0,1.0,0.0,0.0,0
2019-06-01,700,1,0,0.0,0.0,1.0,0.0,0.0,0
2019-07-01,700,1,0,0.0,0.0,1.0,0.0,0.0,0
2019-08-01,700,1,0,0.0,0.0,1.0,0.0,0.0,0
2019-09-01,700,1,0,0.0,0.0,1.0,0.0,0.0,0
2019-10-01,700,1,0,0.0,0.0,1.0,0.0,0.0,0
2019-11-01,700,1,0,0.0,0.0,1.0,0.0,0.0,0
2019-12-01,700,1,0,0.0,0.0,1.0,0.0,0.0,0
2020-01-01,700,1,0,0.0,0.0,1.0,0.0,0.0,0
2020-02-01,700,1,0,0.0,0.0,1.0,0.0,0.0,0
2020-03-01,700,1,0,0.0,0.0,1.0,0.0,0.0,0
2020-04-01,700,1,0,0.0,0.0,1.0,0.0,0.0,0
2020-05-01,700,0,1,0.0,0.0,1.0,0.0,0.0,1
2020-06-01,700,1,0,0.0,0.0,0.0,0.0,0.0,0
2020-07-01,700,0,1,0.0,0.0,1.0,0.0,0.0,1
2020-08-01,700,0,0,0.0,0.0,0.0,0.0,0.0,2
1994-10-01,702,0,0,1.0,0.0,,,,1
1994-11-01,702,0,1,1.0,0.0,0.0,1.0,0.0,2
1994-12-01,702,0,0,1.0,0.0,0.0,1.0,0.0,3
1995-01-01,702,0,1,1.0,0.0,0.0,1.0,0.0,4
1995-02-01,702,0,1,-1.0,2.0,0.0,1.0,0.0,5
1995-03-01,702,0,1,-1.0,0.0,0.0,-1.0,2.0,6
1995-04-01,702,0,1,-1.0,0.0,0.0,-1.0,0.0,7
1995-05-01,702,0,1,1.0,0.0,0.0,-1.0,0.0,8
1995-06-01,702,0,0,1.0,0.0,0.0,1.0,0.0,9
1995-07-01,702,0,0,1.0,0.0,0.0,1.0,0.0,10
1995-08-01,702,0,1,1.0,0.0,0.0,1.0,0.0,11
1995-09-01,702,0,0,1.0,0.0,0.0,1.0,0.0,12
1995-10-01,702,0,0,1.0,0.0,0.0,1.0,0.0,13
1995-11-01,702,0,1,0.0,0.0,0.0,1.0,0.0,14
1995-12-01,702,0,0,1.0,0.0,0.0,0.0,0.0,15
1996-01-01,702,0,0,1.0,0.0,0.0,1.0,0.0,16
1996-02-01,702,0,1,0.0,0.0,0.0,1.0,0.0,17
1996-03-01,702,0,1,1.0,0.0,0.0,0.0,0.0,18
1996-04-01,702,0,0,1.0,0.0,0.0,1.0,0.0,19
1996-05-01,702,0,1,1.0,0.0,0.0,1.0,0.0,20
1996-06-01,702,0,0,1.0,0.0,0.0,1.0,0.0,21
1996-07-01,702,0,0,1.0,0.0,0.0,1.0,0.0,22
1996-08-01,702,1,0,0.0,0.0,0.0,1.0,0.0,0
1996-09-01,702,0,1,0.0,0.0,1.0,0.0,0.0,1
1996-10-01,702,0,0,0.0,0.0,0.0,0.0,0.0,2
1996-11-01,702,1,0,0.0,0.0,0.0,0.0,0.0,0
1996-12-01,702,1,0,0.0,0.0,1.0,0.0,0.0,0
1997-01-01,702,1,0,0.0,0.0,1.0,0.0,0.0,0
1997-02-01,702,1,0,0.0,0.0,1.0,0.0,0.0,0
1997-03-01,702,1,0,0.0,0.0,1.0,0.0,0.0,0
1997-04-01,702,1,0,0.0,0.0,1.0,0.0,0.0,0
1997-05-01,702,1,0,0.0,0.0,1.0,0.0,0.0,0
1997-06-01,702,1,0,0.0,0.0,1.0,0.0,0.0,0
1997-07-01,702,1,0,0.0,0.0,1.0,0.0,0.0,0
1997-08-01,702,1,0,0.0,0.0,1.0,0.0,0.0,0
1997-09-01,702,1,0,0.0,0.0,1.0,0.0,0.0,0
1997-10-01,702,1,0,0.0,0.0,1.0,0.0,0.0,0
1997-11-01,702,1,0,0.0,0.0,1.0,0.0,0.0,0
1997-12-01,702,1,0,0.0,0.0,1.0,0.0,0.0,0
1998-01-01,702,1,0,0.0,0.0,1.0,0.0,0.0,0
1998-02-01,702,1,0,0.0,0.0,1.0,0.0,0.0,0
1998-03-01,702,1,0,0.0,0.0,1.0,0.0,0.0,0
1998-04-01,702,1,0,0.0,0.0,1.0,0.0,0.0,0
1998-05-01,702,1,0,0.0,0.0,1.0,0.0,0.0,0
1998-06-01,702,1,0,0.0,0.0,1.0,0.0,0.0,0
1998-07-01,702,1,0,0.0,0.0,1.0,0.0,0.0,0
1998-08-01,702,1,0,0.0,0.0,1.0,0.0,0.0,0
1998-09-01,702,1,0,0.0,0.0,1.0,0.0,0.0,0
1998-10-01,702,1,0,0.0,0.0,1.0,0.0,0.0,0
1998-11-01,702,1,0,0.0,0.0,1.0,0.0,0.0,0
1998-12-01,702,1,0,0.0,0.0,1.0,0.0,0.0,0
1999-01-01,702,1,0,0.0,0.0,1.0,0.0,0.0,0
1999-02-01,702,1,0,0.0,0.0,1.0,0.0,0.0,0
1999-03-01,702,1,0,0.0,0.0,1.0,0.0,0.0,0
1999-04-01,702,1,0,0.0,0.0,1.0,0.0,0.0,0
1999-05-01,702,1,0,0.0,0.0,1.0,0.0,0.0,0
1999-06-01,702,1,0,0.0,0.0,1.0,0.0,0.0,0
1999-07-01,702,1,0,0.0,0.0,1.0,0.0,0.0,0
1999-08-01,702,1,0,0.0,0.0,1.0,0.0,0.0,0
1999-09-01,702,1,0,0.0,0.0,1.0,0.0,0.0,0
1999-10-01,702,1,0,0.0,0.0,1.0,0.0,0.0,0
1999-11-01,702,1,0,0.0,0.0,1.0,0.0,0.0,0
1999-12-01,702,1,0,0.0,0.0,1.0,0.0,0.0,0
2000-01-01,702,1,0,0.0,0.0,1.0,0.0,0.0,0
2000-02-01,702,1,0,0.0,0.0,1.0,0.0,0.0,0
2000-03-01,702,1,0,0.0,0.0,1.0,0.0,0.0,0
2000-04-01,702,1,0,0.0,0.0,1.0,0.0,0.0,0
2000-05-01,702,1,0,0.0,0.0,1.0,0.0,0.0,0
2000-06-01,702,1,0,0.0,0.0,1.0,0.0,0.0,0
2000-07-01,702,1,0,0.0,0.0,1.0,0.0,0.0,0
2000-08-01,702,1,0,0.0,0.0,1.0,0.0,0.0,0
2000-09-01,702,1,0,0.0,0.0,1.0,0.0,0.0,0
2000-10-01,702,1,0,0.0,0.0,1.0,0.0,0.0,0
2000-11-01,702,1,0,0.0,0.0,1.0,0.0,0.0,0
2000-12-01,702,1,0,0.0,0.0,1.0,0.0,0.0,0
2001-01-01,702,1,0,0.0,0.0,1.0,0.0,0.0,0
2001-02-01,702,1,0,0.0,0.0,1.0,0.0,0.0,0
2001-03-01,702,1,0,0.0,0.0,1.0,0.0,0.0,0
2001-04-01,702,1,0,0.0,0.0,1.0,0.0,0.0,0
2001-05-01,702,1,0,0.0,0.0,1.0,0.0,0.0,0
2001-06-01,702,1,0,0.0,0.0,1.0,0.0,0.0,0
2001-07-01,702,1,0,0.0,0.0,1.0,0.0,0.0,0
2001-08-01,702,1,0,0.0,0.0,1.0,0.0,0.0,0
2001-09-01,702,1,0,0.0,0.0,1.0,0.0,0.0,0
2001-10-01,702,1,0,0.0,0.0,1.0,0.0,0.0,0
2001-11-01,702,1,0,0.0,0.0,1.0,0.0,0.0,0
2001-12-01,702,1,0,0.0,0.0,1.0,0.0,0.0,0
2002-01-01,702,1,0,0.0,0.0,1.0,0.0,0.0,0
2002-02-01,702,1,0,0.0,0.0,1.0,0.0,0.0,0
2002-03-01,702,1,0,0.0,0.0,1.0,0.0,0.0,0
2002-04-01,702,1,0,0.0,0.0,1.0,0.0,0.0,0
2002-05-01,702,1,0,0.0,0.0,1.0,0.0,0.0,0
2002-06-01,702,1,0,0.0,0.0,1.0,0.0,0.0,0
2002-07-01,702,1,0,0.0,0.0,1.0,0.0,0.0,0
2002-08-01,702,1,0,0.0,0.0,1.0,0.0,0.0,0
2002-09-01,702,1,0,0.0,0.0,1.0,0.0,0.0,0
2002-10-01,702,1,0,0.0,0.0,1.0,0.0,0.0,0
2002-11-01,702,1,0,0.0,0.0,1.0,0.0,0.0,0
2002-12-01,702,1,0,0.0,0.0,1.0,0.0,0.0,0
2003-01-01,702,1,0,0.0,0.0,1.0,0.0,0.0,0
2003-02-01,702,1,0,0.0,0.0,1.0,0.0,0.0,0
2003-03-01,702,1,0,0.0,0.0,1.0,0.0,0.0,0
2003-04-01,702,1,0,0.0,0.0,1.0,0.0,0.0,0
2003-05-01,702,1,0,0.0,0.0,1.0,0.0,0.0,0
2003-06-01,702,1,0,0.0,0.0,1.0,0.0,0.0,0
2003-07-01,702,1,0,0.0,0.0,1.0,0.0,0.0,0
2003-08-01,702,1,0,0.0,0.0,1.0,0.0,0.0,0
2003-09-01,702,1,0,0.0,0.0,1.0,0.0,0.0,0
2003-10-01,702,1,0,0.0,0.0,1.0,0.0,0.0,0
2003-11-01,702,1,0,0.0,0.0,1.0,0.0,0.0,0
2003-12-01,702,1,0,0.0,0.0,1.0,0.0,0.0,0
2004-01-01,702,1,0,0.0,0.0,1.0,0.0,0.0,0
2004-02-01,702,1,0,0.0,0.0,1.0,0.0,0.0,0
2004-03-01,702,1,0,0.0,0.0,1.0,0.0,0.0,0
2004-04-01,702,1,0,0.0,0.0,1.0,0.0,0.0,0
2004-05-01,702,1,0,0.0,0.0,1.0,0.0,0.0,0
2004-06-01,702,1,0,0.0,0.0,1.0,0.0,0.0,0
2004-07-01,702,1,0,0.0,0.0,1.0,0.0,0.0,0
2004-08-01,702,1,0,0.0,0.0,1.0,0.0,0.0,0
2004-09-01,702,1,0,0.0,0.0,1.0,0.0,0.0,0
2004-10-01,702,1,0,0.0,0.0,1.0,0.0,0.0,0
2004-11-01,702,1,0,0.0,0.0,1.0,0.0,0.0,0
2004-12-01,702,1,0,0.0,0.0,1.0,0.0,0.0,0
2005-01-01,702,1,0,0.0,0.0,1.0,0.0,0.0,0
2005-02-01,702,1,0,0.0,0.0,1.0,0.0,0.0,0
2005-03-01,702,1,0,0.0,0.0,1.0,0.0,0.0,0
2005-04-01,702,1,0,0.0,0.0,1.0,0.0,0.0,0
2005-05-01,702,1,0,0.0,0.0,1.0,0.0,0.0,0
2005-06-01,702,1,0,0.0,0.0,1.0,0.0,0.0,0
2005-07-01,702,1,0,0.0,0.0,1.0,0.0,0.0,0
2005-08-01,702,1,0,0.0,0.0,1.0,0.0,0.0,0
2005-09-01,702,1,0,0.0,0.0,1.0,0.0,0.0,0
2005-10-01,702,1,0,0.0,0.0,1.0,0.0,0.0,0
2005-11-01,702,1,0,0.0,0.0,1.0,0.0,0.0,0
2005-12-01,702,1,0,0.0,0.0,1.0,0.0,0.0,0
2006-01-01,702,1,0,0.0,0.0,1.0,0.0,0.0,0
2006-02-01,702,1,0,0.0,0.0,1.0,0.0,0.0,0
2006-03-01,702,1,0,0.0,0.0,1.0,0.0,0.0,0
2006-04-01,702,1,0,0.0,0.0,1.0,0.0,0.0,0
2006-05-01,702,1,0,0.0,0.0,1.0,0.0,0.0,0
2006-06-01,702,1,0,0.0,0.0,1.0,0.0,0.0,0
2006-07-01,702,1,0,0.0,0.0,1.0,0.0,0.0,0
2006-08-01,702,1,0,0.0,0.0,1.0,0.0,0.0,0
2006-09-01,702,1,0,0.0,0.0,1.0,0.0,0.0,0
2006-10-01,702,1,0,0.0,0.0,1.0,0.0,0.0,0
2006-11-01,702,1,0,0.0,0.0,1.0,0.0,0.0,0
2006-12-01,702,1,0,0.0,0.0,1.0,0.0,0.0,0
2007-01-01,702,1,0,0.0,0.0,1.0,0.0,0.0,0
2007-02-01,702,1,0,0.0,0.0,1.0,0.0,0.0,0
2007-03-01,702,1,0,0.0,0.0,1.0,0.0,0.0,0
2007-04-01,702,1,0,0.0,0.0,1.0,0.0,0.0,0
2007-05-01,702,1,0,0.0,0.0,1.0,0.0,0.0,0
2007-06-01,702,1,0,0.0,0.0,1.0,0.0,0.0,0
2007-07-01,702,1,0,0.0,0.0,1.0,0.0,0.0,0
2007-08-01,702,1,0,0.0,0.0,1.0,0.0,0.0,0
2007-09-01,702,1,0,0.0,0.0,1.0,0.0,0.0,0
2007-10-01,702,1,0,0.0,0.0,1.0,0.0,0.0,0
2007-11-01,702,1,0,0.0,0.0,1.0,0.0,0.0,0
2007-12-01,702,1,0,0.0,0.0,1.0,0.0,0.0,0
2008-01-01,702,1,0,0.0,0.0,1.0,0.0,0.0,0
2008-02-01,702,1,0,0.0,0.0,1.0,0.0,0.0,0
2008-03-01,702,1,0,0.0,0.0,1.0,0.0,0.0,0
2008-04-01,702,1,0,0.0,0.0,1.0,0.0,0.0,0
2008-05-01,702,1,0,0.0,0.0,1.0,0.0,0.0,0
2008-06-01,702,1,0,0.0,0.0,1.0,0.0,0.0,0
2008-07-01,702,1,0,0.0,0.0,1.0,0.0,0.0,0
2008-08-01,702,1,0,0.0,0.0,1.0,0.0,0.0,0
2008-09-01,702,1,0,0.0,0.0,1.0,0.0,0.0,0
2008-10-01,702,1,0,0.0,0.0,1.0,0.0,0.0,0
2008-11-01,702,1,0,0.0,0.0,1.0,0.0,0.0,0
2008-12-01,702,1,0,0.0,0.0,1.0,0.0,0.0,0
2009-01-01,702,1,0,0.0,0.0,1.0,0.0,0.0,0
2009-02-01,702,1,0,0.0,0.0,1.0,0.0,0.0,0
2009-03-01,702,1,0,0.0,0.0,1.0,0.0,0.0,0
2009-04-01,702,1,0,0.0,0.0,1.0,0.0,0.0,0
2009-05-01,702,1,0,0.0,0.0,1.0,0.0,0.0,0
2009-06-01,702,1,0,0.0,0.0,1.0,0.0,0.0,0
2009-07-01,702,1,0,0.0,0.0,1.0,0.0,0.0,0
2009-08-01,702,1,0,0.0,0.0,1.0,0.0,0.0,0
2009-09-01,702,1,0,0.0,0.0,1.0,0.0,0.0,0
2009-10-01,702,1,0,0.0,0.0,1.0,0.0,0.0,0
2009-11-01,702,1,0,0.0,0.0,1.0,0.0,0.0,0
2009-12-01,702,1,0,0.0,0.0,1.0,0.0,0.0,0
2010-01-01,702,1,0,0.0,0.0,1.0,0.0,0.0,0
2010-02-01,702,1,0,0.0,0.0,1.0,0.0,0.0,0
2010-03-01,702,1,0,0.0,0.0,1.0,0.0,0.0,0
2010-04-01,702,1,0,0.0,0.0,1.0,0.0,0.0,0
2010-05-01,702,1,0,0.0,0.0,1.0,0.0,0.0,0
2010-06-01,702,1,0,0.0,0.0,1.0,0.0,0.0,0
2010-07-01,702,1,0,0.0,0.0,1.0,0.0,0.0,0
2010-08-01,702,1,0,0.0,0.0,1.0,0.0,0.0,0
2010-09-01,702,1,0,0.0,0.0,1.0,0.0,0.0,0
2010-10-01,702,1,0,0.0,0.0,1.0,0.0,0.0,0
2010-11-01,702,1,0,0.0,0.0,1.0,0.0,0.0,0
2010-12-01,702,1,0,0.0,0.0,1.0,0.0,0.0,0
2011-01-01,702,1,0,0.0,0.0,1.0,0.0,0.0,0
2011-02-01,702,1,0,0.0,0.0,1.0,0.0,0.0,0
2011-03-01,702,1,0,0.0,0.0,1.0,0.0,0.0,0
2011-04-01,702,1,0,0.0,0.0,1.0,0.0,0.0,0
2011-05-01,702,1,0,0.0,0.0,1.0,0.0,0.0,0
2011-06-01,702,1,0,0.0,0.0,1.0,0.0,0.0,0
2011-07-01,702,1,0,0.0,0.0,1.0,0.0,0.0,0
2011-08-01,702,1,0,0.0,0.0,1.0,0.0,0.0,0
2011-09-01,702,1,0,0.0,0.0,1.0,0.0,0.0,0
2011-10-01,702,1,0,0.0,0.0,1.0,0.0,0.0,0
2011-11-01,702,1,0,0.0,0.0,1.0,0.0,0.0,0
2011-12-01,702,1,0,0.0,0.0,1.0,0.0,0.0,0
2012-01-01,702,1,0,0.0,0.0,1.0,0.0,0.0,0
2012-02-01,702,1,0,0.0,0.0,1.0,0.0,0.0,0
2012-03-01,702,1,0,0.0,0.0,1.0,0.0,0.0,0
2012-04-01,702,1,0,0.0,0.0,1.0,0.0,0.0,0
2012-05-01,702,1,0,0.0,0.0,1.0,0.0,0.0,0
2012-06-01,702,1,0,0.0,0.0,1.0,0.0,0.0,0
2012-07-01,702,0,1,0.0,1.0,1.0,0.0,0.0,1
1991-03-01,750,0,1,0.0,0.0,,,,1
1991-04-01,750,1,0,0.0,0.0,0.0,0.0,0.0,0
1991-05-01,750,1,0,0.0,0.0,1.0,0.0,0.0,0
1991-06-01,750,1,0,0.0,0.0,1.0,0.0,0.0,0
1991-07-01,750,1,0,0.0,0.0,1.0,0.0,0.0,0
1991-08-01,750,1,0,0.0,0.0,1.0,0.0,0.0,0
1991-09-01,750,1,0,0.0,0.0,1.0,0.0,0.0,0
1991-10-01,750,1,0,0.0,0.0,1.0,0.0,0.0,0
1991-11-01,750,1,0,0.0,0.0,1.0,0.0,0.0,0
1991-12-01,750,1,0,0.0,0.0,1.0,0.0,0.0,0
1992-01-01,750,1,0,0.0,0.0,1.0,0.0,0.0,0
1992-02-01,750,1,0,0.0,0.0,1.0,0.0,0.0,0
1992-03-01,750,1,0,0.0,0.0,1.0,0.0,0.0,0
1992-04-01,750,1,0,0.0,0.0,1.0,0.0,0.0,0
1992-05-01,750,1,0,0.0,0.0,1.0,0.0,0.0,0
1992-06-01,750,1,0,0.0,0.0,1.0,0.0,0.0,0
1992-07-01,750,1,0,0.0,0.0,1.0,0.0,0.0,0
1992-08-01,750,1,0,0.0,0.0,1.0,0.0,0.0,0
1992-09-01,750,1,0,0.0,0.0,1.0,0.0,0.0,0
1992-10-01,750,1,0,0.0,0.0,1.0,0.0,0.0,0
1992-11-01,750,1,0,0.0,0.0,1.0,0.0,0.0,0
1992-12-01,750,1,0,0.0,0.0,1.0,0.0,0.0,0
1993-01-01,750,1,0,0.0,0.0,1.0,0.0,0.0,0
1993-02-01,750,1,0,0.0,0.0,1.0,0.0,0.0,0
1993-03-01,750,1,0,0.0,0.0,1.0,0.0,0.0,0
1993-04-01,750,1,0,0.0,0.0,1.0,0.0,0.0,0
1993-05-01,750,1,0,0.0,0.0,1.0,0.0,0.0,0
1993-06-01,750,1,0,0.0,0.0,1.0,0.0,0.0,0
1993-07-01,750,1,0,0.0,0.0,1.0,0.0,0.0,0
1993-08-01,750,1,0,0.0,0.0,1.0,0.0,0.0,0
1993-09-01,750,1,0,0.0,0.0,1.0,0.0,0.0,0
1993-10-01,750,1,0,0.0,0.0,1.0,0.0,0.0,0
1993-11-01,750,1,0,0.0,0.0,1.0,0.0,0.0,0
1993-12-01,750,1,0,0.0,0.0,1.0,0.0,0.0,0
1994-01-01,750,1,0,0.0,0.0,1.0,0.0,0.0,0
1994-02-01,750,1,0,0.0,0.0,1.0,0.0,0.0,0
1994-03-01,750,1,0,0.0,0.0,1.0,0.0,0.0,0
1994-04-01,750,1,0,0.0,0.0,1.0,0.0,0.0,0
1994-05-01,750,1,0,0.0,0.0,1.0,0.0,0.0,0
1994-06-01,750,1,0,0.0,0.0,1.0,0.0,0.0,0
1994-07-01,750,1,0,0.0,0.0,1.0,0.0,0.0,0
1994-08-01,750,1,0,0.0,0.0,1.0,0.0,0.0,0
1994-09-01,750,1,0,0.0,0.0,1.0,0.0,0.0,0
1994-10-01,750,1,0,0.0,0.0,1.0,0.0,0.0,0
1994-11-01,750,1,0,0.0,0.0,1.0,0.0,0.0,0
1994-12-01,750,1,0,0.0,0.0,1.0,0.0,0.0,0
1995-01-01,750,1,0,0.0,0.0,1.0,0.0,0.0,0
1995-02-01,750,1,0,0.0,0.0,1.0,0.0,0.0,0
1995-03-01,750,1,0,0.0,0.0,1.0,0.0,0.0,0
1995-04-01,750,1,0,0.0,0.0,1.0,0.0,0.0,0
1995-05-01,750,1,0,0.0,0.0,1.0,0.0,0.0,0
1995-06-01,750,1,0,0.0,0.0,1.0,0.0,0.0,0
1995-07-01,750,1,0,0.0,0.0,1.0,0.0,0.0,0
1995-08-01,750,1,0,0.0,0.0,1.0,0.0,0.0,0
1995-09-01,750,1,0,0.0,0.0,1.0,0.0,0.0,0
1995-10-01,750,1,0,0.0,0.0,1.0,0.0,0.0,0
1995-11-01,750,1,0,0.0,0.0,1.0,0.0,0.0,0
1995-12-01,750,1,0,0.0,0.0,1.0,0.0,0.0,0
1996-01-01,750,1,0,0.0,0.0,1.0,0.0,0.0,0
1996-02-01,750,0,1,0.0,0.0,1.0,0.0,0.0,1
1996-03-01,750,1,0,0.0,0.0,0.0,0.0,0.0,0
1996-04-01,750,1,0,0.0,0.0,1.0,0.0,0.0,0
1996-05-01,750,1,0,0.0,0.0,1.0,0.0,0.0,0
1996-06-01,750,1,0,0.0,0.0,1.0,0.0,0.0,0
1996-07-01,750,1,0,0.0,0.0,1.0,0.0,0.0,0
1996-08-01,750,1,0,0.0,0.0,1.0,0.0,0.0,0
1996-09-01,750,1,0,0.0,0.0,1.0,0.0,0.0,0
1996-10-01,750,1,0,0.0,0.0,1.0,0.0,0.0,0
1996-11-01,750,1,0,0.0,0.0,1.0,0.0,0.0,0
1996-12-01,750,1,0,0.0,0.0,1.0,0.0,0.0,0
1997-01-01,750,1,0,0.0,0.0,1.0,0.0,0.0,0
1997-02-01,750,0,1,0.0,0.0,1.0,0.0,0.0,1
1997-03-01,750,1,0,0.0,0.0,0.0,0.0,0.0,0
1997-04-01,750,1,0,0.0,0.0,1.0,0.0,0.0,0
1997-05-01,750,1,0,0.0,0.0,1.0,0.0,0.0,0
1997-06-01,750,1,0,0.0,0.0,1.0,0.0,0.0,0
1997-07-01,750,1,1,0.0,0.0,1.0,0.0,0.0,0
1997-08-01,750,0,1,0.0,0.0,1.0,0.0,0.0,1
1997-09-01,750,0,0,0.0,0.0,0.0,0.0,0.0,2
1997-10-01,750,0,1,-1.0,0.0,0.0,0.0,0.0,3
1997-11-01,750,0,0,-1.0,0.0,0.0,-1.0,0.0,4
1997-12-01,750,0,0,-1.0,0.0,0.0,-1.0,0.0,5
1998-01-01,750,0,0,-1.0,0.0,0.0,-1.0,0.0,6
1998-02-01,750,0,1,0.0,0.0,0.0,-1.0,0.0,7
1998-03-01,750,0,0,0.0,0.0,0.0,0.0,0.0,8
1998-04-01,750,0,1,0.0,0.0,0.0,0.0,0.0,9
1998-05-01,750,0,0,-1.0,0.0,0.0,0.0,0.0,10
1998-06-01,750,0,0,-1.0,0.0,0.0,-1.0,0.0,11
1998-07-01,750,0,0,-1.0,0.0,0.0,-1.0,0.0,12
1998-08-01,750,0,1,0.0,0.0,0.0,-1.0,0.0,13
1998-09-01,750,0,0,0.0,0.0,0.0,0.0,0.0,14
1998-10-01,750,0,0,0.0,0.0,0.0,0.0,0.0,15
1998-11-01,750,0,0,0.0,0.0,0.0,0.0,0.0,16
1998-12-01,750,0,1,0.0,0.0,0.0,0.0,0.0,17
1999-01-01,750,0,0,0.0,0.0,0.0,0.0,0.0,18
1999-02-01,750,0,0,0.0,0.0,0.0,0.0,0.0,19
1999-03-01,750,0,0,0.0,0.0,0.0,0.0,0.0,20
1999-04-01,750,0,0,0.0,0.0,0.0,0.0,0.0,21
1999-05-01,750,0,0,0.0,0.0,0.0,0.0,0.0,22
1999-06-01,750,0,0,0.0,0.0,0.0,0.0,0.0,23
1999-07-01,750,0,1,0.0,0.0,0.0,0.0,0.0,24
1999-08-01,750,0,0,-1.0,0.0,0.0,0.0,0.0,25
1999-09-01,750,0,0,-1.0,0.0,0.0,-1.0,0.0,26
1999-10-01,750,0,0,-1.0,0.0,0.0,-1.0,0.0,27
1999-11-01,750,0,0,-1.0,0.0,0.0,-1.0,0.0,28
1999-12-01,750,0,0,-1.0,0.0,0.0,-1.0,0.0,29
2000-01-01,750,0,0,-1.0,0.0,0.0,-1.0,0.0,30
2000-02-01,750,0,0,-1.0,0.0,0.0,-1.0,0.0,31
2000-03-01,750,0,1,0.0,0.0,0.0,-1.0,0.0,32
2000-04-01,750,0,0,0.0,0.0,0.0,0.0,0.0,33
2000-05-01,750,0,0,0.0,0.0,0.0,0.0,0.0,34
2000-06-01,750,0,0,0.0,0.0,0.0,0.0,0.0,35
2000-07-01,750,0,1,0.0,0.0,0.0,0.0,0.0,36
2000-08-01,750,0,0,0.0,0.0,0.0,0.0,0.0,37
2000-09-01,750,0,1,0.0,0.0,0.0,0.0,0.0,38
2000-10-01,750,0,0,0.0,0.0,0.0,0.0,0.0,39
2000-11-01,750,0,1,0.0,0.0,0.0,0.0,0.0,40
2000-12-01,750,0,1,0.0,0.0,0.0,0.0,0.0,41
2001-01-01,750,0,1,0.0,0.0,0.0,0.0,0.0,42
2001-02-01,750,0,1,0.0,0.0,0.0,0.0,0.0,43
2001-03-01,750,0,0,0.0,0.0,0.0,0.0,0.0,44
2001-04-01,750,0,1,0.0,0.0,0.0,0.0,0.0,45
2001-05-01,750,0,0,0.0,0.0,0.0,0.0,0.0,46
2001-06-01,750,0,0,0.0,0.0,0.0,0.0,0.0,47
2001-07-01,750,0,1,0.0,0.0,0.0,0.0,0.0,48
2001-08-01,750,0,0,0.0,0.0,0.0,0.0,0.0,49
2001-09-01,750,0,0,0.0,0.0,0.0,0.0,0.0,50
2001-10-01,750,0,0,0.0,0.0,0.0,0.0,0.0,51
2001-11-01,750,0,0,0.0,0.0,0.0,0.0,0.0,52
2001-12-01,750,0,0,0.0,0.0,0.0,0.0,0.0,53
2002-01-01,750,0,0,0.0,0.0,0.0,0.0,0.0,54
2002-02-01,750,0,0,0.0,0.0,0.0,0.0,0.0,55
2002-03-01,750,0,0,0.0,0.0,0.0,0.0,0.0,56
2002-04-01,750,0,1,0.0,0.0,0.0,0.0,0.0,57
2002-05-01,750,0,1,0.0,0.0,0.0,0.0,0.0,58
2002-06-01,750,0,0,0.0,0.0,0.0,0.0,0.0,59
2002-07-01,750,0,1,0.0,0.0,0.0,0.0,0.0,60
2002-08-01,750,0,0,0.0,0.0,0.0,0.0,0.0,61
2002-09-01,750,0,0,0.0,0.0,0.0,0.0,0.0,62
2002-10-01,750,0,0,0.0,0.0,0.0,0.0,0.0,63
2002-11-01,750,0,0,0.0,0.0,0.0,0.0,0.0,64
2002-12-01,750,0,1,0.0,0.0,0.0,0.0,0.0,65
2003-01-01,750,0,1,0.0,0.0,0.0,0.0,0.0,66
2003-02-01,750,0,0,0.0,0.0,0.0,0.0,0.0,67
2003-03-01,750,0,0,0.0,0.0,0.0,0.0,0.0,68
2003-04-01,750,0,1,0.0,0.0,0.0,0.0,0.0,69
2003-05-01,750,0,0,0.0,0.0,0.0,0.0,0.0,70
2003-06-01,750,0,0,0.0,0.0,0.0,0.0,0.0,71
2003-07-01,750,0,1,0.0,0.0,0.0,0.0,0.0,72
2003-08-01,750,0,0,0.0,0.0,0.0,0.0,0.0,73
2003-09-01,750,0,0,0.0,0.0,0.0,0.0,0.0,74
2003-10-01,750,0,0,0.0,0.0,0.0,0.0,0.0,75
2003-11-01,750,0,0,0.0,0.0,0.0,0.0,0.0,76
2003-12-01,750,0,1,0.0,0.0,0.0,0.0,0.0,77
2004-01-01,750,0,0,0.0,0.0,0.0,0.0,0.0,78
2004-02-01,750,0,0,0.0,0.0,0.0,0.0,0.0,79
2004-03-01,750,0,0,0.0,0.0,0.0,0.0,0.0,80
2004-04-01,750,0,1,0.0,0.0,0.0,0.0,0.0,81
2004-05-01,750,0,0,0.0,0.0,0.0,0.0,0.0,82
2004-06-01,750,0,0,0.0,0.0,0.0,0.0,0.0,83
2004-07-01,750,0,1,0.0,0.0,0.0,0.0,0.0,84
2004-08-01,750,0,0,0.0,0.0,0.0,0.0,0.0,85
2004-09-01,750,0,0,0.0,0.0,0.0,0.0,0.0,86
2004-10-01,750,0,1,0.0,0.0,0.0,0.0,0.0,87
2004-11-01,750,0,0,0.0,0.0,0.0,0.0,0.0,88
2004-12-01,750,0,0,0.0,0.0,0.0,0.0,0.0,89
2005-01-01,750,0,0,0.0,0.0,0.0,0.0,0.0,90
2005-02-01,750,0,0,0.0,0.0,0.0,0.0,0.0,91
2005-03-01,750,0,0,0.0,0.0,0.0,0.0,0.0,92
2005-04-01,750,0,1,0.0,0.0,0.0,0.0,0.0,93
2005-05-01,750,0,1,0.0,0.0,0.0,0.0,0.0,94
2005-06-01,750,0,0,0.0,0.0,0.0,0.0,0.0,95
2005-07-01,750,0,1,0.0,0.0,0.0,0.0,0.0,96
2005-08-01,750,0,0,1.0,0.0,0.0,0.0,0.0,97
2005-09-01,750,0,0,1.0,0.0,0.0,1.0,0.0,98
2005-10-01,750,0,0,1.0,0.0,0.0,1.0,0.0,99
2005-11-01,750,0,0,1.0,0.0,0.0,1.0,0.0,100
2005-12-01,750,0,0,1.0,0.0,0.0,1.0,0.0,101
2006-01-01,750,0,1,1.0,0.0,0.0,1.0,0.0,102
2006-02-01,750,0,0,1.0,0.0,0.0,1.0,0.0,103
2006-03-01,750,0,0,1.0,0.0,0.0,1.0,0.0,104
2006-04-01,750,0,0,1.0,0.0,0.0,1.0,0.0,105
2006-05-01,750,0,1,0.0,0.0,0.0,1.0,0.0,106
2006-06-01,750,0,0,0.0,0.0,0.0,0.0,0.0,107
2006-07-01,750,0,1,0.0,0.0,0.0,0.0,0.0,108
2006-08-01,750,0,1,0.0,0.0,0.0,0.0,0.0,109
2006-09-01,750,0,1,0.0,0.0,0.0,0.0,0.0,110
2006-10-01,750,0,0,-1.0,0.0,0.0,0.0,0.0,111
2006-11-01,750,0,0,-1.0,0.0,0.0,-1.0,0.0,112
2006-12-01,750,0,0,-1.0,0.0,0.0,-1.0,0.0,113
2007-01-01,750,0,0,-1.0,0.0,0.0,-1.0,0.0,114
2007-02-01,750,0,0,-1.0,0.0,0.0,-1.0,0.0,115
2007-03-01,750,0,0,-1.0,0.0,0.0,-1.0,0.0,116
2007-04-01,750,0,0,-1.0,0.0,0.0,-1.0,0.0,117
2007-05-01,750,0,0,-1.0,0.0,0.0,-1.0,0.0,118
2007-06-01,750,0,0,-1.0,0.0,0.0,-1.0,0.0,119
2007-07-01,750,0,0,-1.0,0.0,0.0,-1.0,0.0,120
2007-08-01,750,1,0,0.0,0.0,0.0,-1.0,0.0,0
2007-09-01,750,1,0,0.0,0.0,1.0,0.0,0.0,0
2007-10-01,750,0,1,0.0,0.0,1.0,0.0,0.0,1
2007-11-01,750,1,0,0.0,0.0,0.0,0.0,0.0,0
2007-12-01,750,0,1,0.0,0.0,1.0,0.0,0.0,1
2008-01-01,750,0,0,0.0,0.0,0.0,0.0,0.0,2
2008-02-01,750,0,1,0.0,0.0,0.0,0.0,0.0,3
2008-03-01,750,0,1,0.0,0.0,0.0,0.0,0.0,4
2008-04-01,750,0,0,0.0,0.0,0.0,0.0,0.0,5
2008-05-01,750,0,1,0.0,0.0,0.0,0.0,0.0,6
2008-06-01,750,0,1,0.0,0.0,0.0,0.0,0.0,7
2008-07-01,750,0,0,0.0,0.0,0.0,0.0,0.0,8
2008-08-01,750,0,1,0.0,0.0,0.0,0.0,0.0,9
2008-09-01,750,0,1,0.0,0.0,0.0,0.0,0.0,10
2008-10-01,750,0,0,0.0,0.0,0.0,0.0,0.0,11
2008-11-01,750,0,0,0.0,0.0,0.0,0.0,0.0,12
2008-12-01,750,0,0,0.0,0.0,0.0,0.0,0.0,13
2009-01-01,750,0,1,0.0,0.0,0.0,0.0,0.0,14
2009-02-01,750,0,0,0.0,0.0,0.0,0.0,0.0,15
2009-03-01,750,0,0,0.0,0.0,0.0,0.0,0.0,16
2009-04-01,750,0,0,0.0,0.0,0.0,0.0,0.0,17
2009-05-01,750,0,0,0.0,0.0,0.0,0.0,0.0,18
2009-06-01,750,0,1,0.0,0.0,0.0,0.0,0.0,19
2009-07-01,750,0,0,0.0,0.0,0.0,0.0,0.0,20
2009-08-01,750,0,0,0.0,0.0,0.0,0.0,0.0,21
2009-09-01,750,0,0,0.0,0.0,0.0,0.0,0.0,22
2009-10-01,750,0,0,0.0,0.0,0.0,0.0,0.0,23
2009-11-01,750,0,0,0.0,0.0,0.0,0.0,0.0,24
2009-12-01,750,0,0,0.0,0.0,0.0,0.0,0.0,25
2010-01-01,750,0,0,0.0,0.0,0.0,0.0,0.0,26
2010-02-01,750,0,1,0.0,0.0,0.0,0.0,0.0,27
2010-03-01,750,0,1,0.0,0.0,0.0,0.0,0.0,28
2010-04-01,750,0,0,0.0,0.0,0.0,0.0,0.0,29
2010-05-01,750,0,1,0.0,0.0,0.0,0.0,0.0,30
2010-06-01,750,0,1,0.0,0.0,0.0,0.0,0.0,31
2010-07-01,750,0,0,0.0,0.0,0.0,0.0,0.0,32
2010-08-01,750,0,0,0.0,0.0,0.0,0.0,0.0,33
2010-09-01,750,0,1,0.0,0.0,0.0,0.0,0.0,34
2010-10-01,750,0,0,0.0,0.0,0.0,0.0,0.0,35
2010-11-01,750,0,0,0.0,0.0,0.0,0.0,0.0,36
2010-12-01,750,0,0,0.0,0.0,0.0,0.0,0.0,37
2011-01-01,750,0,1,0.0,0.0,0.0,0.0,0.0,38
2011-02-01,750,0,0,0.0,0.0,0.0,0.0,0.0,39
2011-03-01,750,0,0,0.0,0.0,0.0,0.0,0.0,40
2011-04-01,750,0,0,0.0,0.0,0.0,0.0,0.0,41
2011-05-01,750,0,0,0.0,0.0,0.0,0.0,0.0,42
2011-06-01,750,0,1,0.0,0.0,0.0,0.0,0.0,43
2011-07-01,750,0,1,0.0,0.0,0.0,0.0,0.0,44
2011-08-01,750,0,0,0.0,0.0,0.0,0.0,0.0,45
2011-09-01,750,0,1,0.0,0.0,0.0,0.0,0.0,46
2011-10-01,750,0,1,0.0,0.0,0.0,0.0,0.0,47
2011-11-01,750,0,0,0.0,0.0,0.0,0.0,0.0,48
2011-12-01,750,0,0,0.0,0.0,0.0,0.0,0.0,49
2012-01-01,750,0,1,0.0,0.0,0.0,0.0,0.0,50
2012-02-01,750,0,0,0.0,0.0,0.0,0.0,0.0,51
2012-03-01,750,0,0,0.0,0.0,0.0,0.0,0.0,52
2012-04-01,750,0,0,0.0,0.0,0.0,0.0,0.0,53
2012-05-01,750,0,0,0.0,0.0,0.0,0.0,0.0,54
2012-06-01,750,0,0,0.0,0.0,0.0,0.0,0.0,55
2012-07-01,750,0,1,0.0,0.0,0.0,0.0,0.0,56
2012-08-01,750,0,0,0.0,0.0,0.0,0.0,0.0,57
2012-09-01,750,0,1,0.0,0.0,0.0,0.0,0.0,58
2012-10-01,750,0,0,0.0,0.0,0.0,0.0,0.0,59
2012-11-01,750,0,0,0.0,0.0,0.0,0.0,0.0,60
2012-12-01,750,0,0,0.0,0.0,0.0,0.0,0.0,61
2013-01-01,750,0,1,0.0,0.0,0.0,0.0,0.0,62
2013-02-01,750,0,1,0.0,0.0,0.0,0.0,0.0,63
2013-03-01,750,0,0,0.0,0.0,0.0,0.0,0.0,64
2013-04-01,750,0,1,0.0,0.0,0.0,0.0,0.0,65
2013-05-01,750,0,0,0.0,0.0,0.0,0.0,0.0,66
2013-06-01,750,0,0,0.0,0.0,0.0,0.0,0.0,67
2013-07-01,750,0,1,0.0,0.0,0.0,0.0,0.0,68
2013-08-01,750,0,0,0.0,0.0,0.0,0.0,0.0,69
2013-09-01,750,0,0,0.0,0.0,0.0,0.0,0.0,70
2013-10-01,750,0,0,0.0,0.0,0.0,0.0,0.0,71
2013-11-01,750,0,0,0.0,0.0,0.0,0.0,0.0,72
2013-12-01,750,0,0,0.0,0.0,0.0,0.0,0.0,73
2014-01-01,750,0,0,0.0,0.0,0.0,0.0,0.0,74
2014-02-01,750,0,0,0.0,0.0,0.0,0.0,0.0,75
2014-03-01,750,0,1,0.0,0.0,0.0,0.0,0.0,76
2014-04-01,750,0,1,0.0,0.0,0.0,0.0,0.0,77
2014-05-01,750,0,0,0.0,0.0,0.0,0.0,0.0,78
2014-06-01,750,0,0,0.0,0.0,0.0,0.0,0.0,79
2014-07-01,750,0,0,0.0,0.0,0.0,0.0,0.0,80
2014-08-01,750,0,0,0.0,0.0,0.0,0.0,0.0,81
2014-09-01,750,0,0,0.0,0.0,0.0,0.0,0.0,82
2014-10-01,750,0,0,0.0,0.0,0.0,0.0,0.0,83
2014-11-01,750,0,0,0.0,0.0,0.0,0.0,0.0,84
2014-12-01,750,0,0,0.0,0.0,0.0,0.0,0.0,85
2015-01-01,750,0,0,0.0,0.0,0.0,0.0,0.0,86
2015-02-01,750,0,0,0.0,0.0,0.0,0.0,0.0,87
2015-03-01,750,0,1,0.0,0.0,0.0,0.0,0.0,88
2015-04-01,750,0,1,0.0,0.0,0.0,0.0,0.0,89
2015-05-01,750,0,0,0.0,0.0,0.0,0.0,0.0,90
2015-06-01,750,0,0,0.0,0.0,0.0,0.0,0.0,91
2015-07-01,750,0,0,0.0,0.0,0.0,0.0,0.0,92
2015-08-01,750,0,0,0.0,0.0,0.0,0.0,0.0,93
2015-09-01,750,0,0,0.0,0.0,0.0,0.0,0.0,94
2015-10-01,750,0,0,0.0,0.0,0.0,0.0,0.0,95
2015-11-01,750,0,0,0.0,0.0,0.0,0.0,0.0,96
2015-12-01,750,0,0,0.0,0.0,0.0,0.0,0.0,97
2016-01-01,750,0,0,0.0,0.0,0.0,0.0,0.0,98
2016-02-01,750,0,0,0.0,0.0,0.0,0.0,0.0,99
2016-03-01,750,0,0,0.0,0.0,0.0,0.0,0.0,100
2016-04-01,750,0,1,0.0,0.0,0.0,0.0,0.0,101
2016-05-01,750,0,0,0.0,0.0,0.0,0.0,0.0,102
2016-06-01,750,0,0,0.0,0.0,0.0,0.0,0.0,103
2016-07-01,750,0,0,0.0,0.0,0.0,0.0,0.0,104
2016-08-01,750,0,0,0.0,0.0,0.0,0.0,0.0,105
2016-09-01,750,0,0,0.0,0.0,0.0,0.0,0.0,106
2016-10-01,750,0,0,0.0,0.0,0.0,0.0,0.0,107
2016-11-01,750,0,0,0.0,0.0,0.0,0.0,0.0,108
2016-12-01,750,0,0,0.0,0.0,0.0,0.0,0.0,109
2017-01-01,750,0,0,0.0,0.0,0.0,0.0,0.0,110
2017-02-01,750,0,0,0.0,0.0,0.0,0.0,0.0,111
2017-03-01,750,0,0,0.0,0.0,0.0,0.0,0.0,112
2017-04-01,750,0,1,0.0,0.0,0.0,0.0,0.0,113
2017-05-01,750,0,0,0.0,0.0,0.0,0.0,0.0,114
2017-06-01,750,0,0,0.0,0.0,0.0,0.0,0.0,115
2017-07-01,750,0,0,0.0,0.0,0.0,0.0,0.0,116
2017-08-01,750,0,0,0.0,0.0,0.0,0.0,0.0,117
2017-09-01,750,0,0,0.0,0.0,0.0,0.0,0.0,118
2017-10-01,750,0,0,0.0,0.0,0.0,0.0,0.0,119
2017-11-01,750,0,0,0.0,0.0,0.0,0.0,0.0,120
2017-12-01,750,0,0,0.0,0.0,0.0,0.0,0.0,121
2018-01-01,750,0,0,0.0,0.0,0.0,0.0,0.0,122
2018-02-01,750,0,0,0.0,0.0,0.0,0.0,0.0,123
2018-03-01,750,0,0,0.0,0.0,0.0,0.0,0.0,124
2018-04-01,750,0,0,0.0,0.0,0.0,0.0,0.0,125
2018-05-01,750,0,1,0.0,0.0,0.0,0.0,0.0,126
2018-06-01,750,0,0,0.0,0.0,0.0,0.0,0.0,127
2018-07-01,750,1,0,0.0,0.0,0.0,0.0,0.0,0
2018-08-01,750,1,0,0.0,0.0,1.0,0.0,0.0,0
2018-09-01,750,1,0,0.0,0.0,1.0,0.0,0.0,0
2018-10-01,750,1,0,0.0,0.0,1.0,0.0,0.0,0
2018-11-01,750,0,1,0.0,0.0,1.0,0.0,0.0,1
2018-12-01,750,0,0,0.0,0.0,0.0,0.0,0.0,2
2005-02-01,770,0,1,0.0,0.0,,,,1
2005-03-01,770,0,0,0.0,0.0,0.0,0.0,0.0,2
2005-04-01,770,0,0,0.0,0.0,0.0,0.0,0.0,3
2005-05-01,770,0,0,0.0,0.0,0.0,0.0,0.0,4
2005-06-01,770,0,0,0.0,0.0,0.0,0.0,0.0,5
2005-07-01,770,0,0,0.0,0.0,0.0,0.0,0.0,6
2005-08-01,770,1,0,0.0,0.0,0.0,0.0,0.0,0
2005-09-01,770,1,0,0.0,0.0,1.0,0.0,0.0,0
2005-10-01,770,1,0,0.0,0.0,1.0,0.0,0.0,0
2005-11-01,770,1,0,0.0,0.0,1.0,0.0,0.0,0
2005-12-01,770,1,0,0.0,0.0,1.0,0.0,0.0,0
2006-01-01,770,1,0,0.0,0.0,1.0,0.0,0.0,0
2006-02-01,770,1,0,0.0,0.0,1.0,0.0,0.0,0
2006-03-01,770,1,0,0.0,0.0,1.0,0.0,0.0,0
2006-04-01,770,1,0,0.0,0.0,1.0,0.0,0.0,0
2006-05-01,770,0,1,0.0,0.0,1.0,0.0,0.0,1
2006-06-01,770,0,1,0.0,0.0,0.0,0.0,0.0,2
2006-07-01,770,0,1,0.0,0.0,0.0,0.0,0.0,3
2006-08-01,770,0,1,0.0,0.0,0.0,0.0,0.0,4
2006-09-01,770,0,1,0.0,0.0,0.0,0.0,0.0,5
2006-10-01,770,0,0,0.0,0.0,0.0,0.0,0.0,6
2006-11-01,770,0,0,0.0,0.0,0.0,0.0,0.0,7
2006-12-01,770,0,0,0.0,0.0,0.0,0.0,0.0,8
2007-01-01,770,0,0,0.0,0.0,0.0,0.0,0.0,9
2007-02-01,770,0,0,0.0,0.0,0.0,0.0,0.0,10
2007-03-01,770,0,0,0.0,0.0,0.0,0.0,0.0,11
2007-04-01,770,0,0,0.0,0.0,0.0,0.0,0.0,12
2007-05-01,770,0,0,0.0,0.0,0.0,0.0,0.0,13
2007-06-01,770,0,0,0.0,0.0,0.0,0.0,0.0,14
2007-07-01,770,0,0,0.0,0.0,0.0,0.0,0.0,15
2007-08-01,770,1,0,0.0,0.0,0.0,0.0,0.0,0
2007-09-01,770,1,0,0.0,0.0,1.0,0.0,0.0,0
2007-10-01,770,1,0,0.0,0.0,1.0,0.0,0.0,0
2007-11-01,770,1,0,0.0,0.0,1.0,0.0,0.0,0
2007-12-01,770,0,1,0.0,0.0,1.0,0.0,0.0,1
2008-01-01,770,1,0,0.0,0.0,0.0,0.0,0.0,0
2008-02-01,770,1,0,0.0,0.0,1.0,0.0,0.0,0
2008-03-01,770,1,0,0.0,0.0,1.0,0.0,0.0,0
2008-04-01,770,1,0,0.0,0.0,1.0,0.0,0.0,0
2008-05-01,770,1,0,0.0,0.0,1.0,0.0,0.0,0
2008-06-01,770,1,0,0.0,0.0,1.0,0.0,0.0,0
2008-07-01,770,1,0,0.0,0.0,1.0,0.0,0.0,0
2008-08-01,770,1,0,0.0,0.0,1.0,0.0,0.0,0
2008-09-01,770,0,1,0.0,0.0,1.0,0.0,0.0,1
2008-10-01,770,0,0,0.0,0.0,0.0,0.0,0.0,2
2008-11-01,770,0,0,0.0,0.0,0.0,0.0,0.0,3
2008-12-01,770,0,1,0.0,0.0,0.0,0.0,0.0,4
2009-01-01,770,0,1,0.0,0.0,0.0,0.0,0.0,5
2009-02-01,770,0,1,-1.0,0.0,0.0,0.0,0.0,6
2009-03-01,770,0,0,0.0,0.0,0.0,-1.0,0.0,7
2009-04-01,770,1,0,0.0,0.0,0.0,0.0,0.0,0
2009-05-01,770,1,0,0.0,0.0,1.0,0.0,0.0,0
2009-06-01,770,1,0,0.0,0.0,1.0,0.0,0.0,0
2009-07-01,770,1,0,0.0,0.0,1.0,0.0,0.0,0
2009-08-01,770,0,1,0.0,0.0,1.0,0.0,0.0,1
2009-09-01,770,0,0,0.0,0.0,0.0,0.0,0.0,2
2009-10-01,770,0,0,0.0,0.0,0.0,0.0,0.0,3
2009-11-01,770,1,0,0.0,0.0,0.0,0.0,0.0,0
2009-12-01,770,1,0,0.0,0.0,1.0,0.0,0.0,0
2010-01-01,770,1,0,0.0,0.0,1.0,0.0,0.0,0
2010-02-01,770,1,0,0.0,0.0,1.0,0.0,0.0,0
2010-03-01,770,1,0,0.0,0.0,1.0,0.0,0.0,0
2010-04-01,770,1,0,0.0,0.0,1.0,0.0,0.0,0
2010-05-01,770,1,0,0.0,0.0,1.0,0.0,0.0,0
2010-06-01,770,1,0,0.0,0.0,1.0,0.0,0.0,0
2010-07-01,770,1,0,0.0,0.0,1.0,0.0,0.0,0
2010-08-01,770,1,0,0.0,0.0,1.0,0.0,0.0,0
2010-09-01,770,1,0,0.0,0.0,1.0,0.0,0.0,0
2010-10-01,770,1,0,0.0,0.0,1.0,0.0,0.0,0
2010-11-01,770,1,0,0.0,0.0,1.0,0.0,0.0,0
2010-12-01,770,1,0,0.0,0.0,1.0,0.0,0.0,0
2011-01-01,770,1,0,0.0,0.0,1.0,0.0,0.0,0
2011-02-01,770,1,0,0.0,0.0,1.0,0.0,0.0,0
2011-03-01,770,1,0,0.0,0.0,1.0,0.0,0.0,0
2011-04-01,770,1,0,0.0,0.0,1.0,0.0,0.0,0
2011-05-01,770,1,0,0.0,0.0,1.0,0.0,0.0,0
2011-06-01,770,1,0,0.0,0.0,1.0,0.0,0.0,0
2011-07-01,770,1,0,0.0,0.0,1.0,0.0,0.0,0
2011-08-01,770,1,0,0.0,0.0,1.0,0.0,0.0,0
2011-09-01,770,1,0,0.0,0.0,1.0,0.0,0.0,0
2011-10-01,770,1,0,0.0,0.0,1.0,0.0,0.0,0
2011-11-01,770,1,0,0.0,0.0,1.0,0.0,0.0,0
2011-12-01,770,1,0,0.0,0.0,1.0,0.0,0.0,0
2012-01-01,770,1,0,0.0,0.0,1.0,0.0,0.0,0
2012-02-01,770,1,0,0.0,0.0,1.0,0.0,0.0,0
2012-03-01,770,1,0,0.0,0.0,1.0,0.0,0.0,0
2012-04-01,770,1,0,0.0,0.0,1.0,0.0,0.0,0
2012-05-01,770,0,1,0.0,0.0,1.0,0.0,0.0,1
2012-06-01,770,1,0,0.0,0.0,0.0,0.0,0.0,0
2012-07-01,770,1,0,0.0,0.0,1.0,0.0,0.0,0
2012-08-01,770,1,0,0.0,0.0,1.0,0.0,0.0,0
2012-09-01,770,1,0,0.0,0.0,1.0,0.0,0.0,0
2012-10-01,770,1,0,0.0,0.0,1.0,0.0,0.0,0
2012-11-01,770,1,0,0.0,0.0,1.0,0.0,0.0,0
2012-12-01,770,1,0,0.0,0.0,1.0,0.0,0.0,0
2013-01-01,770,1,0,0.0,0.0,1.0,0.0,0.0,0
2013-02-01,770,1,0,0.0,0.0,1.0,0.0,0.0,0
2013-03-01,770,1,0,0.0,0.0,1.0,0.0,0.0,0
2013-04-01,770,1,0,0.0,0.0,1.0,0.0,0.0,0
2013-05-01,770,1,0,0.0,0.0,1.0,0.0,0.0,0
2013-06-01,770,1,0,0.0,0.0,1.0,0.0,0.0,0
2013-07-01,770,1,0,0.0,0.0,1.0,0.0,0.0,0
2013-08-01,770,1,0,0.0,0.0,1.0,0.0,0.0,0
2013-09-01,770,1,0,0.0,0.0,1.0,0.0,0.0,0
2013-10-01,770,1,0,0.0,0.0,1.0,0.0,0.0,0
2013-11-01,770,1,0,0.0,0.0,1.0,0.0,0.0,0
2013-12-01,770,1,0,0.0,0.0,1.0,0.0,0.0,0
2014-01-01,770,1,0,0.0,0.0,1.0,0.0,0.0,0
2014-02-01,770,1,0,0.0,0.0,1.0,0.0,0.0,0
2014-03-01,770,0,1,0.0,0.0,1.0,0.0,0.0,1
2014-04-01,770,0,1,0.0,0.0,0.0,0.0,0.0,2
1992-11-01,771,0,1,0.0,0.0,,,,1
1992-12-01,771,0,0,0.0,0.0,0.0,0.0,0.0,2
1993-01-01,771,1,0,0.0,0.0,0.0,0.0,0.0,0
1993-02-01,771,1,0,0.0,0.0,1.0,0.0,0.0,0
1993-03-01,771,1,0,0.0,0.0,1.0,0.0,0.0,0
1993-04-01,771,1,0,0.0,0.0,1.0,0.0,0.0,0
1993-05-01,771,0,1,0.0,0.0,1.0,0.0,0.0,1
1993-06-01,771,0,0,0.0,0.0,0.0,0.0,0.0,2
1993-07-01,771,0,0,0.0,0.0,0.0,0.0,0.0,3
1993-08-01,771,0,0,0.0,0.0,0.0,0.0,0.0,4
1993-09-01,771,0,1,0.0,0.0,0.0,0.0,0.0,5
1993-10-01,771,0,0,0.0,0.0,0.0,0.0,0.0,6
1993-11-01,771,0,1,0.0,0.0,0.0,0.0,0.0,7
1993-12-01,771,0,1,0.0,0.0,0.0,0.0,0.0,8
1994-01-01,771,0,0,0.0,0.0,0.0,0.0,0.0,9
1994-02-01,771,0,1,0.0,0.0,0.0,0.0,0.0,10
1994-03-01,771,0,0,0.0,0.0,0.0,0.0,0.0,11
1994-04-01,771,0,1,0.0,0.0,0.0,0.0,0.0,12
1994-05-01,771,0,1,0.0,0.0,0.0,0.0,0.0,13
1994-06-01,771,0,0,0.0,0.0,0.0,0.0,0.0,14
1994-07-01,771,0,1,0.0,0.0,0.0,0.0,0.0,15
1994-08-01,771,0,0,0.0,0.0,0.0,0.0,0.0,16
1994-09-01,771,0,0,0.0,0.0,0.0,0.0,0.0,17
1994-10-01,771,0,1,0.0,0.0,0.0,0.0,0.0,18
1994-11-01,771,0,1,0.0,0.0,0.0,0.0,0.0,19
1994-12-01,771,0,1,0.0,0.0,0.0,0.0,0.0,20
1995-01-01,771,0,0,0.0,0.0,0.0,0.0,0.0,21
1995-02-01,771,0,0,0.0,0.0,0.0,0.0,0.0,22
1995-03-01,771,0,0,0.0,0.0,0.0,0.0,0.0,23
1995-04-01,771,0,1,0.0,0.0,0.0,0.0,0.0,24
1995-05-01,771,0,1,0.0,0.0,0.0,0.0,0.0,25
1995-06-01,771,0,1,0.0,0.0,0.0,0.0,0.0,26
1995-07-01,771,0,1,0.0,0.0,0.0,0.0,0.0,27
1995-08-01,771,0,0,0.0,0.0,0.0,0.0,0.0,28
1995-09-01,771,0,0,0.0,0.0,0.0,0.0,0.0,29
1995-10-01,771,0,1,0.0,0.0,0.0,0.0,0.0,30
1995-11-01,771,0,1,0.0,0.0,0.0,0.0,0.0,31
1995-12-01,771,0,0,0.0,0.0,0.0,0.0,0.0,32
1996-01-01,771,0,1,0.0,0.0,0.0,0.0,0.0,33
1996-02-01,771,0,1,0.0,0.0,0.0,0.0,0.0,34
1996-03-01,771,0,1,0.0,0.0,0.0,0.0,0.0,35
1996-04-01,771,0,1,0.0,0.0,0.0,0.0,0.0,36
1996-05-01,771,0,0,0.0,0.0,0.0,0.0,0.0,37
1996-06-01,771,0,1,0.0,0.0,0.0,0.0,0.0,38
1996-07-01,771,0,0,0.0,0.0,0.0,0.0,0.0,39
1996-08-01,771,0,1,0.0,0.0,0.0,0.0,0.0,40
1996-09-01,771,0,1,0.0,0.0,0.0,0.0,0.0,41
1996-10-01,771,0,0,0.0,0.0,0.0,0.0,0.0,42
1996-11-01,771,0,1,0.0,0.0,0.0,0.0,0.0,43
1996-12-01,771,0,1,0.0,0.0,0.0,0.0,0.0,44
1997-01-01,771,0,0,0.0,0.0,0.0,0.0,0.0,45
1997-02-01,771,0,0,0.0,0.0,0.0,0.0,0.0,46
1997-03-01,771,0,1,0.0,0.0,0.0,0.0,0.0,47
1997-04-01,771,0,0,0.0,0.0,0.0,0.0,0.0,48
1997-05-01,771,0,0,0.0,0.0,0.0,0.0,0.0,49
1997-06-01,771,0,1,0.0,0.0,0.0,0.0,0.0,50
1997-07-01,771,0,0,0.0,0.0,0.0,0.0,0.0,51
1997-08-01,771,0,0,0.0,0.0,0.0,0.0,0.0,52
1997-09-01,771,0,0,0.0,0.0,0.0,0.0,0.0,53
1989-05-01,775,0,1,0.0,0.0,,,,1
1989-06-01,775,0,0,0.0,0.0,0.0,0.0,0.0,2
1989-07-01,775,0,0,0.0,0.0,0.0,0.0,0.0,3
1989-08-01,775,0,0,0.0,0.0,0.0,0.0,0.0,4
1989-09-01,775,0,1,0.0,0.0,0.0,0.0,0.0,5
1989-10-01,775,0,0,0.0,0.0,0.0,0.0,0.0,6
1989-11-01,775,0,0,0.0,0.0,0.0,0.0,0.0,7
1989-12-01,775,0,0,0.0,0.0,0.0,0.0,0.0,8
1990-01-01,775,0,0,0.0,0.0,0.0,0.0,0.0,9
1990-02-01,775,0,0,0.0,0.0,0.0,0.0,0.0,10
1990-03-01,775,0,0,0.0,0.0,0.0,0.0,0.0,11
1990-04-01,775,0,0,0.0,0.0,0.0,0.0,0.0,12
1990-05-01,775,0,0,0.0,0.0,0.0,0.0,0.0,13
1990-06-01,775,0,0,0.0,0.0,0.0,0.0,0.0,14
1990-07-01,775,0,0,0.0,0.0,0.0,0.0,0.0,15
1990-08-01,775,0,0,0.0,0.0,0.0,0.0,0.0,16
1990-09-01,775,0,0,0.0,0.0,0.0,0.0,0.0,17
1990-10-01,775,0,0,0.0,0.0,0.0,0.0,0.0,18
1990-11-01,775,0,0,0.0,0.0,0.0,0.0,0.0,19
1990-12-01,775,0,0,0.0,0.0,0.0,0.0,0.0,20
1991-01-01,775,0,0,0.0,0.0,0.0,0.0,0.0,21
1991-02-01,775,0,0,0.0,0.0,0.0,0.0,0.0,22
1991-03-01,775,0,0,0.0,0.0,0.0,0.0,0.0,23
1991-04-01,775,0,0,0.0,0.0,0.0,0.0,0.0,24
1991-05-01,775,0,0,0.0,0.0,0.0,0.0,0.0,25
1991-06-01,775,0,0,0.0,0.0,0.0,0.0,0.0,26
1991-07-01,775,0,0,0.0,0.0,0.0,0.0,0.0,27
1991-08-01,775,0,0,0.0,0.0,0.0,0.0,0.0,28
1991-09-01,775,0,0,0.0,0.0,0.0,0.0,0.0,29
1991-10-01,775,0,0,0.0,0.0,0.0,0.0,0.0,30
1991-11-01,775,0,0,0.0,0.0,0.0,0.0,0.0,31
1991-12-01,775,0,0,0.0,0.0,0.0,0.0,0.0,32
1992-01-01,775,0,0,0.0,0.0,0.0,0.0,0.0,33
1992-02-01,775,0,0,0.0,0.0,0.0,0.0,0.0,34
1992-03-01,775,0,0,0.0,0.0,0.0,0.0,0.0,35
1992-04-01,775,0,1,0.0,0.0,0.0,0.0,0.0,36
1992-05-01,775,0,0,0.0,0.0,0.0,0.0,0.0,37
1992-06-01,775,0,0,0.0,0.0,0.0,0.0,0.0,38
1992-07-01,775,0,0,0.0,0.0,0.0,0.0,0.0,39
1992-08-01,775,0,0,0.0,0.0,0.0,0.0,0.0,40
1992-09-01,775,0,0,0.0,0.0,0.0,0.0,0.0,41
1992-10-01,775,0,0,0.0,0.0,0.0,0.0,0.0,42
1992-11-01,775,0,0,0.0,0.0,0.0,0.0,0.0,43
1992-12-01,775,0,0,0.0,0.0,0.0,0.0,0.0,44
1993-01-01,775,0,0,0.0,0.0,0.0,0.0,0.0,45
1993-02-01,775,0,0,0.0,0.0,0.0,0.0,0.0,46
1993-03-01,775,0,0,0.0,0.0,0.0,0.0,0.0,47
1993-04-01,775,0,1,1.0,0.0,0.0,0.0,0.0,48
1993-05-01,775,0,0,1.0,0.0,0.0,1.0,0.0,49
1993-06-01,775,0,0,1.0,0.0,0.0,1.0,0.0,50
1993-07-01,775,0,0,1.0,0.0,0.0,1.0,0.0,51
1993-08-01,775,0,0,1.0,0.0,0.0,1.0,0.0,52
1993-09-01,775,0,0,1.0,0.0,0.0,1.0,0.0,53
1993-10-01,775,0,0,1.0,0.0,0.0,1.0,0.0,54
1993-11-01,775,0,0,1.0,0.0,0.0,1.0,0.0,55
1993-12-01,775,0,0,1.0,0.0,0.0,1.0,0.0,56
1994-01-01,775,0,0,1.0,0.0,0.0,1.0,0.0,57
1994-02-01,775,0,1,1.0,0.0,0.0,1.0,0.0,58
1994-03-01,775,0,0,1.0,0.0,0.0,1.0,0.0,59
1994-04-01,775,0,0,1.0,0.0,0.0,1.0,0.0,60
1994-05-01,775,0,0,1.0,0.0,0.0,1.0,0.0,61
1994-06-01,775,0,0,1.0,0.0,0.0,1.0,0.0,62
1994-07-01,775,0,0,1.0,0.0,0.0,1.0,0.0,63
1994-08-01,775,0,0,1.0,0.0,0.0,1.0,0.0,64
1994-09-01,775,0,0,1.0,0.0,0.0,1.0,0.0,65
1994-10-01,775,0,0,1.0,0.0,0.0,1.0,0.0,66
1994-11-01,775,0,0,1.0,0.0,0.0,1.0,0.0,67
1994-12-01,775,0,0,1.0,0.0,0.0,1.0,0.0,68
1995-01-01,775,0,0,1.0,0.0,0.0,1.0,0.0,69
1995-02-01,775,0,0,1.0,0.0,0.0,1.0,0.0,70
1995-03-01,775,0,1,1.0,0.0,0.0,1.0,0.0,71
1995-04-01,775,0,0,1.0,0.0,0.0,1.0,0.0,72
1995-05-01,775,0,0,1.0,0.0,0.0,1.0,0.0,73
1995-06-01,775,0,1,1.0,0.0,0.0,1.0,0.0,74
1995-07-01,775,0,0,1.0,0.0,0.0,1.0,0.0,75
1995-08-01,775,0,0,1.0,0.0,0.0,1.0,0.0,76
1995-09-01,775,0,0,0.0,0.0,0.0,1.0,0.0,77
1995-10-01,775,0,0,0.0,0.0,0.0,0.0,0.0,78
1995-11-01,775,0,0,0.0,0.0,0.0,0.0,0.0,79
1995-12-01,775,0,0,0.0,0.0,0.0,0.0,0.0,80
1996-01-01,775,0,0,0.0,0.0,0.0,0.0,0.0,81
1996-02-01,775,0,0,0.0,0.0,0.0,0.0,0.0,82
1996-03-01,775,0,0,0.0,0.0,0.0,0.0,0.0,83
1996-04-01,775,0,0,0.0,0.0,0.0,0.0,0.0,84
1996-05-01,775,0,0,0.0,0.0,0.0,0.0,0.0,85
1996-06-01,775,0,0,0.0,0.0,0.0,0.0,0.0,86
1996-07-01,775,0,0,0.0,0.0,0.0,0.0,0.0,87
1996-08-01,775,0,0,0.0,0.0,0.0,0.0,0.0,88
1996-09-01,775,0,0,0.0,0.0,0.0,0.0,0.0,89
1996-10-01,775,0,0,0.0,0.0,0.0,0.0,0.0,90
1996-11-01,775,0,0,0.0,0.0,0.0,0.0,0.0,91
1996-12-01,775,0,0,0.0,0.0,0.0,0.0,0.0,92
1997-01-01,775,0,0,0.0,0.0,0.0,0.0,0.0,93
1997-02-01,775,0,0,0.0,0.0,0.0,0.0,0.0,94
1997-03-01,775,0,0,0.0,0.0,0.0,0.0,0.0,95
1997-04-01,775,0,0,0.0,0.0,0.0,0.0,0.0,96
1997-05-01,775,0,0,0.0,0.0,0.0,0.0,0.0,97
1997-06-01,775,0,0,0.0,0.0,0.0,0.0,0.0,98
1997-07-01,775,0,0,0.0,0.0,0.0,0.0,0.0,99
1997-08-01,775,0,0,0.0,0.0,0.0,0.0,0.0,100
1997-09-01,775,0,0,0.0,0.0,0.0,0.0,0.0,101
1997-10-01,775,0,0,0.0,0.0,0.0,0.0,0.0,102
1997-11-01,775,0,0,0.0,0.0,0.0,0.0,0.0,103
1997-12-01,775,0,0,0.0,0.0,0.0,0.0,0.0,104
1998-01-01,775,0,0,0.0,0.0,0.0,0.0,0.0,105
1998-02-01,775,0,0,0.0,0.0,0.0,0.0,0.0,106
1998-03-01,775,0,0,0.0,0.0,0.0,0.0,0.0,107
1998-04-01,775,0,0,0.0,0.0,0.0,0.0,0.0,108
1998-05-01,775,0,0,0.0,0.0,0.0,0.0,0.0,109
1998-06-01,775,0,0,0.0,0.0,0.0,0.0,0.0,110
1998-07-01,775,0,0,0.0,0.0,0.0,0.0,0.0,111
1998-08-01,775,0,0,0.0,0.0,0.0,0.0,0.0,112
1998-09-01,775,0,0,0.0,0.0,0.0,0.0,0.0,113
1998-10-01,775,0,0,0.0,0.0,0.0,0.0,0.0,114
1998-11-01,775,0,0,0.0,0.0,0.0,0.0,0.0,115
1998-12-01,775,0,0,0.0,0.0,0.0,0.0,0.0,116
1999-01-01,775,0,0,0.0,0.0,0.0,0.0,0.0,117
1999-02-01,775,0,0,0.0,0.0,0.0,0.0,0.0,118
1999-03-01,775,0,0,0.0,0.0,0.0,0.0,0.0,119
1999-04-01,775,0,0,0.0,0.0,0.0,0.0,0.0,120
1999-05-01,775,0,0,0.0,0.0,0.0,0.0,0.0,121
1999-06-01,775,0,0,0.0,0.0,0.0,0.0,0.0,122
1999-07-01,775,0,0,0.0,0.0,0.0,0.0,0.0,123
1999-08-01,775,0,0,0.0,0.0,0.0,0.0,0.0,124
1999-09-01,775,0,0,0.0,0.0,0.0,0.0,0.0,125
1999-10-01,775,0,0,0.0,0.0,0.0,0.0,0.0,126
1999-11-01,775,0,0,0.0,0.0,0.0,0.0,0.0,127
1999-12-01,775,0,0,0.0,0.0,0.0,0.0,0.0,128
2000-01-01,775,0,0,0.0,0.0,0.0,0.0,0.0,129
2000-02-01,775,0,0,0.0,0.0,0.0,0.0,0.0,130
2000-03-01,775,0,0,0.0,0.0,0.0,0.0,0.0,131
2000-04-01,775,0,0,0.0,0.0,0.0,0.0,0.0,132
2000-05-01,775,0,0,0.0,0.0,0.0,0.0,0.0,133
2000-06-01,775,0,0,0.0,0.0,0.0,0.0,0.0,134
2000-07-01,775,0,0,0.0,0.0,0.0,0.0,0.0,135
2000-08-01,775,0,0,0.0,0.0,0.0,0.0,0.0,136
2000-09-01,775,0,0,0.0,0.0,0.0,0.0,0.0,137
2000-10-01,775,0,0,0.0,0.0,0.0,0.0,0.0,138
2000-11-01,775,0,0,0.0,0.0,0.0,0.0,0.0,139
2000-12-01,775,0,0,0.0,0.0,0.0,0.0,0.0,140
2001-01-01,775,0,0,0.0,0.0,0.0,0.0,0.0,141
2001-02-01,775,0,0,0.0,0.0,0.0,0.0,0.0,142
2001-03-01,775,0,0,0.0,0.0,0.0,0.0,0.0,143
2001-04-01,775,0,0,0.0,0.0,0.0,0.0,0.0,144
2001-05-01,775,0,0,0.0,0.0,0.0,0.0,0.0,145
2001-06-01,775,0,0,0.0,0.0,0.0,0.0,0.0,146
2001-07-01,775,0,0,0.0,0.0,0.0,0.0,0.0,147
2001-08-01,775,0,0,0.0,0.0,0.0,0.0,0.0,148
2001-09-01,775,0,0,0.0,0.0,0.0,0.0,0.0,149
2001-10-01,775,0,0,0.0,0.0,0.0,0.0,0.0,150
2001-11-01,775,0,0,0.0,0.0,0.0,0.0,0.0,151
2001-12-01,775,0,0,0.0,0.0,0.0,0.0,0.0,152
2002-01-01,775,0,0,0.0,0.0,0.0,0.0,0.0,153
2002-02-01,775,0,0,0.0,0.0,0.0,0.0,0.0,154
2002-03-01,775,0,0,0.0,0.0,0.0,0.0,0.0,155
2002-04-01,775,0,0,0.0,0.0,0.0,0.0,0.0,156
2002-05-01,775,0,0,0.0,0.0,0.0,0.0,0.0,157
2002-06-01,775,0,0,0.0,0.0,0.0,0.0,0.0,158
2002-07-01,775,0,0,0.0,0.0,0.0,0.0,0.0,159
2002-08-01,775,0,0,0.0,0.0,0.0,0.0,0.0,160
2002-09-01,775,0,0,0.0,0.0,0.0,0.0,0.0,161
2002-10-01,775,0,0,0.0,0.0,0.0,0.0,0.0,162
2002-11-01,775,0,0,0.0,0.0,0.0,0.0,0.0,163
2002-12-01,775,0,0,0.0,0.0,0.0,0.0,0.0,164
2003-01-01,775,0,0,0.0,0.0,0.0,0.0,0.0,165
2003-02-01,775,0,0,0.0,0.0,0.0,0.0,0.0,166
2003-03-01,775,0,0,0.0,0.0,0.0,0.0,0.0,167
2003-04-01,775,0,0,0.0,0.0,0.0,0.0,0.0,168
2003-05-01,775,0,0,0.0,0.0,0.0,0.0,0.0,169
2003-06-01,775,0,0,0.0,0.0,0.0,0.0,0.0,170
2003-07-01,775,0,0,0.0,0.0,0.0,0.0,0.0,171
2003-08-01,775,0,0,0.0,0.0,0.0,0.0,0.0,172
2003-09-01,775,0,0,0.0,0.0,0.0,0.0,0.0,173
2003-10-01,775,0,0,0.0,0.0,0.0,0.0,0.0,174
2003-11-01,775,0,0,0.0,0.0,0.0,0.0,0.0,175
2003-12-01,775,0,1,0.0,0.0,0.0,0.0,0.0,176
2004-01-01,775,0,0,0.0,0.0,0.0,0.0,0.0,177
2004-02-01,775,0,0,0.0,0.0,0.0,0.0,0.0,178
2004-03-01,775,0,0,0.0,0.0,0.0,0.0,0.0,179
2004-04-01,775,0,0,0.0,0.0,0.0,0.0,0.0,180
2004-05-01,775,0,0,0.0,0.0,0.0,0.0,0.0,181
2004-06-01,775,0,0,0.0,0.0,0.0,0.0,0.0,182
2004-07-01,775,0,0,0.0,0.0,0.0,0.0,0.0,183
2004-08-01,775,0,0,0.0,0.0,0.0,0.0,0.0,184
2004-09-01,775,0,0,0.0,0.0,0.0,0.0,0.0,185
2004-10-01,775,0,0,0.0,0.0,0.0,0.0,0.0,186
2004-11-01,775,0,0,0.0,0.0,0.0,0.0,0.0,187
2004-12-01,775,0,0,0.0,0.0,0.0,0.0,0.0,188
2005-01-01,775,0,0,0.0,0.0,0.0,0.0,0.0,189
2005-02-01,775,0,0,0.0,0.0,0.0,0.0,0.0,190
2005-03-01,775,0,0,0.0,0.0,0.0,0.0,0.0,191
2005-04-01,775,0,0,0.0,0.0,0.0,0.0,0.0,192
2005-05-01,775,0,0,0.0,0.0,0.0,0.0,0.0,193
2005-06-01,775,0,0,0.0,0.0,0.0,0.0,0.0,194
2005-07-01,775,0,0,0.0,0.0,0.0,0.0,0.0,195
2005-08-01,775,0,0,0.0,0.0,0.0,0.0,0.0,196
2005-09-01,775,0,0,0.0,0.0,0.0,0.0,0.0,197
2005-10-01,775,0,0,0.0,0.0,0.0,0.0,0.0,198
2005-11-01,775,0,0,0.0,0.0,0.0,0.0,0.0,199
2005-12-01,775,0,0,0.0,0.0,0.0,0.0,0.0,200
2006-01-01,775,0,0,0.0,0.0,0.0,0.0,0.0,201
2006-02-01,775,0,0,0.0,0.0,0.0,0.0,0.0,202
2006-03-01,775,0,0,0.0,0.0,0.0,0.0,0.0,203
2006-04-01,775,0,0,0.0,0.0,0.0,0.0,0.0,204
2006-05-01,775,0,0,0.0,0.0,0.0,0.0,0.0,205
2006-06-01,775,0,0,0.0,0.0,0.0,0.0,0.0,206
2006-07-01,775,0,0,0.0,0.0,0.0,0.0,0.0,207
2006-08-01,775,0,0,0.0,0.0,0.0,0.0,0.0,208
2006-09-01,775,0,0,0.0,0.0,0.0,0.0,0.0,209
2006-10-01,775,0,0,0.0,0.0,0.0,0.0,0.0,210
2006-11-01,775,0,0,0.0,0.0,0.0,0.0,0.0,211
2006-12-01,775,0,0,0.0,0.0,0.0,0.0,0.0,212
2007-01-01,775,0,0,0.0,0.0,0.0,0.0,0.0,213
2007-02-01,775,0,0,0.0,0.0,0.0,0.0,0.0,214
2007-03-01,775,0,0,0.0,0.0,0.0,0.0,0.0,215
2007-04-01,775,0,0,0.0,0.0,0.0,0.0,0.0,216
2007-05-01,775,0,0,0.0,0.0,0.0,0.0,0.0,217
2007-06-01,775,0,0,0.0,0.0,0.0,0.0,0.0,218
2007-07-01,775,0,0,0.0,0.0,0.0,0.0,0.0,219
2007-08-01,775,0,0,0.0,0.0,0.0,0.0,0.0,220
2007-09-01,775,0,0,0.0,0.0,0.0,0.0,0.0,221
2007-10-01,775,0,0,0.0,0.0,0.0,0.0,0.0,222
2007-11-01,775,0,0,0.0,0.0,0.0,0.0,0.0,223
2007-12-01,775,0,0,0.0,0.0,0.0,0.0,0.0,224
2008-01-01,775,0,0,0.0,0.0,0.0,0.0,0.0,225
2008-02-01,775,0,0,0.0,0.0,0.0,0.0,0.0,226
2008-03-01,775,0,0,0.0,0.0,0.0,0.0,0.0,227
2008-04-01,775,0,0,0.0,0.0,0.0,0.0,0.0,228
2008-05-01,775,0,0,0.0,0.0,0.0,0.0,0.0,229
2008-06-01,775,0,0,0.0,0.0,0.0,0.0,0.0,230
2008-07-01,775,0,0,0.0,0.0,0.0,0.0,0.0,231
2008-08-01,775,0,0,0.0,0.0,0.0,0.0,0.0,232
2008-09-01,775,0,0,0.0,0.0,0.0,0.0,0.0,233
2008-10-01,775,0,0,0.0,0.0,0.0,0.0,0.0,234
2008-11-01,775,0,0,0.0,0.0,0.0,0.0,0.0,235
2008-12-01,775,0,0,0.0,0.0,0.0,0.0,0.0,236
2009-01-01,775,0,0,0.0,0.0,0.0,0.0,0.0,237
2009-02-01,775,0,0,0.0,0.0,0.0,0.0,0.0,238
2009-03-01,775,0,0,0.0,0.0,0.0,0.0,0.0,239
2009-04-01,775,0,0,0.0,0.0,0.0,0.0,0.0,240
2009-05-01,775,0,0,0.0,0.0,0.0,0.0,0.0,241
2009-06-01,775,0,0,0.0,0.0,0.0,0.0,0.0,242
2009-07-01,775,0,0,0.0,0.0,0.0,0.0,0.0,243
2009-08-01,775,0,0,0.0,0.0,0.0,0.0,0.0,244
2009-09-01,775,0,0,0.0,0.0,0.0,0.0,0.0,245
2009-10-01,775,0,0,0.0,0.0,0.0,0.0,0.0,246
2009-11-01,775,0,0,0.0,0.0,0.0,0.0,0.0,247
2009-12-01,775,0,0,0.0,0.0,0.0,0.0,0.0,248
2010-01-01,775,0,0,0.0,0.0,0.0,0.0,0.0,249
2010-02-01,775,0,0,0.0,0.0,0.0,0.0,0.0,250
2010-03-01,775,0,0,0.0,0.0,0.0,0.0,0.0,251
2010-04-01,775,0,0,0.0,0.0,0.0,0.0,0.0,252
2010-05-01,775,0,0,0.0,0.0,0.0,0.0,0.0,253
2010-06-01,775,0,0,0.0,0.0,0.0,0.0,0.0,254
2010-07-01,775,0,0,0.0,0.0,0.0,0.0,0.0,255
2010-08-01,775,0,0,0.0,0.0,0.0,0.0,0.0,256
2010-09-01,775,0,0,0.0,0.0,0.0,0.0,0.0,257
2010-10-01,775,0,0,0.0,0.0,0.0,0.0,0.0,258
2010-11-01,775,0,0,0.0,0.0,0.0,0.0,0.0,259
2010-12-01,775,0,0,0.0,0.0,0.0,0.0,0.0,260
2011-01-01,775,0,0,0.0,0.0,0.0,0.0,0.0,261
2011-02-01,775,0,0,0.0,0.0,0.0,0.0,0.0,262
2011-03-01,775,0,0,0.0,0.0,0.0,0.0,0.0,263
2011-04-01,775,0,0,0.0,0.0,0.0,0.0,0.0,264
2011-05-01,775,0,0,0.0,0.0,0.0,0.0,0.0,265
2011-06-01,775,0,0,0.0,0.0,0.0,0.0,0.0,266
2011-07-01,775,0,0,0.0,0.0,0.0,0.0,0.0,267
2011-08-01,775,0,0,0.0,0.0,0.0,0.0,0.0,268
2011-09-01,775,0,1,0.0,0.0,0.0,0.0,0.0,269
2011-10-01,775,0,0,0.0,0.0,0.0,0.0,0.0,270
2011-11-01,775,0,1,0.0,0.0,0.0,0.0,0.0,271
2011-12-01,775,0,1,0.0,0.0,0.0,0.0,0.0,272
2012-01-01,775,0,1,0.0,0.0,0.0,0.0,0.0,273
2012-02-01,775,0,1,0.0,0.0,0.0,0.0,0.0,274
2012-03-01,775,0,0,0.0,0.0,0.0,0.0,0.0,275
2012-04-01,775,0,1,0.0,0.0,0.0,0.0,0.0,276
2012-05-01,775,0,1,0.0,0.0,0.0,0.0,0.0,277
2012-06-01,775,0,0,0.0,0.0,0.0,0.0,0.0,278
2012-07-01,775,0,0,0.0,0.0,0.0,0.0,0.0,279
2012-08-01,775,0,1,0.0,0.0,0.0,0.0,0.0,280
2012-09-01,775,0,0,0.0,0.0,0.0,0.0,0.0,281
2012-10-01,775,0,0,0.0,0.0,0.0,0.0,0.0,282
2012-11-01,775,0,0,0.0,0.0,0.0,0.0,0.0,283
2012-12-01,775,0,0,0.0,0.0,0.0,0.0,0.0,284
2013-01-01,775,0,0,0.0,0.0,0.0,0.0,0.0,285
2013-02-01,775,0,0,0.0,0.0,0.0,0.0,0.0,286
2013-03-01,775,0,1,0.0,0.0,0.0,0.0,0.0,287
2013-04-01,775,0,0,0.0,0.0,0.0,0.0,0.0,288
2013-05-01,775,0,0,0.0,0.0,0.0,0.0,0.0,289
2013-06-01,775,0,0,0.0,0.0,0.0,0.0,0.0,290
2013-07-01,775,0,0,0.0,0.0,0.0,0.0,0.0,291
2013-08-01,775,0,0,0.0,0.0,0.0,0.0,0.0,292
2013-09-01,775,0,0,0.0,0.0,0.0,0.0,0.0,293
2013-10-01,775,0,0,0.0,0.0,0.0,0.0,0.0,294
2013-11-01,775,0,0,0.0,0.0,0.0,0.0,0.0,295
2013-12-01,775,0,0,0.0,0.0,0.0,0.0,0.0,296
2014-01-01,775,0,0,0.0,0.0,0.0,0.0,0.0,297
2014-02-01,775,0,0,0.0,0.0,0.0,0.0,0.0,298
2014-03-01,775,0,0,0.0,0.0,0.0,0.0,0.0,299
2014-04-01,775,0,0,0.0,0.0,0.0,0.0,0.0,300
2014-05-01,775,0,0,0.0,0.0,0.0,0.0,0.0,301
2014-06-01,775,0,0,0.0,0.0,0.0,0.0,0.0,302
2014-07-01,775,0,0,0.0,0.0,0.0,0.0,0.0,303
2014-08-01,775,0,0,0.0,0.0,0.0,0.0,0.0,304
2014-09-01,775,0,0,0.0,0.0,0.0,0.0,0.0,305
2014-10-01,775,0,0,0.0,0.0,0.0,0.0,0.0,306
2014-11-01,775,0,0,0.0,0.0,0.0,0.0,0.0,307
2014-12-01,775,0,0,0.0,0.0,0.0,0.0,0.0,308
2015-01-01,775,0,0,0.0,0.0,0.0,0.0,0.0,309
2015-02-01,775,0,0,0.0,0.0,0.0,0.0,0.0,310
2015-03-01,775,0,0,0.0,0.0,0.0,0.0,0.0,311
2015-04-01,775,0,0,0.0,0.0,0.0,0.0,0.0,312
2015-05-01,775,0,0,0.0,0.0,0.0,0.0,0.0,313
2015-06-01,775,0,0,0.0,0.0,0.0,0.0,0.0,314
2015-07-01,775,0,0,0.0,0.0,0.0,0.0,0.0,315
2015-08-01,775,0,0,0.0,0.0,0.0,0.0,0.0,316
2015-09-01,775,0,0,0.0,0.0,0.0,0.0,0.0,317
2015-10-01,775,0,0,0.0,0.0,0.0,0.0,0.0,318
2015-11-01,775,0,0,0.0,0.0,0.0,0.0,0.0,319
2015-12-01,775,0,0,0.0,0.0,0.0,0.0,0.0,320
2016-01-01,775,0,0,0.0,0.0,0.0,0.0,0.0,321
2016-02-01,775,0,0,0.0,0.0,0.0,0.0,0.0,322
2016-03-01,775,0,0,0.0,0.0,0.0,0.0,0.0,323
2016-04-01,775,0,0,0.0,0.0,0.0,0.0,0.0,324
2016-05-01,775,0,0,0.0,0.0,0.0,0.0,0.0,325
2016-06-01,775,0,0,0.0,0.0,0.0,0.0,0.0,326
2016-07-01,775,0,0,0.0,0.0,0.0,0.0,0.0,327
2016-08-01,775,0,0,0.0,0.0,0.0,0.0,0.0,328
2016-09-01,775,0,0,0.0,0.0,0.0,0.0,0.0,329
2016-10-01,775,0,0,0.0,0.0,0.0,0.0,0.0,330
2016-11-01,775,0,0,0.0,0.0,0.0,0.0,0.0,331
2016-12-01,775,0,0,0.0,0.0,0.0,0.0,0.0,332
2017-01-01,775,0,0,0.0,0.0,0.0,0.0,0.0,333
2017-02-01,775,0,0,0.0,0.0,0.0,0.0,0.0,334
2017-03-01,775,0,0,0.0,0.0,0.0,0.0,0.0,335
2017-04-01,775,0,0,0.0,0.0,0.0,0.0,0.0,336
2017-05-01,775,0,0,0.0,0.0,0.0,0.0,0.0,337
2017-06-01,775,0,0,0.0,0.0,0.0,0.0,0.0,338
2017-07-01,775,0,0,0.0,0.0,0.0,0.0,0.0,339
2017-08-01,775,0,0,0.0,0.0,0.0,0.0,0.0,340
2017-09-01,775,0,1,0.0,0.0,0.0,0.0,0.0,341
2017-10-01,775,0,0,0.0,0.0,0.0,0.0,0.0,342
2017-11-01,775,0,0,0.0,0.0,0.0,0.0,0.0,343
2017-12-01,775,0,0,0.0,0.0,0.0,0.0,0.0,344
2018-01-01,775,0,0,0.0,0.0,0.0,0.0,0.0,345
2018-02-01,775,0,0,0.0,0.0,0.0,0.0,0.0,346
2018-03-01,775,1,0,0.0,0.0,0.0,0.0,0.0,0
2018-04-01,775,1,0,0.0,0.0,1.0,0.0,0.0,0
2018-05-01,775,1,0,0.0,0.0,1.0,0.0,0.0,0
2018-06-01,775,1,0,0.0,0.0,1.0,0.0,0.0,0
2018-07-01,775,1,0,0.0,0.0,1.0,0.0,0.0,0
2018-08-01,775,1,0,0.0,0.0,1.0,0.0,0.0,0
2018-09-01,775,1,0,0.0,0.0,1.0,0.0,0.0,0
2018-10-01,775,1,0,0.0,0.0,1.0,0.0,0.0,0
2018-11-01,775,1,0,0.0,0.0,1.0,0.0,0.0,0
2018-12-01,775,1,0,0.0,0.0,1.0,0.0,0.0,0
2019-01-01,775,1,0,0.0,0.0,1.0,0.0,0.0,0
2019-02-01,775,1,0,0.0,0.0,1.0,0.0,0.0,0
2019-03-01,775,1,0,0.0,0.0,1.0,0.0,0.0,0
2019-04-01,775,1,1,0.0,0.0,1.0,0.0,0.0,0
2019-05-01,775,0,0,0.0,0.0,1.0,0.0,0.0,1
2019-06-01,775,0,1,0.0,0.0,0.0,0.0,0.0,2
2019-07-01,775,0,0,0.0,0.0,0.0,0.0,0.0,3
2019-08-01,775,0,1,0.0,0.0,0.0,0.0,0.0,4
2019-09-01,775,0,1,0.0,0.0,0.0,0.0,0.0,5
2019-10-01,775,0,0,0.0,0.0,0.0,0.0,0.0,6
2019-11-01,775,0,0,0.0,0.0,0.0,0.0,0.0,7
2019-12-01,775,0,0,0.0,0.0,0.0,0.0,0.0,8
2020-01-01,775,0,1,0.0,0.0,0.0,0.0,0.0,9
2020-02-01,775,0,0,0.0,0.0,0.0,0.0,0.0,10
2020-03-01,775,0,1,0.0,0.0,0.0,0.0,0.0,11
2020-04-01,775,0,1,0.0,0.0,0.0,0.0,0.0,12
2020-05-01,775,0,1,0.0,0.0,0.0,0.0,0.0,13
2020-06-01,775,0,1,0.0,0.0,0.0,0.0,0.0,14
2020-07-01,775,0,0,0.0,0.0,0.0,0.0,0.0,15
2020-08-01,775,0,1,0.0,0.0,0.0,0.0,0.0,16
2020-09-01,775,0,1,0.0,0.0,0.0,0.0,0.0,17
2020-10-01,775,0,0,0.0,0.0,0.0,0.0,0.0,18
2020-11-01,775,0,0,0.0,0.0,0.0,0.0,0.0,19
1989-04-01,780,0,1,0.0,0.0,,,,1
1989-05-01,780,0,1,0.0,0.0,0.0,0.0,0.0,2
1989-06-01,780,0,1,0.0,0.0,0.0,0.0,0.0,3
1989-07-01,780,0,0,0.0,0.0,0.0,0.0,0.0,4
1989-08-01,780,0,0,0.0,0.0,0.0,0.0,0.0,5
1989-09-01,780,0,1,0.0,0.0,0.0,0.0,0.0,6
1989-10-01,780,0,0,0.0,0.0,0.0,0.0,0.0,7
1989-11-01,780,0,0,0.0,0.0,0.0,0.0,0.0,8
1989-12-01,780,0,0,0.0,0.0,0.0,0.0,0.0,9
1990-01-01,780,0,0,0.0,0.0,0.0,0.0,0.0,10
1990-02-01,780,0,0,0.0,0.0,0.0,0.0,0.0,11
1990-03-01,780,0,0,0.0,0.0,0.0,0.0,0.0,12
1990-04-01,780,0,0,0.0,0.0,0.0,0.0,0.0,13
1990-05-01,780,0,0,0.0,0.0,0.0,0.0,0.0,14
1990-06-01,780,0,1,0.0,0.0,0.0,0.0,0.0,15
1990-07-01,780,1,0,0.0,0.0,0.0,0.0,0.0,0
1990-08-01,780,1,0,0.0,0.0,1.0,0.0,0.0,0
1990-09-01,780,1,0,0.0,0.0,1.0,0.0,0.0,0
1990-10-01,780,1,0,0.0,0.0,1.0,0.0,0.0,0
1990-11-01,780,1,0,0.0,0.0,1.0,0.0,0.0,0
1990-12-01,780,1,1,0.0,0.0,1.0,0.0,0.0,0
1991-01-01,780,0,1,0.0,0.0,1.0,0.0,0.0,1
1991-02-01,780,1,0,0.0,0.0,0.0,0.0,0.0,0
1991-03-01,780,1,0,0.0,0.0,1.0,0.0,0.0,0
1991-04-01,780,1,0,0.0,0.0,1.0,0.0,0.0,0
1991-05-01,780,0,1,0.0,0.0,1.0,0.0,0.0,1
1991-06-01,780,1,0,0.0,0.0,0.0,0.0,0.0,0
1991-07-01,780,1,0,0.0,0.0,1.0,0.0,0.0,0
1991-08-01,780,1,0,0.0,0.0,1.0,0.0,0.0,0
1991-09-01,780,1,0,0.0,0.0,1.0,0.0,0.0,0
1991-10-01,780,1,0,0.0,0.0,1.0,0.0,0.0,0
1991-11-01,780,1,0,0.0,0.0,1.0,0.0,0.0,0
1991-12-01,780,1,0,0.0,0.0,1.0,0.0,0.0,0
1992-01-01,780,1,0,0.0,0.0,1.0,0.0,0.0,0
1992-02-01,780,1,0,0.0,0.0,1.0,0.0,0.0,0
1992-03-01,780,1,0,0.0,0.0,1.0,0.0,0.0,0
1992-04-01,780,1,0,0.0,0.0,1.0,0.0,0.0,0
1992-05-01,780,1,0,0.0,0.0,1.0,0.0,0.0,0
1992-06-01,780,1,0,0.0,0.0,1.0,0.0,0.0,0
1992-07-01,780,1,0,0.0,0.0,1.0,0.0,0.0,0
1992-08-01,780,1,0,0.0,0.0,1.0,0.0,0.0,0
1992-09-01,780,1,0,0.0,0.0,1.0,0.0,0.0,0
1992-10-01,780,1,0,0.0,0.0,1.0,0.0,0.0,0
1992-11-01,780,1,0,0.0,0.0,1.0,0.0,0.0,0
1992-12-01,780,1,0,0.0,0.0,1.0,0.0,0.0,0
1993-01-01,780,1,0,0.0,0.0,1.0,0.0,0.0,0
1993-02-01,780,1,0,0.0,0.0,1.0,0.0,0.0,0
1993-03-01,780,1,0,0.0,0.0,1.0,0.0,0.0,0
1993-04-01,780,1,0,0.0,0.0,1.0,0.0,0.0,0
1993-05-01,780,1,0,0.0,0.0,1.0,0.0,0.0,0
1993-06-01,780,1,0,0.0,0.0,1.0,0.0,0.0,0
1993-07-01,780,1,0,0.0,0.0,1.0,0.0,0.0,0
1993-08-01,780,1,0,0.0,0.0,1.0,0.0,0.0,0
1993-09-01,780,1,0,0.0,0.0,1.0,0.0,0.0,0
1993-10-01,780,1,0,0.0,0.0,1.0,0.0,0.0,0
1993-11-01,780,1,0,0.0,0.0,1.0,0.0,0.0,0
1993-12-01,780,1,0,0.0,0.0,1.0,0.0,0.0,0
1994-01-01,780,1,0,0.0,0.0,1.0,0.0,0.0,0
1994-02-01,780,1,0,0.0,0.0,1.0,0.0,0.0,0
1994-03-01,780,1,0,0.0,0.0,1.0,0.0,0.0,0
1994-04-01,780,1,0,0.0,0.0,1.0,0.0,0.0,0
1994-05-01,780,1,0,0.0,0.0,1.0,0.0,0.0,0
1994-06-01,780,1,0,0.0,0.0,1.0,0.0,0.0,0
1994-07-01,780,1,0,0.0,0.0,1.0,0.0,0.0,0
1994-08-01,780,1,0,0.0,0.0,1.0,0.0,0.0,0
1994-09-01,780,1,0,0.0,0.0,1.0,0.0,0.0,0
1994-10-01,780,1,0,0.0,0.0,1.0,0.0,0.0,0
1994-11-01,780,0,1,0.0,0.0,1.0,0.0,0.0,1
1994-12-01,780,1,0,0.0,0.0,0.0,0.0,0.0,0
1995-01-01,780,0,1,0.0,0.0,1.0,0.0,0.0,1
1995-02-01,780,0,0,0.0,0.0,0.0,0.0,0.0,2
1995-03-01,780,0,0,0.0,0.0,0.0,0.0,0.0,3
1995-04-01,780,0,0,0.0,0.0,0.0,0.0,0.0,4
1995-05-01,780,0,0,0.0,0.0,0.0,0.0,0.0,5
1995-06-01,780,1,0,0.0,0.0,0.0,0.0,0.0,0
1995-07-01,780,1,0,0.0,0.0,1.0,0.0,0.0,0
1995-08-01,780,1,0,0.0,0.0,1.0,0.0,0.0,0
1995-09-01,780,1,0,0.0,0.0,1.0,0.0,0.0,0
1995-10-01,780,1,0,0.0,0.0,1.0,0.0,0.0,0
1995-11-01,780,1,0,0.0,0.0,1.0,0.0,0.0,0
1995-12-01,780,1,0,0.0,0.0,1.0,0.0,0.0,0
1996-01-01,780,1,0,0.0,0.0,1.0,0.0,0.0,0
1996-02-01,780,1,0,0.0,0.0,1.0,0.0,0.0,0
1996-03-01,780,1,0,0.0,0.0,1.0,0.0,0.0,0
1996-04-01,780,1,0,0.0,0.0,1.0,0.0,0.0,0
1996-05-01,780,1,0,0.0,0.0,1.0,0.0,0.0,0
1996-06-01,780,1,0,0.0,0.0,1.0,0.0,0.0,0
1996-07-01,780,1,0,0.0,0.0,1.0,0.0,0.0,0
1996-08-01,780,1,0,0.0,0.0,1.0,0.0,0.0,0
1996-09-01,780,0,1,0.0,0.0,1.0,0.0,0.0,1
1996-10-01,780,0,0,0.0,0.0,0.0,0.0,0.0,2
1996-11-01,780,1,0,0.0,0.0,0.0,0.0,0.0,0
1996-12-01,780,1,0,0.0,0.0,1.0,0.0,0.0,0
1997-01-01,780,1,0,0.0,0.0,1.0,0.0,0.0,0
1997-02-01,780,1,0,0.0,0.0,1.0,0.0,0.0,0
1997-03-01,780,1,0,0.0,0.0,1.0,0.0,0.0,0
1997-04-01,780,1,0,0.0,0.0,1.0,0.0,0.0,0
1997-05-01,780,1,0,0.0,0.0,1.0,0.0,0.0,0
1997-06-01,780,1,0,0.0,0.0,1.0,0.0,0.0,0
1997-07-01,780,1,0,0.0,0.0,1.0,0.0,0.0,0
1997-08-01,780,1,0,0.0,0.0,1.0,0.0,0.0,0
1997-09-01,780,0,1,0.0,0.0,1.0,0.0,0.0,1
1997-10-01,780,1,0,0.0,0.0,0.0,0.0,0.0,0
1997-11-01,780,1,0,0.0,0.0,1.0,0.0,0.0,0
1997-12-01,780,1,0,0.0,0.0,1.0,0.0,0.0,0
1998-01-01,780,1,0,0.0,0.0,1.0,0.0,0.0,0
1998-02-01,780,1,0,0.0,0.0,1.0,0.0,0.0,0
1998-03-01,780,1,0,0.0,0.0,1.0,0.0,0.0,0
1998-04-01,780,1,0,0.0,0.0,1.0,0.0,0.0,0
1998-05-01,780,0,1,0.0,0.0,1.0,0.0,0.0,1
1998-06-01,780,1,0,0.0,0.0,0.0,0.0,0.0,0
1998-07-01,780,1,0,0.0,0.0,1.0,0.0,0.0,0
1998-08-01,780,1,0,0.0,0.0,1.0,0.0,0.0,0
1998-09-01,780,1,0,0.0,0.0,1.0,0.0,0.0,0
1998-10-01,780,1,0,0.0,0.0,1.0,0.0,0.0,0
1998-11-01,780,1,0,0.0,0.0,1.0,0.0,0.0,0
1998-12-01,780,1,0,0.0,0.0,1.0,0.0,0.0,0
1999-01-01,780,1,0,0.0,0.0,1.0,0.0,0.0,0
1999-02-01,780,1,0,0.0,0.0,1.0,0.0,0.0,0
1999-03-01,780,1,0,0.0,0.0,1.0,0.0,0.0,0
1999-04-01,780,1,0,0.0,0.0,1.0,0.0,0.0,0
1999-05-01,780,1,0,0.0,0.0,1.0,0.0,0.0,0
1999-06-01,780,1,0,0.0,0.0,1.0,0.0,0.0,0
1999-07-01,780,1,0,0.0,0.0,1.0,0.0,0.0,0
1999-08-01,780,1,0,0.0,0.0,1.0,0.0,0.0,0
1999-09-01,780,1,0,0.0,0.0,1.0,0.0,0.0,0
1999-10-01,780,1,0,0.0,0.0,1.0,0.0,0.0,0
1999-11-01,780,1,0,0.0,0.0,1.0,0.0,0.0,0
1999-12-01,780,1,0,0.0,0.0,1.0,0.0,0.0,0
2000-01-01,780,1,0,0.0,0.0,1.0,0.0,0.0,0
2000-02-01,780,1,0,0.0,0.0,1.0,0.0,0.0,0
2000-03-01,780,1,0,0.0,0.0,1.0,0.0,0.0,0
2000-04-01,780,1,0,0.0,0.0,1.0,0.0,0.0,0
2000-05-01,780,0,1,0.0,0.0,1.0,0.0,0.0,1
2000-06-01,780,1,0,0.0,0.0,0.0,0.0,0.0,0
2000-07-01,780,1,0,0.0,0.0,1.0,0.0,0.0,0
2000-08-01,780,1,0,0.0,0.0,1.0,0.0,0.0,0
2000-09-01,780,1,0,0.0,0.0,1.0,0.0,0.0,0
2000-10-01,780,1,0,0.0,0.0,1.0,0.0,0.0,0
2000-11-01,780,1,1,0.0,0.0,1.0,0.0,0.0,0
2000-12-01,780,0,1,0.0,0.0,1.0,0.0,0.0,1
2001-01-01,780,0,1,-1.0,0.0,0.0,0.0,0.0,2
2001-02-01,780,0,1,-1.0,0.0,0.0,-1.0,0.0,3
2001-03-01,780,0,1,-1.0,0.0,0.0,-1.0,0.0,4
2001-04-01,780,0,1,-1.0,0.0,0.0,-1.0,0.0,5
2001-05-01,780,1,0,0.0,0.0,0.0,-1.0,0.0,0
2001-06-01,780,1,0,0.0,0.0,1.0,0.0,0.0,0
2001-07-01,780,1,0,0.0,0.0,1.0,0.0,0.0,0
2001-08-01,780,1,0,0.0,0.0,1.0,0.0,0.0,0
2001-09-01,780,1,0,0.0,0.0,1.0,0.0,0.0,0
2001-10-01,780,1,0,0.0,0.0,1.0,0.0,0.0,0
2001-11-01,780,1,0,0.0,0.0,1.0,0.0,0.0,0
2001-12-01,780,0,1,-1.0,0.0,1.0,0.0,0.0,1
2002-01-01,780,0,1,1.0,0.0,0.0,-1.0,0.0,2
2002-02-01,780,0,1,1.0,0.0,0.0,1.0,0.0,3
2002-03-01,780,0,0,1.0,0.0,0.0,1.0,0.0,4
2002-04-01,780,0,0,1.0,0.0,0.0,1.0,0.0,5
2002-05-01,780,0,0,1.0,0.0,0.0,1.0,0.0,6
2002-06-01,780,0,0,1.0,0.0,0.0,1.0,0.0,7
2002-07-01,780,0,0,1.0,0.0,0.0,1.0,0.0,8
2002-08-01,780,0,0,1.0,0.0,0.0,1.0,0.0,9
2002-09-01,780,0,0,1.0,0.0,0.0,1.0,0.0,10
2002-10-01,780,0,0,1.0,0.0,0.0,1.0,0.0,11
2002-11-01,780,0,0,1.0,0.0,0.0,1.0,0.0,12
2002-12-01,780,0,0,1.0,0.0,0.0,1.0,0.0,13
2003-01-01,780,0,0,1.0,0.0,0.0,1.0,0.0,14
2003-02-01,780,0,0,1.0,0.0,0.0,1.0,0.0,15
2003-03-01,780,0,0,1.0,0.0,0.0,1.0,0.0,16
2003-04-01,780,0,0,1.0,0.0,0.0,1.0,0.0,17
2003-05-01,780,0,0,1.0,0.0,0.0,1.0,0.0,18
2003-06-01,780,0,0,1.0,0.0,0.0,1.0,0.0,19
2003-07-01,780,0,0,1.0,0.0,0.0,1.0,0.0,20
2003-08-01,780,0,0,1.0,0.0,0.0,1.0,0.0,21
2003-09-01,780,0,0,1.0,0.0,0.0,1.0,0.0,22
2003-10-01,780,0,0,1.0,0.0,0.0,1.0,0.0,23
2003-11-01,780,0,0,1.0,0.0,0.0,1.0,0.0,24
2003-12-01,780,0,0,1.0,0.0,0.0,1.0,0.0,25
2004-01-01,780,0,0,1.0,0.0,0.0,1.0,0.0,26
2004-02-01,780,0,0,1.0,0.0,0.0,1.0,0.0,27
2004-03-01,780,0,0,1.0,0.0,0.0,1.0,0.0,28
2004-04-01,780,0,0,1.0,0.0,0.0,1.0,0.0,29
2004-05-01,780,0,0,1.0,0.0,0.0,1.0,0.0,30
2004-06-01,780,0,0,1.0,0.0,0.0,1.0,0.0,31
2004-07-01,780,0,0,1.0,0.0,0.0,1.0,0.0,32
2004-08-01,780,0,0,1.0,0.0,0.0,1.0,0.0,33
2004-09-01,780,0,0,1.0,0.0,0.0,1.0,0.0,34
2004-10-01,780,0,0,1.0,0.0,0.0,1.0,0.0,35
2004-11-01,780,0,0,1.0,0.0,0.0,1.0,0.0,36
2004-12-01,780,0,0,1.0,0.0,0.0,1.0,0.0,37
2005-01-01,780,0,0,1.0,0.0,0.0,1.0,0.0,38
2005-02-01,780,0,0,1.0,0.0,0.0,1.0,0.0,39
2005-03-01,780,0,0,1.0,0.0,0.0,1.0,0.0,40
2005-04-01,780,0,0,1.0,0.0,0.0,1.0,0.0,41
2005-05-01,780,0,0,1.0,0.0,0.0,1.0,0.0,42
2005-06-01,780,0,0,1.0,0.0,0.0,1.0,0.0,43
2005-07-01,780,0,0,1.0,0.0,0.0,1.0,0.0,44
2005-08-01,780,0,0,1.0,0.0,0.0,1.0,0.0,45
2005-09-01,780,0,0,1.0,0.0,0.0,1.0,0.0,46
2005-10-01,780,0,0,1.0,0.0,0.0,1.0,0.0,47
2005-11-01,780,0,0,1.0,0.0,0.0,1.0,0.0,48
2005-12-01,780,0,0,1.0,0.0,0.0,1.0,0.0,49
2006-01-01,780,0,0,1.0,0.0,0.0,1.0,0.0,50
2006-02-01,780,0,1,1.0,0.0,0.0,1.0,0.0,51
2006-03-01,780,0,0,1.0,0.0,0.0,1.0,0.0,52
2006-04-01,780,0,0,1.0,0.0,0.0,1.0,0.0,53
2006-05-01,780,0,0,1.0,0.0,0.0,1.0,0.0,54
2006-06-01,780,0,0,1.0,0.0,0.0,1.0,0.0,55
2006-07-01,780,0,0,1.0,0.0,0.0,1.0,0.0,56
2006-08-01,780,0,0,1.0,0.0,0.0,1.0,0.0,57
2006-09-01,780,0,0,1.0,0.0,0.0,1.0,0.0,58
2006-10-01,780,0,0,1.0,0.0,0.0,1.0,0.0,59
2006-11-01,780,0,0,1.0,0.0,0.0,1.0,0.0,60
2006-12-01,780,0,0,1.0,0.0,0.0,1.0,0.0,61
2007-01-01,780,0,0,1.0,0.0,0.0,1.0,0.0,62
2007-02-01,780,0,0,1.0,0.0,0.0,1.0,0.0,63
2007-03-01,780,0,0,1.0,0.0,0.0,1.0,0.0,64
2007-04-01,780,0,0,1.0,0.0,0.0,1.0,0.0,65
2007-05-01,780,0,0,1.0,0.0,0.0,1.0,0.0,66
2007-06-01,780,0,0,1.0,0.0,0.0,1.0,0.0,67
2007-07-01,780,0,0,1.0,0.0,0.0,1.0,0.0,68
2007-08-01,780,0,0,1.0,0.0,0.0,1.0,0.0,69
2007-09-01,780,0,0,1.0,0.0,0.0,1.0,0.0,70
2007-10-01,780,0,0,1.0,0.0,0.0,1.0,0.0,71
2007-11-01,780,0,0,1.0,0.0,0.0,1.0,0.0,72
2007-12-01,780,0,0,1.0,0.0,0.0,1.0,0.0,73
2008-01-01,780,0,0,1.0,0.0,0.0,1.0,0.0,74
2008-02-01,780,1,0,0.0,0.0,0.0,1.0,0.0,0
2008-03-01,780,1,0,0.0,0.0,1.0,0.0,0.0,0
2008-04-01,780,1,0,0.0,0.0,1.0,0.0,0.0,0
2008-05-01,780,1,0,0.0,0.0,1.0,0.0,0.0,0
2008-06-01,780,1,0,0.0,0.0,1.0,0.0,0.0,0
2008-07-01,780,0,1,0.0,0.0,1.0,0.0,0.0,1
2008-08-01,780,0,0,0.0,0.0,0.0,0.0,0.0,2
2008-09-01,780,1,0,0.0,0.0,0.0,0.0,0.0,0
2008-10-01,780,1,0,0.0,0.0,1.0,0.0,0.0,0
2008-11-01,780,1,0,0.0,0.0,1.0,0.0,0.0,0
2008-12-01,780,1,0,0.0,0.0,1.0,0.0,0.0,0
2009-01-01,780,1,0,0.0,0.0,1.0,0.0,0.0,0
2009-02-01,780,1,0,0.0,0.0,1.0,0.0,0.0,0
2009-03-01,780,1,0,0.0,0.0,1.0,0.0,0.0,0
2009-04-01,780,0,1,0.0,0.0,1.0,0.0,0.0,1
2000-10-01,790,0,1,0.0,0.0,,,,1
2000-11-01,790,1,0,0.0,0.0,0.0,0.0,0.0,0
2000-12-01,790,1,0,0.0,0.0,1.0,0.0,0.0,0
2001-01-01,790,1,0,0.0,0.0,1.0,0.0,0.0,0
2001-02-01,790,1,0,0.0,0.0,1.0,0.0,0.0,0
2001-03-01,790,1,0,0.0,0.0,1.0,0.0,0.0,0
2001-04-01,790,1,0,0.0,0.0,1.0,0.0,0.0,0
2001-05-01,790,1,0,0.0,0.0,1.0,0.0,0.0,0
2001-06-01,790,1,0,0.0,0.0,1.0,0.0,0.0,0
2001-07-01,790,0,1,0.0,0.0,1.0,0.0,0.0,1
2001-08-01,790,0,0,0.0,0.0,0.0,0.0,0.0,2
2001-09-01,790,0,0,0.0,0.0,0.0,0.0,0.0,3
2001-10-01,790,0,0,0.0,0.0,0.0,0.0,0.0,4
2001-11-01,790,0,0,0.0,0.0,0.0,0.0,0.0,5
2001-12-01,790,1,0,0.0,0.0,0.0,0.0,0.0,0
2002-01-01,790,1,0,0.0,0.0,1.0,0.0,0.0,0
2002-02-01,790,1,0,0.0,0.0,1.0,0.0,0.0,0
2002-03-01,790,1,0,0.0,0.0,1.0,0.0,0.0,0
2002-04-01,790,1,0,0.0,0.0,1.0,0.0,0.0,0
2002-05-01,790,1,0,0.0,0.0,1.0,0.0,0.0,0
2002-06-01,790,1,0,0.0,0.0,1.0,0.0,0.0,0
2002-07-01,790,1,0,0.0,0.0,1.0,0.0,0.0,0
2002-08-01,790,1,0,0.0,0.0,1.0,0.0,0.0,0
2002-09-01,790,1,0,0.0,0.0,1.0,0.0,0.0,0
2002-10-01,790,1,0,0.0,0.0,1.0,0.0,0.0,0
2002-11-01,790,1,0,0.0,0.0,1.0,0.0,0.0,0
2002-12-01,790,1,0,0.0,0.0,1.0,0.0,0.0,0
2003-01-01,790,0,1,1.0,0.0,1.0,0.0,0.0,1
2003-02-01,790,0,0,1.0,0.0,0.0,1.0,0.0,2
2003-03-01,790,0,1,-1.0,0.0,0.0,1.0,0.0,3
2003-04-01,790,0,0,-1.0,0.0,0.0,-1.0,0.0,4
2003-05-01,790,0,0,-1.0,0.0,0.0,-1.0,0.0,5
2003-06-01,790,0,0,-1.0,0.0,0.0,-1.0,0.0,6
2003-07-01,790,0,0,-1.0,0.0,0.0,-1.0,0.0,7
2003-08-01,790,0,0,-1.0,0.0,0.0,-1.0,0.0,8
2003-09-01,790,1,1,0.0,0.0,0.0,-1.0,0.0,0
2003-10-01,790,0,0,0.0,0.0,1.0,0.0,0.0,1
2003-11-01,790,1,0,0.0,0.0,0.0,0.0,0.0,0
2003-12-01,790,1,0,0.0,0.0,1.0,0.0,0.0,0
2004-01-01,790,1,0,0.0,0.0,1.0,0.0,0.0,0
2004-02-01,790,1,0,0.0,0.0,1.0,0.0,0.0,0
2004-03-01,790,1,0,0.0,0.0,1.0,0.0,0.0,0
2004-04-01,790,1,0,0.0,0.0,1.0,0.0,0.0,0
2004-05-01,790,1,0,0.0,0.0,1.0,0.0,0.0,0
2004-06-01,790,1,0,0.0,0.0,1.0,0.0,0.0,0
2004-07-01,790,1,0,0.0,0.0,1.0,0.0,0.0,0
2004-08-01,790,1,0,0.0,0.0,1.0,0.0,0.0,0
2004-09-01,790,1,0,0.0,0.0,1.0,0.0,0.0,0
2004-10-01,790,0,1,0.0,0.0,1.0,0.0,0.0,1
2004-11-01,790,0,1,0.0,0.0,0.0,0.0,0.0,2
2004-12-01,790,0,0,0.0,0.0,0.0,0.0,0.0,3
2005-01-01,790,1,0,0.0,0.0,0.0,0.0,0.0,0
2005-02-01,790,1,0,0.0,0.0,1.0,0.0,0.0,0
2005-03-01,790,1,0,0.0,0.0,1.0,0.0,0.0,0
2005-04-01,790,1,0,0.0,0.0,1.0,0.0,0.0,0
2005-05-01,790,1,0,0.0,0.0,1.0,0.0,0.0,0
2005-06-01,790,1,0,0.0,0.0,1.0,0.0,0.0,0
2005-07-01,790,1,0,0.0,0.0,1.0,0.0,0.0,0
2005-08-01,790,1,0,0.0,0.0,1.0,0.0,0.0,0
2005-09-01,790,0,1,0.0,0.0,1.0,0.0,0.0,1
2005-10-01,790,0,0,0.0,0.0,0.0,0.0,0.0,2
2005-11-01,790,0,0,0.0,0.0,0.0,0.0,0.0,3
2005-12-01,790,0,1,0.0,0.0,0.0,0.0,0.0,4
2006-01-01,790,0,0,0.0,0.0,0.0,0.0,0.0,5
2006-02-01,790,1,0,0.0,0.0,0.0,0.0,0.0,0
2006-03-01,790,1,0,0.0,0.0,1.0,0.0,0.0,0
2006-04-01,790,0,1,0.0,0.0,1.0,0.0,0.0,1
2006-05-01,790,0,1,0.0,0.0,0.0,0.0,0.0,2
2006-06-01,790,0,0,0.0,0.0,0.0,0.0,0.0,3
2006-07-01,790,0,1,0.0,0.0,0.0,0.0,0.0,4
2006-08-01,790,0,0,0.0,0.0,0.0,0.0,0.0,5
2006-09-01,790,0,0,0.0,0.0,0.0,0.0,0.0,6
2006-10-01,790,0,1,0.0,0.0,0.0,0.0,0.0,7
2006-11-01,790,0,0,0.0,0.0,0.0,0.0,0.0,8
2006-12-01,790,1,0,0.0,0.0,0.0,0.0,0.0,0
2007-01-01,790,1,0,0.0,0.0,1.0,0.0,0.0,0
2007-02-01,790,1,0,0.0,0.0,1.0,0.0,0.0,0
2007-03-01,790,1,0,0.0,0.0,1.0,0.0,0.0,0
2007-04-01,790,1,0,0.0,0.0,1.0,0.0,0.0,0
2007-05-01,790,1,0,0.0,0.0,1.0,0.0,0.0,0
2007-06-01,790,1,0,0.0,0.0,1.0,0.0,0.0,0
2007-07-01,790,1,0,0.0,0.0,1.0,0.0,0.0,0
2007-08-01,790,1,0,0.0,0.0,1.0,0.0,0.0,0
2007-09-01,790,1,0,0.0,0.0,1.0,0.0,0.0,0
2007-10-01,790,0,1,0.0,0.0,1.0,0.0,0.0,1
2007-11-01,790,1,0,0.0,0.0,0.0,0.0,0.0,0
2007-12-01,790,1,0,0.0,0.0,1.0,0.0,0.0,0
2008-01-01,790,1,0,0.0,0.0,1.0,0.0,0.0,0
2008-02-01,790,1,0,0.0,0.0,1.0,0.0,0.0,0
2008-03-01,790,1,0,0.0,0.0,1.0,0.0,0.0,0
2008-04-01,790,1,0,0.0,0.0,1.0,0.0,0.0,0
2008-05-01,790,1,0,0.0,0.0,1.0,0.0,0.0,0
2008-06-01,790,1,0,0.0,0.0,1.0,0.0,0.0,0
2008-07-01,790,1,0,0.0,0.0,1.0,0.0,0.0,0
2008-08-01,790,1,0,0.0,0.0,1.0,0.0,0.0,0
2008-09-01,790,0,1,0.0,0.0,1.0,0.0,0.0,1
2008-10-01,790,0,1,0.0,0.0,0.0,0.0,0.0,2
2010-06-01,800,0,1,0.0,0.0,,,,1
2010-07-01,800,0,0,0.0,0.0,0.0,0.0,0.0,2
2010-08-01,800,1,0,0.0,0.0,0.0,0.0,0.0,0
2010-09-01,800,1,0,0.0,0.0,1.0,0.0,0.0,0
2010-10-01,800,1,0,0.0,0.0,1.0,0.0,0.0,0
2010-11-01,800,1,0,0.0,0.0,1.0,0.0,0.0,0
2010-12-01,800,1,0,0.0,0.0,1.0,0.0,0.0,0
2011-01-01,800,1,0,0.0,0.0,1.0,0.0,0.0,0
2011-02-01,800,1,0,0.0,0.0,1.0,0.0,0.0,0
2011-03-01,800,1,0,0.0,0.0,1.0,0.0,0.0,0
2011-04-01,800,1,0,0.0,0.0,1.0,0.0,0.0,0
2011-05-01,800,1,0,0.0,0.0,1.0,0.0,0.0,0
2011-06-01,800,1,0,0.0,0.0,1.0,0.0,0.0,0
2011-07-01,800,1,0,0.0,0.0,1.0,0.0,0.0,0
2011-08-01,800,1,0,0.0,0.0,1.0,0.0,0.0,0
2011-09-01,800,1,0,0.0,0.0,1.0,0.0,0.0,0
2011-10-01,800,1,0,0.0,0.0,1.0,0.0,0.0,0
2011-11-01,800,1,0,0.0,0.0,1.0,0.0,0.0,0
2011-12-01,800,1,0,0.0,0.0,1.0,0.0,0.0,0
2012-01-01,800,1,0,0.0,0.0,1.0,0.0,0.0,0
2012-02-01,800,1,0,0.0,0.0,1.0,0.0,0.0,0
2012-03-01,800,1,0,0.0,0.0,1.0,0.0,0.0,0
2012-04-01,800,1,0,0.0,0.0,1.0,0.0,0.0,0
2012-05-01,800,1,0,0.0,0.0,1.0,0.0,0.0,0
2012-06-01,800,1,0,0.0,0.0,1.0,0.0,0.0,0
2012-07-01,800,1,0,0.0,0.0,1.0,0.0,0.0,0
2012-08-01,800,1,0,0.0,0.0,1.0,0.0,0.0,0
2012-09-01,800,1,0,0.0,0.0,1.0,0.0,0.0,0
2012-10-01,800,1,0,0.0,0.0,1.0,0.0,0.0,0
2012-11-01,800,1,0,0.0,0.0,1.0,0.0,0.0,0
2012-12-01,800,1,0,0.0,0.0,1.0,0.0,0.0,0
2013-01-01,800,1,0,0.0,0.0,1.0,0.0,0.0,0
2013-02-01,800,1,0,0.0,0.0,1.0,0.0,0.0,0
2013-03-01,800,1,0,0.0,0.0,1.0,0.0,0.0,0
2013-04-01,800,1,0,0.0,0.0,1.0,0.0,0.0,0
2013-05-01,800,1,0,0.0,0.0,1.0,0.0,0.0,0
2013-06-01,800,1,1,0.0,0.0,1.0,0.0,0.0,0
2013-07-01,800,0,0,0.0,0.0,1.0,0.0,0.0,1
2013-08-01,800,0,0,0.0,0.0,0.0,0.0,0.0,2
1991-05-01,811,0,0,1.0,2.0,,,,1
1991-06-01,811,0,1,1.0,2.0,0.0,1.0,2.0,2
1991-07-01,811,0,0,1.0,2.0,0.0,1.0,2.0,3
1991-08-01,811,0,0,1.0,2.0,0.0,1.0,2.0,4
1991-09-01,811,0,0,1.0,2.0,0.0,1.0,2.0,5
1991-10-01,811,0,0,1.0,2.0,0.0,1.0,2.0,6
1991-11-01,811,1,0,0.0,0.0,0.0,1.0,2.0,0
1991-12-01,811,1,0,0.0,0.0,1.0,0.0,0.0,0
1992-01-01,811,1,0,0.0,0.0,1.0,0.0,0.0,0
1992-02-01,811,1,0,0.0,0.0,1.0,0.0,0.0,0
1992-03-01,811,1,0,0.0,0.0,1.0,0.0,0.0,0
1992-04-01,811,1,0,0.0,0.0,1.0,0.0,0.0,0
1992-05-01,811,1,0,0.0,0.0,1.0,0.0,0.0,0
1992-06-01,811,1,0,0.0,0.0,1.0,0.0,0.0,0
1992-07-01,811,1,0,0.0,0.0,1.0,0.0,0.0,0
1992-08-01,811,1,0,0.0,0.0,1.0,0.0,0.0,0
1992-09-01,811,1,0,0.0,0.0,1.0,0.0,0.0,0
1992-10-01,811,1,0,0.0,0.0,1.0,0.0,0.0,0
1992-11-01,811,1,0,0.0,0.0,1.0,0.0,0.0,0
1992-12-01,811,1,0,0.0,0.0,1.0,0.0,0.0,0
1993-01-01,811,1,0,0.0,0.0,1.0,0.0,0.0,0
1993-02-01,811,1,0,0.0,0.0,1.0,0.0,0.0,0
1993-03-01,811,1,0,0.0,0.0,1.0,0.0,0.0,0
1993-04-01,811,1,0,0.0,0.0,1.0,0.0,0.0,0
1993-05-01,811,1,0,0.0,0.0,1.0,0.0,0.0,0
1993-06-01,811,1,0,0.0,0.0,1.0,0.0,0.0,0
1993-07-01,811,1,0,0.0,0.0,1.0,0.0,0.0,0
1993-08-01,811,1,0,0.0,0.0,1.0,0.0,0.0,0
1993-09-01,811,1,0,0.0,0.0,1.0,0.0,0.0,0
1993-10-01,811,1,0,0.0,0.0,1.0,0.0,0.0,0
1993-11-01,811,1,0,0.0,0.0,1.0,0.0,0.0,0
1993-12-01,811,1,0,0.0,0.0,1.0,0.0,0.0,0
1994-01-01,811,0,1,0.0,0.0,1.0,0.0,0.0,1
1989-12-01,840,0,1,0.0,0.0,,,,1
1990-01-01,840,0,0,0.0,0.0,0.0,0.0,0.0,2
1990-02-01,840,1,0,0.0,0.0,0.0,0.0,0.0,0
1990-03-01,840,1,0,0.0,0.0,1.0,0.0,0.0,0
1990-04-01,840,1,0,0.0,0.0,1.0,0.0,0.0,0
1990-05-01,840,1,0,0.0,0.0,1.0,0.0,0.0,0
1990-06-01,840,1,0,0.0,0.0,1.0,0.0,0.0,0
1990-07-01,840,0,1,0.0,0.0,1.0,0.0,0.0,1
1990-08-01,840,0,1,0.0,0.0,0.0,0.0,0.0,2
1990-09-01,840,0,0,0.0,0.0,0.0,0.0,0.0,3
1990-10-01,840,1,0,0.0,0.0,0.0,0.0,0.0,0
1990-11-01,840,1,0,0.0,0.0,1.0,0.0,0.0,0
1990-12-01,840,0,1,0.0,0.0,1.0,0.0,0.0,1
1991-01-01,840,0,0,0.0,0.0,0.0,0.0,0.0,2
1991-02-01,840,1,0,0.0,0.0,0.0,0.0,0.0,0
1991-03-01,840,1,0,0.0,0.0,1.0,0.0,0.0,0
1991-04-01,840,1,0,0.0,0.0,1.0,0.0,0.0,0
1991-05-01,840,1,0,0.0,0.0,1.0,0.0,0.0,0
1991-06-01,840,1,0,0.0,0.0,1.0,0.0,0.0,0
1991-07-01,840,1,0,0.0,0.0,1.0,0.0,0.0,0
1991-08-01,840,1,0,0.0,0.0,1.0,0.0,0.0,0
1991-09-01,840,0,1,0.0,0.0,1.0,0.0,0.0,1
1991-10-01,840,1,0,0.0,0.0,0.0,0.0,0.0,0
1991-11-01,840,1,0,0.0,0.0,1.0,0.0,0.0,0
1991-12-01,840,0,1,0.0,0.0,1.0,0.0,0.0,1
1992-01-01,840,0,0,0.0,0.0,0.0,0.0,0.0,2
1992-02-01,840,1,0,0.0,0.0,0.0,0.0,0.0,0
1992-03-01,840,1,0,0.0,0.0,1.0,0.0,0.0,0
1992-04-01,840,1,0,0.0,0.0,1.0,0.0,0.0,0
1992-05-01,840,1,0,0.0,0.0,1.0,0.0,0.0,0
1992-06-01,840,1,0,0.0,0.0,1.0,0.0,0.0,0
1992-07-01,840,1,0,0.0,0.0,1.0,0.0,0.0,0
1992-08-01,840,1,0,0.0,0.0,1.0,0.0,0.0,0
1992-09-01,840,1,0,0.0,0.0,1.0,0.0,0.0,0
1992-10-01,840,1,0,0.0,0.0,1.0,0.0,0.0,0
1992-11-01,840,1,1,0.0,0.0,1.0,0.0,0.0,0
1992-12-01,840,0,1,0.0,0.0,1.0,0.0,0.0,1
1993-01-01,840,0,0,0.0,0.0,0.0,0.0,0.0,2
1993-02-01,840,1,0,0.0,0.0,0.0,0.0,0.0,0
1993-03-01,840,1,0,0.0,0.0,1.0,0.0,0.0,0
1993-04-01,840,1,0,0.0,0.0,1.0,0.0,0.0,0
1993-05-01,840,0,1,0.0,0.0,1.0,0.0,0.0,1
1993-06-01,840,1,0,0.0,0.0,0.0,0.0,0.0,0
1993-07-01,840,1,0,0.0,0.0,1.0,0.0,0.0,0
1993-08-01,840,1,0,0.0,0.0,1.0,0.0,0.0,0
1993-09-01,840,1,0,0.0,0.0,1.0,0.0,0.0,0
1993-10-01,840,1,0,0.0,0.0,1.0,0.0,0.0,0
1993-11-01,840,0,1,1.0,0.0,1.0,0.0,0.0,1
1993-12-01,840,0,1,0.0,0.0,0.0,1.0,0.0,2
1994-01-01,840,0,0,0.0,0.0,0.0,0.0,0.0,3
1994-02-01,840,1,0,0.0,0.0,0.0,0.0,0.0,0
1994-03-01,840,1,0,0.0,0.0,1.0,0.0,0.0,0
1994-04-01,840,1,0,0.0,0.0,1.0,0.0,0.0,0
1994-05-01,840,1,0,0.0,0.0,1.0,0.0,0.0,0
1994-06-01,840,1,0,0.0,0.0,1.0,0.0,0.0,0
1994-07-01,840,1,0,0.0,0.0,1.0,0.0,0.0,0
1994-08-01,840,1,0,0.0,0.0,1.0,0.0,0.0,0
1994-09-01,840,1,0,0.0,0.0,1.0,0.0,0.0,0
1994-10-01,840,1,0,0.0,0.0,1.0,0.0,0.0,0
1994-11-01,840,1,0,0.0,0.0,1.0,0.0,0.0,0
1994-12-01,840,0,1,0.0,0.0,1.0,0.0,0.0,1
1995-01-01,840,0,0,0.0,0.0,0.0,0.0,0.0,2
1995-02-01,840,1,0,0.0,0.0,0.0,0.0,0.0,0
1995-03-01,840,1,0,0.0,0.0,1.0,0.0,0.0,0
1995-04-01,840,1,0,0.0,0.0,1.0,0.0,0.0,0
1995-05-01,840,1,0,0.0,0.0,1.0,0.0,0.0,0
1995-06-01,840,1,0,0.0,0.0,1.0,0.0,0.0,0
1995-07-01,840,1,0,0.0,0.0,1.0,0.0,0.0,0
1995-08-01,840,1,0,0.0,0.0,1.0,0.0,0.0,0
1995-09-01,840,1,0,0.0,0.0,1.0,0.0,0.0,0
1995-10-01,840,1,0,0.0,0.0,1.0,0.0,0.0,0
1995-11-01,840,1,0,0.0,0.0,1.0,0.0,0.0,0
1995-12-01,840,0,1,0.0,0.0,1.0,0.0,0.0,1
1996-01-01,840,0,0,0.0,0.0,0.0,0.0,0.0,2
1996-02-01,840,1,0,0.0,0.0,0.0,0.0,0.0,0
1996-03-01,840,1,0,0.0,0.0,1.0,0.0,0.0,0
1996-04-01,840,1,0,0.0,0.0,1.0,0.0,0.0,0
1996-05-01,840,1,0,0.0,0.0,1.0,0.0,0.0,0
1996-06-01,840,1,0,0.0,0.0,1.0,0.0,0.0,0
1996-07-01,840,1,0,0.0,0.0,1.0,0.0,0.0,0
1996-08-01,840,1,0,0.0,0.0,1.0,0.0,0.0,0
1996-09-01,840,1,0,0.0,0.0,1.0,0.0,0.0,0
1996-10-01,840,1,0,0.0,0.0,1.0,0.0,0.0,0
1996-11-01,840,1,1,0.0,0.0,1.0,0.0,0.0,0
1996-12-01,840,0,1,0.0,0.0,1.0,0.0,0.0,1
1997-01-01,840,0,0,0.0,0.0,0.0,0.0,0.0,2
1997-02-01,840,0,1,0.0,0.0,0.0,0.0,0.0,3
1997-03-01,840,0,1,0.0,0.0,0.0,0.0,0.0,4
1997-04-01,840,0,0,0.0,0.0,0.0,0.0,0.0,5
1997-05-01,840,1,0,0.0,0.0,0.0,0.0,0.0,0
1997-06-01,840,1,0,0.0,0.0,1.0,0.0,0.0,0
1997-07-01,840,0,1,0.0,0.0,1.0,0.0,0.0,1
1997-08-01,840,1,0,0.0,0.0,0.0,0.0,0.0,0
1997-09-01,840,1,0,0.0,0.0,1.0,0.0,0.0,0
1997-10-01,840,1,0,0.0,0.0,1.0,0.0,0.0,0
1997-11-01,840,1,0,0.0,0.0,1.0,0.0,0.0,0
1997-12-01,840,0,1,0.0,0.0,1.0,0.0,0.0,1
1998-01-01,840,0,0,0.0,0.0,0.0,0.0,0.0,2
1998-02-01,840,1,0,0.0,0.0,0.0,0.0,0.0,0
1998-03-01,840,0,1,0.0,0.0,1.0,0.0,0.0,1
1998-04-01,840,0,0,0.0,0.0,0.0,0.0,0.0,2
1998-05-01,840,0,0,0.0,0.0,0.0,0.0,0.0,3
1998-06-01,840,0,0,0.0,0.0,0.0,0.0,0.0,4
1998-07-01,840,1,0,0.0,0.0,0.0,0.0,0.0,0
1998-08-01,840,1,0,0.0,0.0,1.0,0.0,0.0,0
1998-09-01,840,1,0,0.0,0.0,1.0,0.0,0.0,0
1998-10-01,840,1,0,0.0,0.0,1.0,0.0,0.0,0
1998-11-01,840,1,0,0.0,0.0,1.0,0.0,0.0,0
1998-12-01,840,0,1,0.0,0.0,1.0,0.0,0.0,1
1999-01-01,840,0,0,0.0,0.0,0.0,0.0,0.0,2
1999-02-01,840,1,0,0.0,0.0,0.0,0.0,0.0,0
1999-03-01,840,0,1,0.0,0.0,1.0,0.0,0.0,1
1999-04-01,840,0,0,0.0,0.0,0.0,0.0,0.0,2
1999-05-01,840,1,0,0.0,0.0,0.0,0.0,0.0,0
1999-06-01,840,1,0,0.0,0.0,1.0,0.0,0.0,0
1999-07-01,840,1,0,0.0,0.0,1.0,0.0,0.0,0
1999-08-01,840,1,0,0.0,0.0,1.0,0.0,0.0,0
1999-09-01,840,1,0,0.0,0.0,1.0,0.0,0.0,0
1999-10-01,840,1,0,0.0,0.0,1.0,0.0,0.0,0
1999-11-01,840,1,0,0.0,0.0,1.0,0.0,0.0,0
1999-12-01,840,0,1,0.0,0.0,1.0,0.0,0.0,1
2000-01-01,840,0,0,0.0,0.0,0.0,0.0,0.0,2
2000-02-01,840,1,0,0.0,0.0,0.0,0.0,0.0,0
2000-03-01,840,1,0,0.0,0.0,1.0,0.0,0.0,0
2000-04-01,840,1,0,0.0,0.0,1.0,0.0,0.0,0
2000-05-01,840,0,1,0.0,0.0,1.0,0.0,0.0,1
2000-06-01,840,1,0,0.0,0.0,0.0,0.0,0.0,0
2000-07-01,840,1,0,0.0,0.0,1.0,0.0,0.0,0
2000-08-01,840,1,0,0.0,0.0,1.0,0.0,0.0,0
2000-09-01,840,1,0,0.0,0.0,1.0,0.0,0.0,0
2000-10-01,840,1,0,0.0,0.0,1.0,0.0,0.0,0
2000-11-01,840,1,0,0.0,0.0,1.0,0.0,0.0,0
2000-12-01,840,0,1,0.0,0.0,1.0,0.0,0.0,1
2001-01-01,840,0,0,0.0,0.0,0.0,0.0,0.0,2
2001-02-01,840,1,0,0.0,0.0,0.0,0.0,0.0,0
2001-03-01,840,0,1,0.0,0.0,1.0,0.0,0.0,1
2001-04-01,840,0,0,0.0,0.0,0.0,0.0,0.0,2
2001-05-01,840,1,0,0.0,0.0,0.0,0.0,0.0,0
2001-06-01,840,0,1,0.0,0.0,1.0,0.0,0.0,1
2001-07-01,840,0,0,0.0,0.0,0.0,0.0,0.0,2
2001-08-01,840,0,0,0.0,0.0,0.0,0.0,0.0,3
2001-09-01,840,1,0,0.0,0.0,0.0,0.0,0.0,0
2001-10-01,840,1,0,0.0,0.0,1.0,0.0,0.0,0
2001-11-01,840,1,0,0.0,0.0,1.0,0.0,0.0,0
2001-12-01,840,0,1,0.0,0.0,1.0,0.0,0.0,1
2002-01-01,840,0,0,0.0,0.0,0.0,0.0,0.0,2
2002-02-01,840,1,0,0.0,0.0,0.0,0.0,0.0,0
2002-03-01,840,0,1,0.0,0.0,1.0,0.0,0.0,1
2002-04-01,840,1,0,0.0,0.0,0.0,0.0,0.0,0
2002-05-01,840,1,0,0.0,0.0,1.0,0.0,0.0,0
2002-06-01,840,1,0,0.0,0.0,1.0,0.0,0.0,0
2002-07-01,840,1,0,0.0,0.0,1.0,0.0,0.0,0
2002-08-01,840,1,0,0.0,0.0,1.0,0.0,0.0,0
2002-09-01,840,1,0,0.0,0.0,1.0,0.0,0.0,0
2002-10-01,840,1,0,0.0,0.0,1.0,0.0,0.0,0
2002-11-01,840,1,0,0.0,0.0,1.0,0.0,0.0,0
2002-12-01,840,0,1,0.0,0.0,1.0,0.0,0.0,1
2003-01-01,840,0,0,0.0,0.0,0.0,0.0,0.0,2
2003-02-01,840,0,1,0.0,0.0,0.0,0.0,0.0,3
2003-03-01,840,1,0,0.0,0.0,0.0,0.0,0.0,0
2003-04-01,840,1,0,0.0,0.0,1.0,0.0,0.0,0
2003-05-01,840,1,1,0.0,0.0,1.0,0.0,0.0,0
2003-06-01,840,0,1,1.0,0.0,1.0,0.0,0.0,1
2003-07-01,840,1,0,0.0,0.0,0.0,1.0,0.0,0
2003-08-01,840,1,0,0.0,0.0,1.0,0.0,0.0,0
2003-09-01,840,1,0,0.0,0.0,1.0,0.0,0.0,0
2003-10-01,840,1,0,0.0,0.0,1.0,0.0,0.0,0
2003-11-01,840,1,0,0.0,0.0,1.0,0.0,0.0,0
2003-12-01,840,0,1,0.0,0.0,1.0,0.0,0.0,1
2004-01-01,840,0,0,0.0,0.0,0.0,0.0,0.0,2
2004-02-01,840,1,0,0.0,0.0,0.0,0.0,0.0,0
2004-03-01,840,1,0,0.0,0.0,1.0,0.0,0.0,0
2004-04-01,840,1,0,0.0,0.0,1.0,0.0,0.0,0
2004-05-01,840,1,0,0.0,0.0,1.0,0.0,0.0,0
2004-06-01,840,1,0,0.0,0.0,1.0,0.0,0.0,0
2004-07-01,840,1,0,0.0,0.0,1.0,0.0,0.0,0
2004-08-01,840,1,0,0.0,0.0,1.0,0.0,0.0,0
2004-09-01,840,1,0,0.0,0.0,1.0,0.0,0.0,0
2004-10-01,840,1,0,0.0,0.0,1.0,0.0,0.0,0
2004-11-01,840,0,1,0.0,0.0,1.0,0.0,0.0,1
2004-12-01,840,0,1,0.0,0.0,0.0,0.0,0.0,2
2005-01-01,840,0,0,0.0,0.0,0.0,0.0,0.0,3
2005-02-01,840,1,0,0.0,0.0,0.0,0.0,0.0,0
2005-03-01,840,1,0,0.0,0.0,1.0,0.0,0.0,0
2005-04-01,840,1,0,0.0,0.0,1.0,0.0,0.0,0
2005-05-01,840,1,0,0.0,0.0,1.0,0.0,0.0,0
2005-06-01,840,1,0,0.0,0.0,1.0,0.0,0.0,0
2005-07-01,840,1,0,0.0,0.0,1.0,0.0,0.0,0
2005-08-01,840,1,0,0.0,0.0,1.0,0.0,0.0,0
2005-09-01,840,1,0,0.0,0.0,1.0,0.0,0.0,0
2005-10-01,840,1,0,0.0,0.0,1.0,0.0,0.0,0
2005-11-01,840,1,0,0.0,0.0,1.0,0.0,0.0,0
2005-12-01,840,0,1,0.0,0.0,1.0,0.0,0.0,1
2006-01-01,840,0,0,0.0,0.0,0.0,0.0,0.0,2
2006-02-01,840,1,0,0.0,0.0,0.0,0.0,0.0,0
2006-03-01,840,1,0,0.0,0.0,1.0,0.0,0.0,0
2006-04-01,840,1,0,0.0,0.0,1.0,0.0,0.0,0
2006-05-01,840,1,0,0.0,0.0,1.0,0.0,0.0,0
2006-06-01,840,1,0,0.0,0.0,1.0,0.0,0.0,0
2006-07-01,840,0,1,0.0,3.0,1.0,0.0,0.0,1
2006-08-01,840,1,0,0.0,0.0,0.0,0.0,3.0,0
2006-09-01,840,1,0,0.0,0.0,1.0,0.0,0.0,0
2006-10-01,840,1,0,0.0,0.0,1.0,0.0,0.0,0
2006-11-01,840,1,0,0.0,0.0,1.0,0.0,0.0,0
2006-12-01,840,0,1,0.0,0.0,1.0,0.0,0.0,1
2007-01-01,840,0,0,0.0,0.0,0.0,0.0,0.0,2
2007-02-01,840,1,0,0.0,0.0,0.0,0.0,0.0,0
2007-03-01,840,1,0,0.0,0.0,1.0,0.0,0.0,0
2007-04-01,840,1,0,0.0,0.0,1.0,0.0,0.0,0
2007-05-01,840,1,0,0.0,0.0,1.0,0.0,0.0,0
2007-06-01,840,1,0,0.0,0.0,1.0,0.0,0.0,0
2007-07-01,840,1,0,0.0,0.0,1.0,0.0,0.0,0
2007-08-01,840,1,0,0.0,0.0,1.0,0.0,0.0,0
2007-09-01,840,1,0,0.0,0.0,1.0,0.0,0.0,0
2007-10-01,840,1,0,0.0,0.0,1.0,0.0,0.0,0
2007-11-01,840,1,0,0.0,0.0,1.0,0.0,0.0,0
2007-12-01,840,0,1,0.0,0.0,1.0,0.0,0.0,1
2008-01-01,840,0,0,0.0,0.0,0.0,0.0,0.0,2
2008-02-01,840,1,0,0.0,0.0,0.0,0.0,0.0,0
2008-03-01,840,0,1,0.0,0.0,1.0,0.0,0.0,1
2008-04-01,840,1,0,0.0,0.0,0.0,0.0,0.0,0
2008-05-01,840,1,0,0.0,0.0,1.0,0.0,0.0,0
2008-06-01,840,1,0,0.0,0.0,1.0,0.0,0.0,0
2008-07-01,840,1,0,0.0,0.0,1.0,0.0,0.0,0
2008-08-01,840,1,0,0.0,0.0,1.0,0.0,0.0,0
2008-09-01,840,1,0,0.0,0.0,1.0,0.0,0.0,0
2008-10-01,840,1,0,0.0,0.0,1.0,0.0,0.0,0
2008-11-01,840,1,0,0.0,0.0,1.0,0.0,0.0,0
2008-12-01,840,0,1,0.0,0.0,1.0,0.0,0.0,1
2009-01-01,840,0,0,0.0,0.0,0.0,0.0,0.0,2
2009-02-01,840,1,0,0.0,0.0,0.0,0.0,0.0,0
2009-03-01,840,1,0,0.0,0.0,1.0,0.0,0.0,0
2009-04-01,840,1,0,0.0,0.0,1.0,0.0,0.0,0
2009-05-01,840,1,0,0.0,0.0,1.0,0.0,0.0,0
2009-06-01,840,1,0,0.0,0.0,1.0,0.0,0.0,0
2009-07-01,840,1,0,0.0,0.0,1.0,0.0,0.0,0
2009-08-01,840,0,1,0.0,0.0,1.0,0.0,0.0,1
2009-09-01,840,1,0,0.0,0.0,0.0,0.0,0.0,0
2009-10-01,840,0,1,0.0,0.0,1.0,0.0,0.0,1
2009-11-01,840,1,0,0.0,0.0,0.0,0.0,0.0,0
2009-12-01,840,0,1,0.0,0.0,1.0,0.0,0.0,1
2010-01-01,840,0,0,0.0,0.0,0.0,0.0,0.0,2
2010-02-01,840,1,0,0.0,0.0,0.0,0.0,0.0,0
2010-03-01,840,1,0,0.0,0.0,1.0,0.0,0.0,0
2010-04-01,840,1,0,0.0,0.0,1.0,0.0,0.0,0
2010-05-01,840,1,0,0.0,0.0,1.0,0.0,0.0,0
2010-06-01,840,1,0,0.0,0.0,1.0,0.0,0.0,0
2010-07-01,840,1,0,0.0,0.0,1.0,0.0,0.0,0
2010-08-01,840,1,0,0.0,0.0,1.0,0.0,0.0,0
2010-09-01,840,1,0,0.0,0.0,1.0,0.0,0.0,0
2010-10-01,840,1,0,0.0,0.0,1.0,0.0,0.0,0
2010-11-01,840,1,0,0.0,0.0,1.0,0.0,0.0,0
2010-12-01,840,0,1,0.0,0.0,1.0,0.0,0.0,1
2011-01-01,840,0,0,0.0,0.0,0.0,0.0,0.0,2
2011-02-01,840,0,1,0.0,0.0,0.0,0.0,0.0,3
2011-03-01,840,1,0,0.0,0.0,0.0,0.0,0.0,0
2011-04-01,840,1,0,0.0,0.0,1.0,0.0,0.0,0
2011-05-01,840,1,0,0.0,0.0,1.0,0.0,0.0,0
2011-06-01,840,1,0,0.0,0.0,1.0,0.0,0.0,0
2011-07-01,840,1,0,0.0,0.0,1.0,0.0,0.0,0
2011-08-01,840,1,0,0.0,0.0,1.0,0.0,0.0,0
2011-09-01,840,0,1,0.0,0.0,1.0,0.0,0.0,1
2011-10-01,840,1,0,0.0,0.0,0.0,0.0,0.0,0
2011-11-01,840,1,0,0.0,0.0,1.0,0.0,0.0,0
2011-12-01,840,0,1,0.0,0.0,1.0,0.0,0.0,1
2012-01-01,840,0,0,0.0,0.0,0.0,0.0,0.0,2
2012-02-01,840,1,0,0.0,0.0,0.0,0.0,0.0,0
2012-03-01,840,1,0,0.0,0.0,1.0,0.0,0.0,0
2012-04-01,840,1,0,0.0,0.0,1.0,0.0,0.0,0
2012-05-01,840,1,0,0.0,0.0,1.0,0.0,0.0,0
2012-06-01,840,1,0,0.0,0.0,1.0,0.0,0.0,0
2012-07-01,840,1,0,0.0,0.0,1.0,0.0,0.0,0
2012-08-01,840,1,0,0.0,0.0,1.0,0.0,0.0,0
2012-09-01,840,1,0,0.0,0.0,1.0,0.0,0.0,0
2012-10-01,840,1,0,0.0,0.0,1.0,0.0,0.0,0
2012-11-01,840,1,0,0.0,0.0,1.0,0.0,0.0,0
2012-12-01,840,0,1,1.0,0.0,1.0,0.0,0.0,1
2013-01-01,840,0,1,0.0,0.0,0.0,1.0,0.0,2
2013-02-01,840,0,1,0.0,0.0,0.0,0.0,0.0,3
2013-03-01,840,1,0,0.0,0.0,0.0,0.0,0.0,0
2013-04-01,840,1,0,0.0,0.0,1.0,0.0,0.0,0
2013-05-01,840,1,0,0.0,0.0,1.0,0.0,0.0,0
2013-06-01,840,1,0,0.0,0.0,1.0,0.0,0.0,0
2013-07-01,840,1,0,0.0,0.0,1.0,0.0,0.0,0
2013-08-01,840,1,0,0.0,0.0,1.0,0.0,0.0,0
2013-09-01,840,0,1,0.0,0.0,1.0,0.0,0.0,1
2013-10-01,840,1,0,0.0,0.0,0.0,0.0,0.0,0
2013-11-01,840,0,1,0.0,0.0,1.0,0.0,0.0,1
2013-12-01,840,0,1,0.0,0.0,0.0,0.0,0.0,2
2014-01-01,840,0,0,0.0,0.0,0.0,0.0,0.0,3
2014-02-01,840,1,0,0.0,0.0,0.0,0.0,0.0,0
2014-03-01,840,1,0,0.0,0.0,1.0,0.0,0.0,0
2014-04-01,840,1,0,0.0,0.0,1.0,0.0,0.0,0
2014-05-01,840,1,0,0.0,0.0,1.0,0.0,0.0,0
2014-06-01,840,1,0,0.0,0.0,1.0,0.0,0.0,0
2014-07-01,840,0,1,0.0,0.0,1.0,0.0,0.0,1
2014-08-01,840,1,0,0.0,0.0,0.0,0.0,0.0,0
2014-09-01,840,1,0,0.0,0.0,1.0,0.0,0.0,0
2014-10-01,840,1,0,0.0,0.0,1.0,0.0,0.0,0
2014-11-01,840,1,0,0.0,0.0,1.0,0.0,0.0,0
2014-12-01,840,0,1,0.0,0.0,1.0,0.0,0.0,1
2015-01-01,840,0,1,0.0,0.0,0.0,0.0,0.0,2
2015-02-01,840,0,1,1.0,0.0,0.0,0.0,0.0,3
2015-03-01,840,0,0,1.0,0.0,0.0,1.0,0.0,4
2015-04-01,840,1,0,0.0,0.0,0.0,1.0,0.0,0
2015-05-01,840,1,0,0.0,0.0,1.0,0.0,0.0,0
2015-06-01,840,1,0,0.0,0.0,1.0,0.0,0.0,0
2015-07-01,840,1,0,0.0,0.0,1.0,0.0,0.0,0
2015-08-01,840,1,0,0.0,0.0,1.0,0.0,0.0,0
2015-09-01,840,1,0,0.0,0.0,1.0,0.0,0.0,0
2015-10-01,840,1,0,0.0,0.0,1.0,0.0,0.0,0
2015-11-01,840,1,0,0.0,0.0,1.0,0.0,0.0,0
2015-12-01,840,0,1,0.0,0.0,1.0,0.0,0.0,1
2016-01-01,840,0,0,0.0,0.0,0.0,0.0,0.0,2
2016-02-01,840,1,0,0.0,0.0,0.0,0.0,0.0,0
2016-03-01,840,1,0,0.0,0.0,1.0,0.0,0.0,0
2016-04-01,840,1,0,0.0,0.0,1.0,0.0,0.0,0
2016-05-01,840,1,0,0.0,0.0,1.0,0.0,0.0,0
2016-06-01,840,1,0,0.0,0.0,1.0,0.0,0.0,0
2016-07-01,840,0,1,0.0,0.0,1.0,0.0,0.0,1
2016-08-01,840,0,1,0.0,0.0,0.0,0.0,0.0,2
2016-09-01,840,0,0,0.0,0.0,0.0,0.0,0.0,3
2016-10-01,840,0,0,0.0,0.0,0.0,0.0,0.0,4
2016-11-01,840,0,0,0.0,0.0,0.0,0.0,0.0,5
2016-12-01,840,0,1,0.0,0.0,0.0,0.0,0.0,6
2017-01-01,840,0,0,0.0,0.0,0.0,0.0,0.0,7
2017-02-01,840,0,1,0.0,0.0,0.0,0.0,0.0,8
2017-03-01,840,1,0,0.0,0.0,0.0,0.0,0.0,0
2017-04-01,840,1,0,0.0,0.0,1.0,0.0,0.0,0
2017-05-01,840,1,0,0.0,0.0,1.0,0.0,0.0,0
2017-06-01,840,0,1,0.0,0.0,1.0,0.0,0.0,1
2017-07-01,840,1,0,0.0,0.0,0.0,0.0,0.0,0
2017-08-01,840,1,0,0.0,0.0,1.0,0.0,0.0,0
2017-09-01,840,1,0,0.0,0.0,1.0,0.0,0.0,0
2017-10-01,840,1,0,0.0,0.0,1.0,0.0,0.0,0
2017-11-01,840,1,0,0.0,0.0,1.0,0.0,0.0,0
2017-12-01,840,0,1,0.0,0.0,1.0,0.0,0.0,1
2018-01-01,840,0,0,0.0,0.0,0.0,0.0,0.0,2
2018-02-01,840,1,0,0.0,0.0,0.0,0.0,0.0,0
2018-03-01,840,1,0,0.0,0.0,1.0,0.0,0.0,0
2018-04-01,840,1,0,0.0,0.0,1.0,0.0,0.0,0
2018-05-01,840,1,0,0.0,0.0,1.0,0.0,0.0,0
2018-06-01,840,1,0,0.0,0.0,1.0,0.0,0.0,0
2018-07-01,840,1,0,0.0,0.0,1.0,0.0,0.0,0
2018-08-01,840,1,0,0.0,0.0,1.0,0.0,0.0,0
2018-09-01,840,1,0,0.0,0.0,1.0,0.0,0.0,0
2018-10-01,840,1,0,0.0,0.0,1.0,0.0,0.0,0
2018-11-01,840,1,0,0.0,0.0,1.0,0.0,0.0,0
2018-12-01,840,0,1,0.0,0.0,1.0,0.0,0.0,1
2019-01-01,840,0,0,0.0,0.0,0.0,0.0,0.0,2
2019-02-01,840,1,0,0.0,0.0,0.0,0.0,0.0,0
2019-03-01,840,1,0,0.0,0.0,1.0,0.0,0.0,0
2019-04-01,840,1,0,0.0,0.0,1.0,0.0,0.0,0
2019-05-01,840,1,0,0.0,0.0,1.0,0.0,0.0,0
2019-06-01,840,1,0,0.0,0.0,1.0,0.0,0.0,0
2019-07-01,840,1,0,0.0,0.0,1.0,0.0,0.0,0
2019-08-01,840,1,0,0.0,0.0,1.0,0.0,0.0,0
2019-09-01,840,1,0,0.0,0.0,1.0,0.0,0.0,0
2019-10-01,840,1,0,0.0,0.0,1.0,0.0,0.0,0
2019-11-01,840,1,0,0.0,0.0,1.0,0.0,0.0,0
2019-12-01,840,0,1,0.0,0.0,1.0,0.0,0.0,1
2020-01-01,840,0,0,0.0,0.0,0.0,0.0,0.0,2
2020-02-01,840,1,0,0.0,0.0,0.0,0.0,0.0,0
2020-03-01,840,0,1,0.0,0.0,1.0,0.0,0.0,1
2020-04-01,840,0,1,0.0,0.0,0.0,0.0,0.0,2
1998-09-01,850,0,1,0.0,0.0,,,,1
1998-10-01,850,0,0,0.0,0.0,0.0,0.0,0.0,2
1998-11-01,850,1,0,0.0,0.0,0.0,0.0,0.0,0
1998-12-01,850,1,0,0.0,0.0,1.0,0.0,0.0,0
1999-01-01,850,1,0,0.0,0.0,1.0,0.0,0.0,0
1999-02-01,850,1,0,0.0,0.0,1.0,0.0,0.0,0
1999-03-01,850,1,0,0.0,0.0,1.0,0.0,0.0,0
1999-04-01,850,1,0,0.0,0.0,1.0,0.0,0.0,0
1999-05-01,850,1,0,0.0,0.0,1.0,0.0,0.0,0
1999-06-01,850,1,0,0.0,0.0,1.0,0.0,0.0,0
1999-07-01,850,1,0,0.0,0.0,1.0,0.0,0.0,0
1999-08-01,850,1,0,0.0,0.0,1.0,0.0,0.0,0
1999-09-01,850,1,0,0.0,0.0,1.0,0.0,0.0,0
1999-10-01,850,1,0,0.0,0.0,1.0,0.0,0.0,0
1999-11-01,850,1,0,0.0,0.0,1.0,0.0,0.0,0
1999-12-01,850,1,0,0.0,0.0,1.0,0.0,0.0,0
2000-01-01,850,1,0,0.0,0.0,1.0,0.0,0.0,0
2000-02-01,850,1,0,0.0,0.0,1.0,0.0,0.0,0
2000-03-01,850,1,0,0.0,0.0,1.0,0.0,0.0,0
2000-04-01,850,1,0,0.0,0.0,1.0,0.0,0.0,0
2000-05-01,850,1,1,0.0,0.0,1.0,0.0,0.0,0
2000-06-01,850,0,0,1.0,0.0,1.0,0.0,0.0,1
2000-07-01,850,0,0,1.0,0.0,0.0,1.0,0.0,2
2000-08-01,850,0,0,1.0,0.0,0.0,1.0,0.0,3
2000-09-01,850,0,1,1.0,0.0,0.0,1.0,0.0,4
2000-10-01,850,0,0,1.0,0.0,0.0,1.0,0.0,5
2000-11-01,850,0,0,1.0,0.0,0.0,1.0,0.0,6
2000-12-01,850,0,0,1.0,0.0,0.0,1.0,0.0,7
2001-01-01,850,0,1,1.0,0.0,0.0,1.0,0.0,8
2001-02-01,850,0,0,1.0,0.0,0.0,1.0,0.0,9
2001-03-01,850,1,0,0.0,0.0,0.0,1.0,0.0,0
2001-04-01,850,1,0,0.0,0.0,1.0,0.0,0.0,0
2001-05-01,850,1,0,0.0,0.0,1.0,0.0,0.0,0
2001-06-01,850,1,0,0.0,0.0,1.0,0.0,0.0,0
2001-07-01,850,1,0,0.0,0.0,1.0,0.0,0.0,0
2001-08-01,850,1,0,0.0,0.0,1.0,0.0,0.0,0
2001-09-01,850,1,0,0.0,0.0,1.0,0.0,0.0,0
2001-10-01,850,1,0,0.0,0.0,1.0,0.0,0.0,0
2001-11-01,850,1,0,0.0,0.0,1.0,0.0,0.0,0
2001-12-01,850,1,0,0.0,0.0,1.0,0.0,0.0,0
2002-01-01,850,1,0,0.0,0.0,1.0,0.0,0.0,0
2002-02-01,850,1,0,0.0,0.0,1.0,0.0,0.0,0
2002-03-01,850,1,0,0.0,0.0,1.0,0.0,0.0,0
2002-04-01,850,1,0,0.0,0.0,1.0,0.0,0.0,0
2002-05-01,850,1,0,0.0,0.0,1.0,0.0,0.0,0
2002-06-01,850,1,0,0.0,0.0,1.0,0.0,0.0,0
2002-07-01,850,1,0,0.0,0.0,1.0,0.0,0.0,0
2002-08-01,850,1,0,0.0,0.0,1.0,0.0,0.0,0
2002-09-01,850,1,0,0.0,0.0,1.0,0.0,0.0,0
2002-10-01,850,1,0,0.0,0.0,1.0,0.0,0.0,0
2002-11-01,850,1,0,0.0,0.0,1.0,0.0,0.0,0
2002-12-01,850,0,1,1.0,1.0,1.0,0.0,0.0,1
2003-01-01,850,0,0,1.0,1.0,0.0,1.0,1.0,2
2003-02-01,850,0,0,1.0,1.0,0.0,1.0,1.0,3
2003-03-01,850,0,0,1.0,1.0,0.0,1.0,1.0,4
2003-04-01,850,0,0,1.0,1.0,0.0,1.0,1.0,5
2003-05-01,850,0,0,1.0,1.0,0.0,1.0,1.0,6
2003-06-01,850,1,0,0.0,0.0,0.0,1.0,1.0,0
2003-07-01,850,1,0,0.0,0.0,1.0,0.0,0.0,0
2003-08-01,850,1,0,0.0,0.0,1.0,0.0,0.0,0
2003-09-01,850,1,0,0.0,0.0,1.0,0.0,0.0,0
2003-10-01,850,1,0,0.0,0.0,1.0,0.0,0.0,0
2003-11-01,850,1,0,0.0,0.0,1.0,0.0,0.0,0
2003-12-01,850,1,0,0.0,0.0,1.0,0.0,0.0,0
2004-01-01,850,1,0,0.0,0.0,1.0,0.0,0.0,0
2004-02-01,850,1,0,0.0,0.0,1.0,0.0,0.0,0
2004-03-01,850,1,0,0.0,0.0,1.0,0.0,0.0,0
2004-04-01,850,1,0,0.0,0.0,1.0,0.0,0.0,0
2004-05-01,850,0,1,1.0,0.0,1.0,0.0,0.0,1
2004-06-01,850,1,0,0.0,0.0,0.0,1.0,0.0,0
2004-07-01,850,1,0,0.0,0.0,1.0,0.0,0.0,0
2004-08-01,850,1,0,0.0,0.0,1.0,0.0,0.0,0
2004-09-01,850,1,0,0.0,0.0,1.0,0.0,0.0,0
2004-10-01,850,1,0,0.0,0.0,1.0,0.0,0.0,0
2004-11-01,850,1,0,0.0,0.0,1.0,0.0,0.0,0
2004-12-01,850,0,1,0.0,0.0,1.0,0.0,0.0,1
1989-05-01,910,0,1,0.0,0.0,,,,1
1989-06-01,910,0,0,0.0,0.0,0.0,0.0,0.0,2
1989-07-01,910,1,0,0.0,0.0,0.0,0.0,0.0,0
1989-08-01,910,1,0,0.0,0.0,1.0,0.0,0.0,0
1989-09-01,910,1,0,0.0,0.0,1.0,0.0,0.0,0
1989-10-01,910,1,0,0.0,0.0,1.0,0.0,0.0,0
1989-11-01,910,1,0,0.0,0.0,1.0,0.0,0.0,0
1989-12-01,910,1,0,0.0,0.0,1.0,0.0,0.0,0
1990-01-01,910,1,0,0.0,0.0,1.0,0.0,0.0,0
1990-02-01,910,1,0,0.0,0.0,1.0,0.0,0.0,0
1990-03-01,910,1,0,0.0,0.0,1.0,0.0,0.0,0
1990-04-01,910,1,0,0.0,0.0,1.0,0.0,0.0,0
1990-05-01,910,1,0,0.0,0.0,1.0,0.0,0.0,0
1990-06-01,910,1,0,0.0,0.0,1.0,0.0,0.0,0
1990-07-01,910,1,0,0.0,0.0,1.0,0.0,0.0,0
1990-08-01,910,1,0,0.0,0.0,1.0,0.0,0.0,0
1990-09-01,910,1,0,0.0,0.0,1.0,0.0,0.0,0
1990-10-01,910,1,0,0.0,0.0,1.0,0.0,0.0,0
1990-11-01,910,1,0,0.0,0.0,1.0,0.0,0.0,0
1990-12-01,910,1,0,0.0,0.0,1.0,0.0,0.0,0
1991-01-01,910,1,0,0.0,0.0,1.0,0.0,0.0,0
1991-02-01,910,1,0,0.0,0.0,1.0,0.0,0.0,0
1991-03-01,910,1,0,0.0,0.0,1.0,0.0,0.0,0
1991-04-01,910,1,0,0.0,0.0,1.0,0.0,0.0,0
1991-05-01,910,1,0,0.0,0.0,1.0,0.0,0.0,0
1991-06-01,910,1,0,0.0,0.0,1.0,0.0,0.0,0
1991-07-01,910,1,0,0.0,0.0,1.0,0.0,0.0,0
1991-08-01,910,1,0,0.0,0.0,1.0,0.0,0.0,0
1991-09-01,910,1,0,0.0,0.0,1.0,0.0,0.0,0
1991-10-01,910,1,0,0.0,0.0,1.0,0.0,0.0,0
1991-11-01,910,1,0,0.0,0.0,1.0,0.0,0.0,0
1991-12-01,910,1,0,0.0,0.0,1.0,0.0,0.0,0
1992-01-01,910,1,0,0.0,0.0,1.0,0.0,0.0,0
1992-02-01,910,1,0,0.0,0.0,1.0,0.0,0.0,0
1992-03-01,910,1,0,0.0,0.0,1.0,0.0,0.0,0
1992-04-01,910,1,0,0.0,0.0,1.0,0.0,0.0,0
1992-05-01,910,1,0,0.0,0.0,1.0,0.0,0.0,0
1992-06-01,910,1,0,0.0,0.0,1.0,0.0,0.0,0
1992-07-01,910,1,0,0.0,0.0,1.0,0.0,0.0,0
1992-08-01,910,1,0,0.0,0.0,1.0,0.0,0.0,0
1992-09-01,910,1,0,0.0,0.0,1.0,0.0,0.0,0
1992-10-01,910,1,0,0.0,0.0,1.0,0.0,0.0,0
1992-11-01,910,1,0,0.0,0.0,1.0,0.0,0.0,0
1992-12-01,910,1,0,0.0,0.0,1.0,0.0,0.0,0
1993-01-01,910,1,0,0.0,0.0,1.0,0.0,0.0,0
1993-02-01,910,1,0,0.0,0.0,1.0,0.0,0.0,0
1993-03-01,910,1,0,0.0,0.0,1.0,0.0,0.0,0
1993-04-01,910,1,0,0.0,0.0,1.0,0.0,0.0,0
1993-05-01,910,1,0,0.0,0.0,1.0,0.0,0.0,0
1993-06-01,910,1,0,0.0,0.0,1.0,0.0,0.0,0
1993-07-01,910,1,0,0.0,0.0,1.0,0.0,0.0,0
1993-08-01,910,1,0,0.0,0.0,1.0,0.0,0.0,0
1993-09-01,910,1,0,0.0,0.0,1.0,0.0,0.0,0
1993-10-01,910,1,0,0.0,0.0,1.0,0.0,0.0,0
1993-11-01,910,1,0,0.0,0.0,1.0,0.0,0.0,0
1993-12-01,910,1,0,0.0,0.0,1.0,0.0,0.0,0
1994-01-01,910,1,0,0.0,0.0,1.0,0.0,0.0,0
1994-02-01,910,1,0,0.0,0.0,1.0,0.0,0.0,0
1994-03-01,910,1,0,0.0,0.0,1.0,0.0,0.0,0
1994-04-01,910,1,0,0.0,0.0,1.0,0.0,0.0,0
1994-05-01,910,1,0,0.0,0.0,1.0,0.0,0.0,0
1994-06-01,910,1,0,0.0,0.0,1.0,0.0,0.0,0
1994-07-01,910,1,0,0.0,0.0,1.0,0.0,0.0,0
1994-08-01,910,1,0,0.0,0.0,1.0,0.0,0.0,0
1994-09-01,910,0,1,0.0,1.0,1.0,0.0,0.0,1
1994-10-01,910,0,0,0.0,1.0,0.0,0.0,1.0,2
1994-11-01,910,0,0,0.0,1.0,0.0,0.0,1.0,3
1994-12-01,910,0,0,0.0,1.0,0.0,0.0,1.0,4
1995-01-01,910,0,0,0.0,1.0,0.0,0.0,1.0,5
1995-02-01,910,0,0,0.0,1.0,0.0,0.0,1.0,6
1995-03-01,910,0,0,0.0,1.0,0.0,0.0,1.0,7
1995-04-01,910,0,0,0.0,1.0,0.0,0.0,1.0,8
1995-05-01,910,0,0,0.0,1.0,0.0,0.0,1.0,9
1995-06-01,910,0,0,0.0,1.0,0.0,0.0,1.0,10
1995-07-01,910,0,0,0.0,1.0,0.0,0.0,1.0,11
1995-08-01,910,0,0,0.0,1.0,0.0,0.0,1.0,12
1995-09-01,910,0,0,0.0,1.0,0.0,0.0,1.0,13
1995-10-01,910,0,0,0.0,1.0,0.0,0.0,1.0,14
1995-11-01,910,0,0,0.0,1.0,0.0,0.0,1.0,15
1995-12-01,910,0,0,0.0,1.0,0.0,0.0,1.0,16
1996-01-01,910,0,0,0.0,1.0,0.0,0.0,1.0,17
1996-02-01,910,0,0,0.0,1.0,0.0,0.0,1.0,18
1996-03-01,910,0,0,0.0,1.0,0.0,0.0,1.0,19
